period_id,period_label,window_index,window_id,window_start,window_end,window_mid,n_window,p,method,K,alpha,reject,p_value,statistic,critical_value,B,seed,step_size,run_signature,status,error,elapsed_seconds
gfc_2005_2010,The global financial crisis period,1,gfc_2005_2010_w0001,2005-01-03,2005-12-30,2005-07-01,252,349,Chang2017,1,0.05,FALSE,0.727,15.9376274827927,38.9508900217661,1000,20291017,5,rolling_v1|Chang2017|252|5|0.05|1|1000|1|TRUE|QS|20260821,ok,,16.2749999999942
gfc_2005_2010,The global financial crisis period,2,gfc_2005_2010_w0002,2005-01-10,2006-01-09,2005-07-11,252,349,Chang2017,1,0.05,FALSE,0.661,15.937626071311,37.6684360786433,1000,20291047,5,rolling_v1|Chang2017|252|5|0.05|1|1000|1|TRUE|QS|20260821,ok,,16.208999999988
gfc_2005_2010,The global financial crisis period,3,gfc_2005_2010_w0003,2005-01-18,2006-01-17,2005-07-18,252,349,Chang2017,1,0.05,FALSE,0.74,15.9376279206536,39.5208300126354,1000,20291077,5,rolling_v1|Chang2017|252|5|0.05|1|1000|1|TRUE|QS|20260821,ok,,16.3359999999957
gfc_2005_2010,The global financial crisis period,4,gfc_2005_2010_w0004,2005-01-25,2006-01-24,2005-07-25,252,349,Chang2017,1,0.05,FALSE,0.706,15.9376285151475,38.5251060297645,1000,20291107,5,rolling_v1|Chang2017|252|5|0.05|1|1000|1|TRUE|QS|20260821,ok,,16.5389999999898
gfc_2005_2010,The global financial crisis period,5,gfc_2005_2010_w0005,2005-02-01,2006-01-31,2005-08-01,252,349,Chang2017,1,0.05,FALSE,0.73,15.9376260713109,39.3009182797193,1000,20291137,5,rolling_v1|Chang2017|252|5|0.05|1|1000|1|TRUE|QS|20260821,ok,,16.333999999988
gfc_2005_2010,The global financial crisis period,6,gfc_2005_2010_w0006,2005-02-08,2006-02-07,2005-08-08,252,349,Chang2017,1,0.05,FALSE,0.643,15.9376260713109,39.1850339040449,1000,20291167,5,rolling_v1|Chang2017|252|5|0.05|1|1000|1|TRUE|QS|20260821,ok,,16.0639999999985
gfc_2005_2010,The global financial crisis period,7,gfc_2005_2010_w0007,2005-02-15,2006-02-14,2005-08-15,252,349,Chang2017,1,0.05,FALSE,0.724,15.9376285258222,39.5795861961892,1000,20291197,5,rolling_v1|Chang2017|252|5|0.05|1|1000|1|TRUE|QS|20260821,ok,,16.1729999999952
gfc_2005_2010,The global financial crisis period,8,gfc_2005_2010_w0008,2005-02-23,2006-02-22,2005-08-22,252,349,Chang2017,1,0.05,FALSE,0.753,15.9376260713109,38.3606117264334,1000,20291227,5,rolling_v1|Chang2017|252|5|0.05|1|1000|1|TRUE|QS|20260821,ok,,16.9210000000021
gfc_2005_2010,The global financial crisis period,9,gfc_2005_2010_w0009,2005-03-02,2006-03-01,2005-08-29,252,349,Chang2017,1,0.05,FALSE,0.598,15.9376291324613,38.4606708443876,1000,20291257,5,rolling_v1|Chang2017|252|5|0.05|1|1000|1|TRUE|QS|20260821,ok,,16.1030000000028
gfc_2005_2010,The global financial crisis period,10,gfc_2005_2010_w0010,2005-03-09,2006-03-08,2005-09-06,252,349,Chang2017,1,0.05,FALSE,0.73,15.9376275180213,39.4185270184444,1000,20291016,5,rolling_v1|Chang2017|252|5|0.05|1|1000|1|TRUE|QS|20260821,ok,,22.4600000000064
gfc_2005_2010,The global financial crisis period,11,gfc_2005_2010_w0011,2005-03-16,2006-03-15,2005-09-13,252,349,Chang2017,1,0.05,FALSE,0.732,15.9376260713109,38.8832106266769,1000,20291046,5,rolling_v1|Chang2017|252|5|0.05|1|1000|1|TRUE|QS|20260821,ok,,16.9279999999999
gfc_2005_2010,The global financial crisis period,12,gfc_2005_2010_w0012,2005-03-23,2006-03-22,2005-09-20,252,349,Chang2017,1,0.05,FALSE,0.728,15.9376260713109,38.2042804339019,1000,20291076,5,rolling_v1|Chang2017|252|5|0.05|1|1000|1|TRUE|QS|20260821,ok,,16.2329999999929
gfc_2005_2010,The global financial crisis period,13,gfc_2005_2010_w0013,2005-03-31,2006-03-29,2005-09-27,252,349,Chang2017,1,0.05,FALSE,0.715,15.9376268106262,38.5012468086006,1000,20291106,5,rolling_v1|Chang2017|252|5|0.05|1|1000|1|TRUE|QS|20260821,ok,,17.0420000000013
gfc_2005_2010,The global financial crisis period,14,gfc_2005_2010_w0014,2005-04-07,2006-04-05,2005-10-04,252,349,Chang2017,1,0.05,FALSE,0.717,15.9376260713109,39.0686666769795,1000,20291136,5,rolling_v1|Chang2017|252|5|0.05|1|1000|1|TRUE|QS|20260821,ok,,20.2629999999917
gfc_2005_2010,The global financial crisis period,15,gfc_2005_2010_w0015,2005-04-14,2006-04-12,2005-10-11,252,349,Chang2017,1,0.05,FALSE,0.74,15.9376261876454,40.5014259740304,1000,20291166,5,rolling_v1|Chang2017|252|5|0.05|1|1000|1|TRUE|QS|20260821,ok,,17.4959999999992
gfc_2005_2010,The global financial crisis period,16,gfc_2005_2010_w0016,2005-04-21,2006-04-20,2005-10-18,252,349,Chang2017,1,0.05,FALSE,0.661,15.9376279138892,39.1579037086775,1000,20291196,5,rolling_v1|Chang2017|252|5|0.05|1|1000|1|TRUE|QS|20260821,ok,,21.9120000000112
gfc_2005_2010,The global financial crisis period,17,gfc_2005_2010_w0017,2005-04-28,2006-04-27,2005-10-25,252,349,Chang2017,1,0.05,FALSE,0.723,15.9376270629528,38.710244216316,1000,20291226,5,rolling_v1|Chang2017|252|5|0.05|1|1000|1|TRUE|QS|20260821,ok,,17.7079999999987
gfc_2005_2010,The global financial crisis period,18,gfc_2005_2010_w0018,2005-05-05,2006-05-04,2005-11-01,252,349,Chang2017,1,0.05,FALSE,0.749,15.9376282911646,37.9390410343613,1000,20291256,5,rolling_v1|Chang2017|252|5|0.05|1|1000|1|TRUE|QS|20260821,ok,,17.8890000000101
gfc_2005_2010,The global financial crisis period,19,gfc_2005_2010_w0019,2005-05-12,2006-05-11,2005-11-08,252,349,Chang2017,1,0.05,FALSE,0.725,15.9376260713109,38.4246658456244,1000,20291286,5,rolling_v1|Chang2017|252|5|0.05|1|1000|1|TRUE|QS|20260821,ok,,17.5179999999964
gfc_2005_2010,The global financial crisis period,20,gfc_2005_2010_w0020,2005-05-19,2006-05-18,2005-11-15,252,349,Chang2017,1,0.05,FALSE,0.712,15.9376280097042,39.0192758467863,1000,20291045,5,rolling_v1|Chang2017|252|5|0.05|1|1000|1|TRUE|QS|20260821,ok,,18.1989999999932
gfc_2005_2010,The global financial crisis period,21,gfc_2005_2010_w0021,2005-05-26,2006-05-25,2005-11-22,252,349,Chang2017,1,0.05,FALSE,0.736,15.937627911554,38.4098519734331,1000,20291075,5,rolling_v1|Chang2017|252|5|0.05|1|1000|1|TRUE|QS|20260821,ok,,17.8009999999922
gfc_2005_2010,The global financial crisis period,22,gfc_2005_2010_w0022,2005-06-03,2006-06-02,2005-11-30,252,349,Chang2017,1,0.05,FALSE,0.717,15.9376292455758,37.9940356471637,1000,20291105,5,rolling_v1|Chang2017|252|5|0.05|1|1000|1|TRUE|QS|20260821,ok,,18.8190000000031
gfc_2005_2010,The global financial crisis period,23,gfc_2005_2010_w0023,2005-06-10,2006-06-09,2005-12-07,252,349,Chang2017,1,0.05,FALSE,0.708,15.9376285950918,37.5540725792089,1000,20291135,5,rolling_v1|Chang2017|252|5|0.05|1|1000|1|TRUE|QS|20260821,ok,,16.4119999999966
gfc_2005_2010,The global financial crisis period,24,gfc_2005_2010_w0024,2005-06-17,2006-06-16,2005-12-14,252,349,Chang2017,1,0.05,FALSE,0.716,15.9376270140687,40.1924143753369,1000,20291165,5,rolling_v1|Chang2017|252|5|0.05|1|1000|1|TRUE|QS|20260821,ok,,17.2329999999929
gfc_2005_2010,The global financial crisis period,25,gfc_2005_2010_w0025,2005-06-24,2006-06-23,2005-12-21,252,349,Chang2017,1,0.05,FALSE,0.761,15.9376260713109,37.9185351160061,1000,20291195,5,rolling_v1|Chang2017|252|5|0.05|1|1000|1|TRUE|QS|20260821,ok,,22.6710000000021
gfc_2005_2010,The global financial crisis period,26,gfc_2005_2010_w0026,2005-07-01,2006-06-30,2005-12-29,252,349,Chang2017,1,0.05,FALSE,0.731,15.9376260713109,40.692666656223,1000,20291225,5,rolling_v1|Chang2017|252|5|0.05|1|1000|1|TRUE|QS|20260821,ok,,21.4279999999999
gfc_2005_2010,The global financial crisis period,27,gfc_2005_2010_w0027,2005-07-11,2006-07-10,2006-01-06,252,349,Chang2017,1,0.05,FALSE,0.746,15.937626100431,38.4271237212824,1000,20291255,5,rolling_v1|Chang2017|252|5|0.05|1|1000|1|TRUE|QS|20260821,ok,,16.7809999999881
gfc_2005_2010,The global financial crisis period,28,gfc_2005_2010_w0028,2005-07-18,2006-07-17,2006-01-13,252,349,Chang2017,1,0.05,FALSE,0.691,15.9376272327281,37.9943015744947,1000,20291285,5,rolling_v1|Chang2017|252|5|0.05|1|1000|1|TRUE|QS|20260821,ok,,27.2239999999874
gfc_2005_2010,The global financial crisis period,29,gfc_2005_2010_w0029,2005-07-25,2006-07-24,2006-01-23,252,349,Chang2017,1,0.05,FALSE,0.744,15.9376260713109,37.5121429322475,1000,20291315,5,rolling_v1|Chang2017|252|5|0.05|1|1000|1|TRUE|QS|20260821,ok,,25.8989999999903
gfc_2005_2010,The global financial crisis period,30,gfc_2005_2010_w0030,2005-08-01,2006-07-31,2006-01-30,252,349,Chang2017,1,0.05,FALSE,0.749,15.9376260713109,40.1780203648103,1000,20291074,5,rolling_v1|Chang2017|252|5|0.05|1|1000|1|TRUE|QS|20260821,ok,,18.7690000000002
gfc_2005_2010,The global financial crisis period,31,gfc_2005_2010_w0031,2005-08-08,2006-08-07,2006-02-06,252,349,Chang2017,1,0.05,FALSE,0.74,15.9376260713109,38.386449237174,1000,20291104,5,rolling_v1|Chang2017|252|5|0.05|1|1000|1|TRUE|QS|20260821,ok,,18.9599999999919
gfc_2005_2010,The global financial crisis period,32,gfc_2005_2010_w0032,2005-08-15,2006-08-14,2006-02-13,252,349,Chang2017,1,0.05,FALSE,0.749,15.9376293384921,40.0397266673882,1000,20291134,5,rolling_v1|Chang2017|252|5|0.05|1|1000|1|TRUE|QS|20260821,ok,,19.0679999999993
gfc_2005_2010,The global financial crisis period,33,gfc_2005_2010_w0033,2005-08-22,2006-08-21,2006-02-21,252,349,Chang2017,1,0.05,FALSE,0.726,15.937627380627,39.8454702661382,1000,20291164,5,rolling_v1|Chang2017|252|5|0.05|1|1000|1|TRUE|QS|20260821,ok,,18.926999999996
gfc_2005_2010,The global financial crisis period,34,gfc_2005_2010_w0034,2005-08-29,2006-08-28,2006-02-28,252,349,Chang2017,1,0.05,FALSE,0.726,15.9376279857482,39.1710930947945,1000,20291194,5,rolling_v1|Chang2017|252|5|0.05|1|1000|1|TRUE|QS|20260821,ok,,18.372000000003
gfc_2005_2010,The global financial crisis period,35,gfc_2005_2010_w0035,2005-09-06,2006-09-05,2006-03-07,252,349,Chang2017,1,0.05,FALSE,0.71,15.9376281755787,38.5457132471863,1000,20291224,5,rolling_v1|Chang2017|252|5|0.05|1|1000|1|TRUE|QS|20260821,ok,,18.8300000000017
gfc_2005_2010,The global financial crisis period,36,gfc_2005_2010_w0036,2005-09-13,2006-09-12,2006-03-14,252,349,Chang2017,1,0.05,FALSE,0.699,15.93762672817,39.2615849582815,1000,20291254,5,rolling_v1|Chang2017|252|5|0.05|1|1000|1|TRUE|QS|20260821,ok,,19.0629999999946
gfc_2005_2010,The global financial crisis period,37,gfc_2005_2010_w0037,2005-09-20,2006-09-19,2006-03-21,252,349,Chang2017,1,0.05,FALSE,0.76,15.9376272313805,38.6505713863278,1000,20291284,5,rolling_v1|Chang2017|252|5|0.05|1|1000|1|TRUE|QS|20260821,ok,,18.9959999999992
gfc_2005_2010,The global financial crisis period,38,gfc_2005_2010_w0038,2005-09-27,2006-09-26,2006-03-28,252,349,Chang2017,1,0.05,FALSE,0.747,15.9376281618169,38.8584556896153,1000,20291314,5,rolling_v1|Chang2017|252|5|0.05|1|1000|1|TRUE|QS|20260821,ok,,18.9219999999914
gfc_2005_2010,The global financial crisis period,39,gfc_2005_2010_w0039,2005-10-04,2006-10-03,2006-04-04,252,349,Chang2017,1,0.05,FALSE,0.746,15.9376260713109,39.582806824068,1000,20291344,5,rolling_v1|Chang2017|252|5|0.05|1|1000|1|TRUE|QS|20260821,ok,,19.0489999999991
gfc_2005_2010,The global financial crisis period,40,gfc_2005_2010_w0040,2005-10-11,2006-10-10,2006-04-11,252,349,Chang2017,1,0.05,FALSE,0.714,15.9376260713109,38.0248335243376,1000,20291103,5,rolling_v1|Chang2017|252|5|0.05|1|1000|1|TRUE|QS|20260821,ok,,27.622000000003
gfc_2005_2010,The global financial crisis period,41,gfc_2005_2010_w0041,2005-10-18,2006-10-17,2006-04-19,252,349,Chang2017,1,0.05,FALSE,0.72,15.9376260713109,39.1873878168062,1000,20291133,5,rolling_v1|Chang2017|252|5|0.05|1|1000|1|TRUE|QS|20260821,ok,,19.0280000000057
gfc_2005_2010,The global financial crisis period,42,gfc_2005_2010_w0042,2005-10-25,2006-10-24,2006-04-26,252,349,Chang2017,1,0.05,FALSE,0.745,15.9376260713109,37.9337784139473,1000,20291163,5,rolling_v1|Chang2017|252|5|0.05|1|1000|1|TRUE|QS|20260821,ok,,18.3910000000033
gfc_2005_2010,The global financial crisis period,43,gfc_2005_2010_w0043,2005-11-01,2006-10-31,2006-05-03,252,349,Chang2017,1,0.05,FALSE,0.688,15.9376260713109,39.1123179100781,1000,20291193,5,rolling_v1|Chang2017|252|5|0.05|1|1000|1|TRUE|QS|20260821,ok,,19.2280000000028
gfc_2005_2010,The global financial crisis period,44,gfc_2005_2010_w0044,2005-11-08,2006-11-07,2006-05-10,252,349,Chang2017,1,0.05,FALSE,0.731,15.9376295948487,39.8001263978178,1000,20291223,5,rolling_v1|Chang2017|252|5|0.05|1|1000|1|TRUE|QS|20260821,ok,,17.8840000000055
gfc_2005_2010,The global financial crisis period,45,gfc_2005_2010_w0045,2005-11-15,2006-11-14,2006-05-17,252,349,Chang2017,1,0.05,FALSE,0.724,15.9376260713109,38.1268222488665,1000,20291253,5,rolling_v1|Chang2017|252|5|0.05|1|1000|1|TRUE|QS|20260821,ok,,19.2130000000034
gfc_2005_2010,The global financial crisis period,46,gfc_2005_2010_w0046,2005-11-22,2006-11-21,2006-05-24,252,349,Chang2017,1,0.05,FALSE,0.721,15.9376296473877,40.0012265274629,1000,20291283,5,rolling_v1|Chang2017|252|5|0.05|1|1000|1|TRUE|QS|20260821,ok,,20.3059999999969
gfc_2005_2010,The global financial crisis period,47,gfc_2005_2010_w0047,2005-11-30,2006-11-29,2006-06-01,252,349,Chang2017,1,0.05,FALSE,0.695,15.9376260713109,38.8702212637311,1000,20291313,5,rolling_v1|Chang2017|252|5|0.05|1|1000|1|TRUE|QS|20260821,ok,,19.153999999995
gfc_2005_2010,The global financial crisis period,48,gfc_2005_2010_w0048,2005-12-07,2006-12-06,2006-06-08,252,349,Chang2017,1,0.05,FALSE,0.711,15.9376279751915,39.2418917900718,1000,20291343,5,rolling_v1|Chang2017|252|5|0.05|1|1000|1|TRUE|QS|20260821,ok,,18.5060000000085
gfc_2005_2010,The global financial crisis period,49,gfc_2005_2010_w0049,2005-12-14,2006-12-13,2006-06-15,252,349,Chang2017,1,0.05,FALSE,0.759,15.9376271440329,40.2493080560961,1000,20291373,5,rolling_v1|Chang2017|252|5|0.05|1|1000|1|TRUE|QS|20260821,ok,,19.2360000000044
gfc_2005_2010,The global financial crisis period,50,gfc_2005_2010_w0050,2005-12-21,2006-12-20,2006-06-22,252,349,Chang2017,1,0.05,FALSE,0.724,15.9376260713109,39.0248517953429,1000,20291132,5,rolling_v1|Chang2017|252|5|0.05|1|1000|1|TRUE|QS|20260821,ok,,19.2550000000047
gfc_2005_2010,The global financial crisis period,51,gfc_2005_2010_w0051,2005-12-29,2006-12-28,2006-06-29,252,349,Chang2017,1,0.05,FALSE,0.706,15.9376260713109,39.5727274990188,1000,20291162,5,rolling_v1|Chang2017|252|5|0.05|1|1000|1|TRUE|QS|20260821,ok,,19.1530000000057
gfc_2005_2010,The global financial crisis period,52,gfc_2005_2010_w0052,2006-01-06,2007-01-08,2006-07-07,252,349,Chang2017,1,0.05,FALSE,0.697,15.9376276676135,38.0619881581038,1000,20291192,5,rolling_v1|Chang2017|252|5|0.05|1|1000|1|TRUE|QS|20260821,ok,,20.8629999999976
gfc_2005_2010,The global financial crisis period,53,gfc_2005_2010_w0053,2006-01-13,2007-01-16,2006-07-14,252,349,Chang2017,1,0.05,FALSE,0.723,15.9376264115035,38.9471336098704,1000,20291222,5,rolling_v1|Chang2017|252|5|0.05|1|1000|1|TRUE|QS|20260821,ok,,19.3830000000016
gfc_2005_2010,The global financial crisis period,54,gfc_2005_2010_w0054,2006-01-23,2007-01-23,2006-07-21,252,349,Chang2017,1,0.05,FALSE,0.74,15.9376271015621,37.861979208551,1000,20291252,5,rolling_v1|Chang2017|252|5|0.05|1|1000|1|TRUE|QS|20260821,ok,,19.2330000000075
gfc_2005_2010,The global financial crisis period,55,gfc_2005_2010_w0055,2006-01-30,2007-01-30,2006-07-28,252,349,Chang2017,1,0.05,FALSE,0.707,15.9376264239028,38.0870108851404,1000,20291282,5,rolling_v1|Chang2017|252|5|0.05|1|1000|1|TRUE|QS|20260821,ok,,19.5250000000087
gfc_2005_2010,The global financial crisis period,56,gfc_2005_2010_w0056,2006-02-06,2007-02-06,2006-08-04,252,349,Chang2017,1,0.05,FALSE,0.733,15.9376267187746,39.7850528301481,1000,20291312,5,rolling_v1|Chang2017|252|5|0.05|1|1000|1|TRUE|QS|20260821,ok,,19.0919999999896
gfc_2005_2010,The global financial crisis period,57,gfc_2005_2010_w0057,2006-02-13,2007-02-13,2006-08-11,252,349,Chang2017,1,0.05,FALSE,0.733,15.9376282456077,39.3761186832905,1000,20291342,5,rolling_v1|Chang2017|252|5|0.05|1|1000|1|TRUE|QS|20260821,ok,,19.2549999999901
gfc_2005_2010,The global financial crisis period,58,gfc_2005_2010_w0058,2006-02-21,2007-02-21,2006-08-18,252,349,Chang2017,1,0.05,FALSE,0.72,15.9376262525853,39.4653997891169,1000,20291372,5,rolling_v1|Chang2017|252|5|0.05|1|1000|1|TRUE|QS|20260821,ok,,19.4470000000001
gfc_2005_2010,The global financial crisis period,59,gfc_2005_2010_w0059,2006-02-28,2007-02-28,2006-08-25,252,349,Chang2017,1,0.05,FALSE,0.721,15.9376299467903,38.2694071051813,1000,20291402,5,rolling_v1|Chang2017|252|5|0.05|1|1000|1|TRUE|QS|20260821,ok,,18.275999999998
gfc_2005_2010,The global financial crisis period,60,gfc_2005_2010_w0060,2006-03-07,2007-03-07,2006-09-01,252,349,Chang2017,1,0.05,FALSE,0.72,15.937626143111,38.2093338589509,1000,20291161,5,rolling_v1|Chang2017|252|5|0.05|1|1000|1|TRUE|QS|20260821,ok,,18.601999999999
gfc_2005_2010,The global financial crisis period,61,gfc_2005_2010_w0061,2006-03-14,2007-03-14,2006-09-11,252,349,Chang2017,1,0.05,FALSE,0.714,15.9376301094609,38.6553520592366,1000,20291191,5,rolling_v1|Chang2017|252|5|0.05|1|1000|1|TRUE|QS|20260821,ok,,18.8790000000008
gfc_2005_2010,The global financial crisis period,62,gfc_2005_2010_w0062,2006-03-21,2007-03-21,2006-09-18,252,349,Chang2017,1,0.05,FALSE,0.721,15.9376293119944,39.7416913318046,1000,20291221,5,rolling_v1|Chang2017|252|5|0.05|1|1000|1|TRUE|QS|20260821,ok,,19.3730000000069
gfc_2005_2010,The global financial crisis period,63,gfc_2005_2010_w0063,2006-03-28,2007-03-28,2006-09-25,252,349,Chang2017,1,0.05,FALSE,0.705,15.9376260713109,38.4890212457986,1000,20291251,5,rolling_v1|Chang2017|252|5|0.05|1|1000|1|TRUE|QS|20260821,ok,,18.6619999999966
gfc_2005_2010,The global financial crisis period,64,gfc_2005_2010_w0064,2006-04-04,2007-04-04,2006-10-02,252,349,Chang2017,1,0.05,FALSE,0.705,15.9376271033729,39.3162799180446,1000,20291281,5,rolling_v1|Chang2017|252|5|0.05|1|1000|1|TRUE|QS|20260821,ok,,18.7589999999909
gfc_2005_2010,The global financial crisis period,65,gfc_2005_2010_w0065,2006-04-11,2007-04-12,2006-10-09,252,349,Chang2017,1,0.05,FALSE,0.731,15.9376260713109,37.9593602410361,1000,20291311,5,rolling_v1|Chang2017|252|5|0.05|1|1000|1|TRUE|QS|20260821,ok,,18.8949999999895
gfc_2005_2010,The global financial crisis period,66,gfc_2005_2010_w0066,2006-04-19,2007-04-19,2006-10-16,252,349,Chang2017,1,0.05,FALSE,0.75,15.9376262423347,39.347545758284,1000,20291341,5,rolling_v1|Chang2017|252|5|0.05|1|1000|1|TRUE|QS|20260821,ok,,19.8849999999948
gfc_2005_2010,The global financial crisis period,67,gfc_2005_2010_w0067,2006-04-26,2007-04-26,2006-10-23,252,349,Chang2017,1,0.05,FALSE,0.723,15.9376260713109,38.6122552988052,1000,20291371,5,rolling_v1|Chang2017|252|5|0.05|1|1000|1|TRUE|QS|20260821,ok,,31.4499999999971
gfc_2005_2010,The global financial crisis period,68,gfc_2005_2010_w0068,2006-05-03,2007-05-03,2006-10-30,252,349,Chang2017,1,0.05,FALSE,0.713,15.9376269658974,38.1606989679462,1000,20291401,5,rolling_v1|Chang2017|252|5|0.05|1|1000|1|TRUE|QS|20260821,ok,,19.9260000000068
gfc_2005_2010,The global financial crisis period,69,gfc_2005_2010_w0069,2006-05-10,2007-05-10,2006-11-06,252,349,Chang2017,1,0.05,FALSE,0.682,15.9376263189593,38.3760001409143,1000,20291431,5,rolling_v1|Chang2017|252|5|0.05|1|1000|1|TRUE|QS|20260821,ok,,19.1710000000021
gfc_2005_2010,The global financial crisis period,70,gfc_2005_2010_w0070,2006-05-17,2007-05-17,2006-11-13,252,349,Chang2017,1,0.05,FALSE,0.738,15.9376282093555,39.0446522209822,1000,20291190,5,rolling_v1|Chang2017|252|5|0.05|1|1000|1|TRUE|QS|20260821,ok,,20.5350000000035
gfc_2005_2010,The global financial crisis period,71,gfc_2005_2010_w0071,2006-05-24,2007-05-24,2006-11-20,252,349,Chang2017,1,0.05,FALSE,0.735,15.9376274649176,38.8738630006056,1000,20291220,5,rolling_v1|Chang2017|252|5|0.05|1|1000|1|TRUE|QS|20260821,ok,,19.4630000000034
gfc_2005_2010,The global financial crisis period,72,gfc_2005_2010_w0072,2006-06-01,2007-06-01,2006-11-28,252,349,Chang2017,1,0.05,FALSE,0.74,15.9376279372192,39.0399867926774,1000,20291250,5,rolling_v1|Chang2017|252|5|0.05|1|1000|1|TRUE|QS|20260821,ok,,19.3860000000132
gfc_2005_2010,The global financial crisis period,73,gfc_2005_2010_w0073,2006-06-08,2007-06-08,2006-12-05,252,349,Chang2017,1,0.05,FALSE,0.7,15.9376262511092,39.0324746409586,1000,20291280,5,rolling_v1|Chang2017|252|5|0.05|1|1000|1|TRUE|QS|20260821,ok,,19.4250000000029
gfc_2005_2010,The global financial crisis period,74,gfc_2005_2010_w0074,2006-06-15,2007-06-15,2006-12-12,252,349,Chang2017,1,0.05,FALSE,0.728,15.9376260713109,39.4089774021366,1000,20291310,5,rolling_v1|Chang2017|252|5|0.05|1|1000|1|TRUE|QS|20260821,ok,,20.5969999999943
gfc_2005_2010,The global financial crisis period,75,gfc_2005_2010_w0075,2006-06-22,2007-06-22,2006-12-19,252,349,Chang2017,1,0.05,FALSE,0.732,15.9376265848259,39.0293661557115,1000,20291340,5,rolling_v1|Chang2017|252|5|0.05|1|1000|1|TRUE|QS|20260821,ok,,19.8080000000045
gfc_2005_2010,The global financial crisis period,76,gfc_2005_2010_w0076,2006-06-29,2007-06-29,2006-12-27,252,349,Chang2017,1,0.05,FALSE,0.74,15.9376289019473,39.4502942389952,1000,20291370,5,rolling_v1|Chang2017|252|5|0.05|1|1000|1|TRUE|QS|20260821,ok,,19.698000000004
gfc_2005_2010,The global financial crisis period,77,gfc_2005_2010_w0077,2006-07-07,2007-07-09,2007-01-05,252,349,Chang2017,1,0.05,FALSE,0.694,15.9376260713109,37.4502530354703,1000,20291400,5,rolling_v1|Chang2017|252|5|0.05|1|1000|1|TRUE|QS|20260821,ok,,19.6640000000043
gfc_2005_2010,The global financial crisis period,78,gfc_2005_2010_w0078,2006-07-14,2007-07-16,2007-01-12,252,349,Chang2017,1,0.05,FALSE,0.724,15.9376331674863,39.0277624634405,1000,20291430,5,rolling_v1|Chang2017|252|5|0.05|1|1000|1|TRUE|QS|20260821,ok,,19.8220000000001
gfc_2005_2010,The global financial crisis period,79,gfc_2005_2010_w0079,2006-07-21,2007-07-23,2007-01-22,252,349,Chang2017,1,0.05,FALSE,0.738,15.9376267320942,38.8967819830728,1000,20291460,5,rolling_v1|Chang2017|252|5|0.05|1|1000|1|TRUE|QS|20260821,ok,,19.8629999999976
gfc_2005_2010,The global financial crisis period,80,gfc_2005_2010_w0080,2006-07-28,2007-07-30,2007-01-29,252,349,Chang2017,1,0.05,FALSE,0.717,15.9376265509905,39.2208538753516,1000,20291219,5,rolling_v1|Chang2017|252|5|0.05|1|1000|1|TRUE|QS|20260821,ok,,20.3210000000108
gfc_2005_2010,The global financial crisis period,81,gfc_2005_2010_w0081,2006-08-04,2007-08-06,2007-02-05,252,349,Chang2017,1,0.05,FALSE,0.742,15.9376270518327,38.8778204532405,1000,20291249,5,rolling_v1|Chang2017|252|5|0.05|1|1000|1|TRUE|QS|20260821,ok,,20.4159999999974
gfc_2005_2010,The global financial crisis period,82,gfc_2005_2010_w0082,2006-08-11,2007-08-13,2007-02-12,252,349,Chang2017,1,0.05,FALSE,0.714,15.9376260713109,39.0473352267508,1000,20291279,5,rolling_v1|Chang2017|252|5|0.05|1|1000|1|TRUE|QS|20260821,ok,,20.1680000000051
gfc_2005_2010,The global financial crisis period,83,gfc_2005_2010_w0083,2006-08-18,2007-08-20,2007-02-20,252,349,Chang2017,1,0.05,FALSE,0.721,15.9376275681755,39.1867679661767,1000,20291309,5,rolling_v1|Chang2017|252|5|0.05|1|1000|1|TRUE|QS|20260821,ok,,19.2780000000057
gfc_2005_2010,The global financial crisis period,84,gfc_2005_2010_w0084,2006-08-25,2007-08-27,2007-02-27,252,349,Chang2017,1,0.05,FALSE,0.765,15.9376290146853,39.3503201817023,1000,20291339,5,rolling_v1|Chang2017|252|5|0.05|1|1000|1|TRUE|QS|20260821,ok,,20.0240000000049
gfc_2005_2010,The global financial crisis period,85,gfc_2005_2010_w0085,2006-09-01,2007-09-04,2007-03-06,252,349,Chang2017,1,0.05,FALSE,0.705,15.937628093959,39.796182920068,1000,20291369,5,rolling_v1|Chang2017|252|5|0.05|1|1000|1|TRUE|QS|20260821,ok,,20.2379999999976
gfc_2005_2010,The global financial crisis period,86,gfc_2005_2010_w0086,2006-09-11,2007-09-11,2007-03-13,252,349,Chang2017,1,0.05,FALSE,0.72,15.9376280318968,39.1604682917054,1000,20291399,5,rolling_v1|Chang2017|252|5|0.05|1|1000|1|TRUE|QS|20260821,ok,,19.9780000000028
gfc_2005_2010,The global financial crisis period,87,gfc_2005_2010_w0087,2006-09-18,2007-09-18,2007-03-20,252,349,Chang2017,1,0.05,FALSE,0.726,15.9376268170431,39.365412590648,1000,20291429,5,rolling_v1|Chang2017|252|5|0.05|1|1000|1|TRUE|QS|20260821,ok,,20.9919999999984
gfc_2005_2010,The global financial crisis period,88,gfc_2005_2010_w0088,2006-09-25,2007-09-25,2007-03-27,252,349,Chang2017,1,0.05,FALSE,0.681,15.9376260713109,40.3909357449322,1000,20291459,5,rolling_v1|Chang2017|252|5|0.05|1|1000|1|TRUE|QS|20260821,ok,,20.2550000000047
gfc_2005_2010,The global financial crisis period,89,gfc_2005_2010_w0089,2006-10-02,2007-10-02,2007-04-03,252,349,Chang2017,1,0.05,FALSE,0.737,15.9376260713109,38.0453869799418,1000,20291489,5,rolling_v1|Chang2017|252|5|0.05|1|1000|1|TRUE|QS|20260821,ok,,30.416000000012
gfc_2005_2010,The global financial crisis period,90,gfc_2005_2010_w0090,2006-10-09,2007-10-09,2007-04-11,252,349,Chang2017,1,0.05,FALSE,0.706,15.9376294240347,38.6121383352683,1000,20291248,5,rolling_v1|Chang2017|252|5|0.05|1|1000|1|TRUE|QS|20260821,ok,,20.1480000000011
gfc_2005_2010,The global financial crisis period,91,gfc_2005_2010_w0091,2006-10-16,2007-10-16,2007-04-18,252,349,Chang2017,1,0.05,FALSE,0.741,15.9376274042503,40.2251177795076,1000,20291278,5,rolling_v1|Chang2017|252|5|0.05|1|1000|1|TRUE|QS|20260821,ok,,20.679999999993
gfc_2005_2010,The global financial crisis period,92,gfc_2005_2010_w0092,2006-10-23,2007-10-23,2007-04-25,252,349,Chang2017,1,0.05,FALSE,0.712,15.9376260713109,37.9326386056793,1000,20291308,5,rolling_v1|Chang2017|252|5|0.05|1|1000|1|TRUE|QS|20260821,ok,,20.5850000000064
gfc_2005_2010,The global financial crisis period,93,gfc_2005_2010_w0093,2006-10-30,2007-10-30,2007-05-02,252,349,Chang2017,1,0.05,FALSE,0.744,15.9376290203423,38.04083606315,1000,20291338,5,rolling_v1|Chang2017|252|5|0.05|1|1000|1|TRUE|QS|20260821,ok,,20.2079999999987
gfc_2005_2010,The global financial crisis period,94,gfc_2005_2010_w0094,2006-11-06,2007-11-06,2007-05-09,252,349,Chang2017,1,0.05,FALSE,0.772,15.9376260713109,39.7835109357539,1000,20291368,5,rolling_v1|Chang2017|252|5|0.05|1|1000|1|TRUE|QS|20260821,ok,,20.2050000000017
gfc_2005_2010,The global financial crisis period,95,gfc_2005_2010_w0095,2006-11-13,2007-11-13,2007-05-16,252,349,Chang2017,1,0.05,FALSE,0.715,15.9376271136859,38.5519995087684,1000,20291398,5,rolling_v1|Chang2017|252|5|0.05|1|1000|1|TRUE|QS|20260821,ok,,22.349000000002
gfc_2005_2010,The global financial crisis period,96,gfc_2005_2010_w0096,2006-11-20,2007-11-20,2007-05-23,252,349,Chang2017,1,0.05,FALSE,0.7,15.9376273260684,39.7179391966785,1000,20291428,5,rolling_v1|Chang2017|252|5|0.05|1|1000|1|TRUE|QS|20260821,ok,,19.5380000000005
gfc_2005_2010,The global financial crisis period,97,gfc_2005_2010_w0097,2006-11-28,2007-11-28,2007-05-31,252,349,Chang2017,1,0.05,FALSE,0.71,15.9376260713109,40.1620939580338,1000,20291458,5,rolling_v1|Chang2017|252|5|0.05|1|1000|1|TRUE|QS|20260821,ok,,21.8040000000037
gfc_2005_2010,The global financial crisis period,98,gfc_2005_2010_w0098,2006-12-05,2007-12-05,2007-06-07,252,349,Chang2017,1,0.05,FALSE,0.736,15.937627153807,39.1176951771702,1000,20291488,5,rolling_v1|Chang2017|252|5|0.05|1|1000|1|TRUE|QS|20260821,ok,,19.3640000000014
gfc_2005_2010,The global financial crisis period,99,gfc_2005_2010_w0099,2006-12-12,2007-12-12,2007-06-14,252,349,Chang2017,1,0.05,FALSE,0.654,15.9376268240362,37.5168615101563,1000,20291518,5,rolling_v1|Chang2017|252|5|0.05|1|1000|1|TRUE|QS|20260821,ok,,20.1150000000052
gfc_2005_2010,The global financial crisis period,100,gfc_2005_2010_w0100,2006-12-19,2007-12-19,2007-06-21,252,349,Chang2017,1,0.05,FALSE,0.735,15.9376260713109,39.6182778566599,1000,20291015,5,rolling_v1|Chang2017|252|5|0.05|1|1000|1|TRUE|QS|20260821,ok,,20.18299999999
gfc_2005_2010,The global financial crisis period,101,gfc_2005_2010_w0101,2006-12-27,2007-12-27,2007-06-28,252,349,Chang2017,1,0.05,FALSE,0.711,15.9376260713109,39.0260876716499,1000,20291045,5,rolling_v1|Chang2017|252|5|0.05|1|1000|1|TRUE|QS|20260821,ok,,19.5140000000101
gfc_2005_2010,The global financial crisis period,102,gfc_2005_2010_w0102,2007-01-05,2008-01-04,2007-07-06,252,349,Chang2017,1,0.05,FALSE,0.734,15.937631668592,38.5174871253297,1000,20291075,5,rolling_v1|Chang2017|252|5|0.05|1|1000|1|TRUE|QS|20260821,ok,,21.5050000000047
gfc_2005_2010,The global financial crisis period,103,gfc_2005_2010_w0103,2007-01-12,2008-01-11,2007-07-13,252,349,Chang2017,1,0.05,FALSE,0.661,15.9376268747011,37.7894831120447,1000,20291105,5,rolling_v1|Chang2017|252|5|0.05|1|1000|1|TRUE|QS|20260821,ok,,21.997000000003
gfc_2005_2010,The global financial crisis period,104,gfc_2005_2010_w0104,2007-01-22,2008-01-18,2007-07-20,252,349,Chang2017,1,0.05,FALSE,0.708,15.9376264179841,37.5151359280641,1000,20291135,5,rolling_v1|Chang2017|252|5|0.05|1|1000|1|TRUE|QS|20260821,ok,,21
gfc_2005_2010,The global financial crisis period,105,gfc_2005_2010_w0105,2007-01-29,2008-01-28,2007-07-27,252,349,Chang2017,1,0.05,FALSE,0.713,15.9376284573003,40.5170553750535,1000,20291165,5,rolling_v1|Chang2017|252|5|0.05|1|1000|1|TRUE|QS|20260821,ok,,19.7160000000004
gfc_2005_2010,The global financial crisis period,106,gfc_2005_2010_w0106,2007-02-05,2008-02-04,2007-08-03,252,349,Chang2017,1,0.05,FALSE,0.76,15.9376269400477,37.929765692006,1000,20291195,5,rolling_v1|Chang2017|252|5|0.05|1|1000|1|TRUE|QS|20260821,ok,,21.3329999999987
gfc_2005_2010,The global financial crisis period,107,gfc_2005_2010_w0107,2007-02-12,2008-02-11,2007-08-10,252,349,Chang2017,1,0.05,FALSE,0.732,15.9376277686434,40.6926800204808,1000,20291225,5,rolling_v1|Chang2017|252|5|0.05|1|1000|1|TRUE|QS|20260821,ok,,19.8760000000038
gfc_2005_2010,The global financial crisis period,108,gfc_2005_2010_w0108,2007-02-20,2008-02-19,2007-08-17,252,349,Chang2017,1,0.05,FALSE,0.744,15.9376267508121,38.2949292186621,1000,20291255,5,rolling_v1|Chang2017|252|5|0.05|1|1000|1|TRUE|QS|20260821,ok,,23.3660000000091
gfc_2005_2010,The global financial crisis period,109,gfc_2005_2010_w0109,2007-02-27,2008-02-26,2007-08-24,252,349,Chang2017,1,0.05,FALSE,0.702,15.9376260713109,38.337768490639,1000,20291285,5,rolling_v1|Chang2017|252|5|0.05|1|1000|1|TRUE|QS|20260821,ok,,19.8689999999915
gfc_2005_2010,The global financial crisis period,110,gfc_2005_2010_w0110,2007-03-06,2008-03-04,2007-08-31,252,349,Chang2017,1,0.05,FALSE,0.722,15.9376261967711,39.4959457260335,1000,20291044,5,rolling_v1|Chang2017|252|5|0.05|1|1000|1|TRUE|QS|20260821,ok,,21
gfc_2005_2010,The global financial crisis period,111,gfc_2005_2010_w0111,2007-03-13,2008-03-11,2007-09-10,252,349,Chang2017,1,0.05,FALSE,0.748,15.9376263301522,40.1568776384749,1000,20291074,5,rolling_v1|Chang2017|252|5|0.05|1|1000|1|TRUE|QS|20260821,ok,,19.554999999993
gfc_2005_2010,The global financial crisis period,112,gfc_2005_2010_w0112,2007-03-20,2008-03-18,2007-09-17,252,349,Chang2017,1,0.05,FALSE,0.68,15.937626071311,38.0474037760386,1000,20291104,5,rolling_v1|Chang2017|252|5|0.05|1|1000|1|TRUE|QS|20260821,ok,,23.1699999999983
gfc_2005_2010,The global financial crisis period,113,gfc_2005_2010_w0113,2007-03-27,2008-03-26,2007-09-24,252,349,Chang2017,1,0.05,FALSE,0.728,15.9376274825543,40.2216237036215,1000,20291134,5,rolling_v1|Chang2017|252|5|0.05|1|1000|1|TRUE|QS|20260821,ok,,19.5669999999955
gfc_2005_2010,The global financial crisis period,114,gfc_2005_2010_w0114,2007-04-03,2008-04-02,2007-10-01,252,349,Chang2017,1,0.05,FALSE,0.696,15.937627649912,39.0050086890754,1000,20291164,5,rolling_v1|Chang2017|252|5|0.05|1|1000|1|TRUE|QS|20260821,ok,,20.351999999999
gfc_2005_2010,The global financial crisis period,115,gfc_2005_2010_w0115,2007-04-11,2008-04-09,2007-10-08,252,349,Chang2017,1,0.05,FALSE,0.725,15.9376260713109,39.0489782169472,1000,20291194,5,rolling_v1|Chang2017|252|5|0.05|1|1000|1|TRUE|QS|20260821,ok,,20.5500000000029
gfc_2005_2010,The global financial crisis period,116,gfc_2005_2010_w0116,2007-04-18,2008-04-16,2007-10-15,252,349,Chang2017,1,0.05,FALSE,0.708,15.9376273289822,38.6764022439761,1000,20291224,5,rolling_v1|Chang2017|252|5|0.05|1|1000|1|TRUE|QS|20260821,ok,,19.6379999999917
gfc_2005_2010,The global financial crisis period,117,gfc_2005_2010_w0117,2007-04-25,2008-04-23,2007-10-22,252,349,Chang2017,1,0.05,FALSE,0.712,15.9376277372906,39.2114106088102,1000,20291254,5,rolling_v1|Chang2017|252|5|0.05|1|1000|1|TRUE|QS|20260821,ok,,19.6560000000027
gfc_2005_2010,The global financial crisis period,118,gfc_2005_2010_w0118,2007-05-02,2008-04-30,2007-10-29,252,349,Chang2017,1,0.05,FALSE,0.752,15.9376260713109,38.5995594637444,1000,20291284,5,rolling_v1|Chang2017|252|5|0.05|1|1000|1|TRUE|QS|20260821,ok,,26.9209999999875
gfc_2005_2010,The global financial crisis period,119,gfc_2005_2010_w0119,2007-05-09,2008-05-07,2007-11-05,252,349,Chang2017,1,0.05,FALSE,0.718,15.9376260713109,38.2365815281376,1000,20291314,5,rolling_v1|Chang2017|252|5|0.05|1|1000|1|TRUE|QS|20260821,ok,,19.8139999999985
gfc_2005_2010,The global financial crisis period,120,gfc_2005_2010_w0120,2007-05-16,2008-05-14,2007-11-12,252,349,Chang2017,1,0.05,FALSE,0.642,15.9376264089156,36.9870068797123,1000,20291073,5,rolling_v1|Chang2017|252|5|0.05|1|1000|1|TRUE|QS|20260821,ok,,22.9789999999921
gfc_2005_2010,The global financial crisis period,121,gfc_2005_2010_w0121,2007-05-23,2008-05-21,2007-11-19,252,349,Chang2017,1,0.05,FALSE,0.713,15.9376276761157,38.0299405788615,1000,20291103,5,rolling_v1|Chang2017|252|5|0.05|1|1000|1|TRUE|QS|20260821,ok,,22.2880000000005
gfc_2005_2010,The global financial crisis period,122,gfc_2005_2010_w0122,2007-05-31,2008-05-29,2007-11-27,252,349,Chang2017,1,0.05,FALSE,0.674,15.9376288808703,38.9530107696864,1000,20291133,5,rolling_v1|Chang2017|252|5|0.05|1|1000|1|TRUE|QS|20260821,ok,,19.8859999999986
gfc_2005_2010,The global financial crisis period,123,gfc_2005_2010_w0123,2007-06-07,2008-06-05,2007-12-04,252,349,Chang2017,1,0.05,FALSE,0.743,15.9376265934594,38.0300100939807,1000,20291163,5,rolling_v1|Chang2017|252|5|0.05|1|1000|1|TRUE|QS|20260821,ok,,19.7930000000051
gfc_2005_2010,The global financial crisis period,124,gfc_2005_2010_w0124,2007-06-14,2008-06-12,2007-12-11,252,349,Chang2017,1,0.05,FALSE,0.702,15.9376260713109,39.452209240732,1000,20291193,5,rolling_v1|Chang2017|252|5|0.05|1|1000|1|TRUE|QS|20260821,ok,,22.2520000000077
gfc_2005_2010,The global financial crisis period,125,gfc_2005_2010_w0125,2007-06-21,2008-06-19,2007-12-18,252,349,Chang2017,1,0.05,FALSE,0.731,15.9376273935856,39.7967745671925,1000,20291223,5,rolling_v1|Chang2017|252|5|0.05|1|1000|1|TRUE|QS|20260821,ok,,19.9000000000087
gfc_2005_2010,The global financial crisis period,126,gfc_2005_2010_w0126,2007-06-28,2008-06-26,2007-12-26,252,349,Chang2017,1,0.05,FALSE,0.723,15.9376266268438,38.1335913637319,1000,20291253,5,rolling_v1|Chang2017|252|5|0.05|1|1000|1|TRUE|QS|20260821,ok,,19.7799999999988
gfc_2005_2010,The global financial crisis period,127,gfc_2005_2010_w0127,2007-07-06,2008-07-03,2008-01-03,252,349,Chang2017,1,0.05,FALSE,0.72,15.9376260713109,40.075975350939,1000,20291283,5,rolling_v1|Chang2017|252|5|0.05|1|1000|1|TRUE|QS|20260821,ok,,20.4030000000057
gfc_2005_2010,The global financial crisis period,128,gfc_2005_2010_w0128,2007-07-13,2008-07-11,2008-01-10,252,349,Chang2017,1,0.05,FALSE,0.744,15.9376260713109,39.1774850649159,1000,20291313,5,rolling_v1|Chang2017|252|5|0.05|1|1000|1|TRUE|QS|20260821,ok,,20.5539999999892
gfc_2005_2010,The global financial crisis period,129,gfc_2005_2010_w0129,2007-07-20,2008-07-18,2008-01-17,252,349,Chang2017,1,0.05,FALSE,0.711,15.9376275374366,39.3497637363738,1000,20291343,5,rolling_v1|Chang2017|252|5|0.05|1|1000|1|TRUE|QS|20260821,ok,,19.9210000000021
gfc_2005_2010,The global financial crisis period,130,gfc_2005_2010_w0130,2007-07-27,2008-07-25,2008-01-25,252,349,Chang2017,1,0.05,FALSE,0.716,15.9376260713109,38.9444612667183,1000,20291102,5,rolling_v1|Chang2017|252|5|0.05|1|1000|1|TRUE|QS|20260821,ok,,20.4119999999966
gfc_2005_2010,The global financial crisis period,131,gfc_2005_2010_w0131,2007-08-03,2008-08-01,2008-02-01,252,349,Chang2017,1,0.05,FALSE,0.722,15.937629711206,39.0425970333453,1000,20291132,5,rolling_v1|Chang2017|252|5|0.05|1|1000|1|TRUE|QS|20260821,ok,,19.9590000000026
gfc_2005_2010,The global financial crisis period,132,gfc_2005_2010_w0132,2007-08-10,2008-08-08,2008-02-08,252,349,Chang2017,1,0.05,FALSE,0.707,15.9376260713109,39.2827716661792,1000,20291162,5,rolling_v1|Chang2017|252|5|0.05|1|1000|1|TRUE|QS|20260821,ok,,20.4409999999916
gfc_2005_2010,The global financial crisis period,133,gfc_2005_2010_w0133,2007-08-17,2008-08-15,2008-02-15,252,349,Chang2017,1,0.05,FALSE,0.715,15.9376260713109,38.2641997976003,1000,20291192,5,rolling_v1|Chang2017|252|5|0.05|1|1000|1|TRUE|QS|20260821,ok,,19.9290000000037
gfc_2005_2010,The global financial crisis period,134,gfc_2005_2010_w0134,2007-08-24,2008-08-22,2008-02-25,252,349,Chang2017,1,0.05,FALSE,0.725,15.9376298308027,39.1268068134249,1000,20291222,5,rolling_v1|Chang2017|252|5|0.05|1|1000|1|TRUE|QS|20260821,ok,,19.929999999993
gfc_2005_2010,The global financial crisis period,135,gfc_2005_2010_w0135,2007-08-31,2008-08-29,2008-03-03,252,349,Chang2017,1,0.05,FALSE,0.738,15.9376269726684,37.7660752197635,1000,20291252,5,rolling_v1|Chang2017|252|5|0.05|1|1000|1|TRUE|QS|20260821,ok,,21.721000000005
gfc_2005_2010,The global financial crisis period,136,gfc_2005_2010_w0136,2007-09-10,2008-09-08,2008-03-10,252,349,Chang2017,1,0.05,FALSE,0.676,15.9376260713109,37.706751885929,1000,20291282,5,rolling_v1|Chang2017|252|5|0.05|1|1000|1|TRUE|QS|20260821,ok,,19.9829999999929
gfc_2005_2010,The global financial crisis period,137,gfc_2005_2010_w0137,2007-09-17,2008-09-15,2008-03-17,252,349,Chang2017,1,0.05,FALSE,0.732,15.9376280936585,39.7416708235881,1000,20291312,5,rolling_v1|Chang2017|252|5|0.05|1|1000|1|TRUE|QS|20260821,ok,,20.4229999999952
gfc_2005_2010,The global financial crisis period,138,gfc_2005_2010_w0138,2007-09-24,2008-09-22,2008-03-25,252,349,Chang2017,1,0.05,FALSE,0.71,15.9376260713109,39.7962449733359,1000,20291342,5,rolling_v1|Chang2017|252|5|0.05|1|1000|1|TRUE|QS|20260821,ok,,20.3889999999956
gfc_2005_2010,The global financial crisis period,139,gfc_2005_2010_w0139,2007-10-01,2008-09-29,2008-04-01,252,349,Chang2017,1,0.05,FALSE,0.72,15.9376267981605,39.4556296170931,1000,20291372,5,rolling_v1|Chang2017|252|5|0.05|1|1000|1|TRUE|QS|20260821,ok,,20.7799999999988
gfc_2005_2010,The global financial crisis period,140,gfc_2005_2010_w0140,2007-10-08,2008-10-06,2008-04-08,252,349,Chang2017,1,0.05,FALSE,0.505,15.9376270298754,35.9085352020773,1000,20291131,5,rolling_v1|Chang2017|252|5|0.05|1|1000|1|TRUE|QS|20260821,ok,,20.5390000000043
gfc_2005_2010,The global financial crisis period,141,gfc_2005_2010_w0141,2007-10-15,2008-10-13,2008-04-15,252,349,Chang2017,1,0.05,FALSE,0.719,15.9376269561178,38.3675207995523,1000,20291161,5,rolling_v1|Chang2017|252|5|0.05|1|1000|1|TRUE|QS|20260821,ok,,20.5350000000035
gfc_2005_2010,The global financial crisis period,142,gfc_2005_2010_w0142,2007-10-22,2008-10-20,2008-04-22,252,349,Chang2017,1,0.05,FALSE,0.566,15.9376264890829,36.3482147271563,1000,20291191,5,rolling_v1|Chang2017|252|5|0.05|1|1000|1|TRUE|QS|20260821,ok,,19.8830000000016
gfc_2005_2010,The global financial crisis period,143,gfc_2005_2010_w0143,2007-10-29,2008-10-27,2008-04-29,252,349,Chang2017,1,0.05,FALSE,0.721,15.9376276467814,39.7455721147358,1000,20291221,5,rolling_v1|Chang2017|252|5|0.05|1|1000|1|TRUE|QS|20260821,ok,,20.0109999999986
gfc_2005_2010,The global financial crisis period,144,gfc_2005_2010_w0144,2007-11-05,2008-11-03,2008-05-06,252,349,Chang2017,1,0.05,FALSE,0.714,15.9376271720645,38.9055831029251,1000,20291251,5,rolling_v1|Chang2017|252|5|0.05|1|1000|1|TRUE|QS|20260821,ok,,20.2309999999998
gfc_2005_2010,The global financial crisis period,145,gfc_2005_2010_w0145,2007-11-12,2008-11-10,2008-05-13,252,349,Chang2017,1,0.05,FALSE,0.711,15.9376260713109,39.1695284915143,1000,20291281,5,rolling_v1|Chang2017|252|5|0.05|1|1000|1|TRUE|QS|20260821,ok,,19.955999999991
gfc_2005_2010,The global financial crisis period,146,gfc_2005_2010_w0146,2007-11-19,2008-11-17,2008-05-20,252,349,Chang2017,1,0.05,FALSE,0.667,15.9376260713109,37.2236958358525,1000,20291311,5,rolling_v1|Chang2017|252|5|0.05|1|1000|1|TRUE|QS|20260821,ok,,20.2640000000101
gfc_2005_2010,The global financial crisis period,147,gfc_2005_2010_w0147,2007-11-27,2008-11-24,2008-05-28,252,349,Chang2017,1,0.05,FALSE,0.709,15.9376260713109,38.4216855154277,1000,20291341,5,rolling_v1|Chang2017|252|5|0.05|1|1000|1|TRUE|QS|20260821,ok,,20.4060000000027
gfc_2005_2010,The global financial crisis period,148,gfc_2005_2010_w0148,2007-12-04,2008-12-02,2008-06-04,252,349,Chang2017,1,0.05,FALSE,0.691,15.9376265810049,37.2296979140987,1000,20291371,5,rolling_v1|Chang2017|252|5|0.05|1|1000|1|TRUE|QS|20260821,ok,,21.2630000000063
gfc_2005_2010,The global financial crisis period,149,gfc_2005_2010_w0149,2007-12-11,2008-12-09,2008-06-11,252,349,Chang2017,1,0.05,FALSE,0.633,15.9376276779706,37.5583740455795,1000,20291401,5,rolling_v1|Chang2017|252|5|0.05|1|1000|1|TRUE|QS|20260821,ok,,19.9140000000043
gfc_2005_2010,The global financial crisis period,150,gfc_2005_2010_w0150,2007-12-18,2008-12-16,2008-06-18,252,349,Chang2017,1,0.05,FALSE,0.733,15.9376260713109,38.3578619253429,1000,20291160,5,rolling_v1|Chang2017|252|5|0.05|1|1000|1|TRUE|QS|20260821,ok,,27.176999999996
gfc_2005_2010,The global financial crisis period,151,gfc_2005_2010_w0151,2007-12-26,2008-12-23,2008-06-25,252,349,Chang2017,1,0.05,FALSE,0.727,15.9376274432157,39.1853925094374,1000,20291190,5,rolling_v1|Chang2017|252|5|0.05|1|1000|1|TRUE|QS|20260821,ok,,20.5779999999941
gfc_2005_2010,The global financial crisis period,152,gfc_2005_2010_w0152,2008-01-03,2008-12-31,2008-07-02,252,349,Chang2017,1,0.05,FALSE,0.719,15.9376260713109,39.6459683920337,1000,20291220,5,rolling_v1|Chang2017|252|5|0.05|1|1000|1|TRUE|QS|20260821,ok,,20.8359999999957
gfc_2005_2010,The global financial crisis period,153,gfc_2005_2010_w0153,2008-01-10,2009-01-08,2008-07-10,252,349,Chang2017,1,0.05,FALSE,0.72,15.9376270003243,39.4047442775078,1000,20291250,5,rolling_v1|Chang2017|252|5|0.05|1|1000|1|TRUE|QS|20260821,ok,,21.6110000000044
gfc_2005_2010,The global financial crisis period,154,gfc_2005_2010_w0154,2008-01-17,2009-01-15,2008-07-17,252,349,Chang2017,1,0.05,FALSE,0.701,15.9376261149674,39.3854385796268,1000,20291280,5,rolling_v1|Chang2017|252|5|0.05|1|1000|1|TRUE|QS|20260821,ok,,20.0369999999966
gfc_2005_2010,The global financial crisis period,155,gfc_2005_2010_w0155,2008-01-25,2009-01-23,2008-07-24,252,349,Chang2017,1,0.05,FALSE,0.655,15.9376275298484,38.509581598405,1000,20291310,5,rolling_v1|Chang2017|252|5|0.05|1|1000|1|TRUE|QS|20260821,ok,,20.8099999999977
gfc_2005_2010,The global financial crisis period,156,gfc_2005_2010_w0156,2008-02-01,2009-01-30,2008-07-31,252,349,Chang2017,1,0.05,FALSE,0.724,15.9376260713109,38.7813572212061,1000,20291340,5,rolling_v1|Chang2017|252|5|0.05|1|1000|1|TRUE|QS|20260821,ok,,19.8840000000055
gfc_2005_2010,The global financial crisis period,157,gfc_2005_2010_w0157,2008-02-08,2009-02-06,2008-08-07,252,349,Chang2017,1,0.05,FALSE,0.708,15.9376260713109,38.9042770795576,1000,20291370,5,rolling_v1|Chang2017|252|5|0.05|1|1000|1|TRUE|QS|20260821,ok,,21.1939999999886
gfc_2005_2010,The global financial crisis period,158,gfc_2005_2010_w0158,2008-02-15,2009-02-13,2008-08-14,252,349,Chang2017,1,0.05,FALSE,0.633,15.9376266333194,36.5047579758303,1000,20291400,5,rolling_v1|Chang2017|252|5|0.05|1|1000|1|TRUE|QS|20260821,ok,,19.9140000000043
gfc_2005_2010,The global financial crisis period,159,gfc_2005_2010_w0159,2008-02-25,2009-02-23,2008-08-21,252,349,Chang2017,1,0.05,FALSE,0.551,15.9376260713109,36.1252753021956,1000,20291430,5,rolling_v1|Chang2017|252|5|0.05|1|1000|1|TRUE|QS|20260821,ok,,20.1850000000122
gfc_2005_2010,The global financial crisis period,160,gfc_2005_2010_w0160,2008-03-03,2009-03-02,2008-08-28,252,349,Chang2017,1,0.05,FALSE,0.72,15.9376260713109,40.6523230368239,1000,20291189,5,rolling_v1|Chang2017|252|5|0.05|1|1000|1|TRUE|QS|20260821,ok,,20.7369999999937
gfc_2005_2010,The global financial crisis period,161,gfc_2005_2010_w0161,2008-03-10,2009-03-09,2008-09-05,252,349,Chang2017,1,0.05,FALSE,0.713,15.9376284231284,39.1889925125063,1000,20291219,5,rolling_v1|Chang2017|252|5|0.05|1|1000|1|TRUE|QS|20260821,ok,,21.3930000000109
gfc_2005_2010,The global financial crisis period,162,gfc_2005_2010_w0162,2008-03-17,2009-03-16,2008-09-12,252,349,Chang2017,1,0.05,FALSE,0.704,15.9376260713109,37.6034001965556,1000,20291249,5,rolling_v1|Chang2017|252|5|0.05|1|1000|1|TRUE|QS|20260821,ok,,25.6379999999917
gfc_2005_2010,The global financial crisis period,163,gfc_2005_2010_w0163,2008-03-25,2009-03-23,2008-09-19,252,349,Chang2017,1,0.05,FALSE,0.679,15.9376261395408,38.0022945404288,1000,20291279,5,rolling_v1|Chang2017|252|5|0.05|1|1000|1|TRUE|QS|20260821,ok,,20.4820000000036
gfc_2005_2010,The global financial crisis period,164,gfc_2005_2010_w0164,2008-04-01,2009-03-30,2008-09-26,252,349,Chang2017,1,0.05,FALSE,0.733,15.9376274190394,39.4645486593839,1000,20291309,5,rolling_v1|Chang2017|252|5|0.05|1|1000|1|TRUE|QS|20260821,ok,,20.8559999999998
gfc_2005_2010,The global financial crisis period,165,gfc_2005_2010_w0165,2008-04-08,2009-04-06,2008-10-03,252,349,Chang2017,1,0.05,FALSE,0.728,15.9376260713109,39.4868579217121,1000,20291339,5,rolling_v1|Chang2017|252|5|0.05|1|1000|1|TRUE|QS|20260821,ok,,21.0060000000085
gfc_2005_2010,The global financial crisis period,166,gfc_2005_2010_w0166,2008-04-15,2009-04-14,2008-10-10,252,349,Chang2017,1,0.05,FALSE,0.674,15.9376266528383,38.8196733431461,1000,20291369,5,rolling_v1|Chang2017|252|5|0.05|1|1000|1|TRUE|QS|20260821,ok,,20.4640000000072
gfc_2005_2010,The global financial crisis period,167,gfc_2005_2010_w0167,2008-04-22,2009-04-21,2008-10-17,252,349,Chang2017,1,0.05,FALSE,0.706,15.9376279668615,39.1782775137266,1000,20291399,5,rolling_v1|Chang2017|252|5|0.05|1|1000|1|TRUE|QS|20260821,ok,,20.1110000000044
gfc_2005_2010,The global financial crisis period,168,gfc_2005_2010_w0168,2008-04-29,2009-04-28,2008-10-24,252,349,Chang2017,1,0.05,FALSE,0.713,15.9376260713109,39.5121313235461,1000,20291429,5,rolling_v1|Chang2017|252|5|0.05|1|1000|1|TRUE|QS|20260821,ok,,20.18299999999
gfc_2005_2010,The global financial crisis period,169,gfc_2005_2010_w0169,2008-05-06,2009-05-05,2008-10-31,252,349,Chang2017,1,0.05,FALSE,0.677,15.9376290753414,40.0060594328362,1000,20291459,5,rolling_v1|Chang2017|252|5|0.05|1|1000|1|TRUE|QS|20260821,ok,,20.4459999999963
gfc_2005_2010,The global financial crisis period,170,gfc_2005_2010_w0170,2008-05-13,2009-05-12,2008-11-07,252,349,Chang2017,1,0.05,FALSE,0.514,15.9376309591718,36.7998471332881,1000,20291218,5,rolling_v1|Chang2017|252|5|0.05|1|1000|1|TRUE|QS|20260821,ok,,20.4309999999969
gfc_2005_2010,The global financial crisis period,171,gfc_2005_2010_w0171,2008-05-20,2009-05-19,2008-11-14,252,349,Chang2017,1,0.05,FALSE,0.65,15.9376278856549,37.0649628634952,1000,20291248,5,rolling_v1|Chang2017|252|5|0.05|1|1000|1|TRUE|QS|20260821,ok,,20.5950000000012
gfc_2005_2010,The global financial crisis period,172,gfc_2005_2010_w0172,2008-05-28,2009-05-27,2008-11-21,252,349,Chang2017,1,0.05,FALSE,0.674,15.9376260713109,39.4193531173345,1000,20291278,5,rolling_v1|Chang2017|252|5|0.05|1|1000|1|TRUE|QS|20260821,ok,,20.195000000007
gfc_2005_2010,The global financial crisis period,173,gfc_2005_2010_w0173,2008-06-04,2009-06-03,2008-12-01,252,349,Chang2017,1,0.05,FALSE,0.71,15.9376260713109,37.9609215293292,1000,20291308,5,rolling_v1|Chang2017|252|5|0.05|1|1000|1|TRUE|QS|20260821,ok,,21.7189999999973
gfc_2005_2010,The global financial crisis period,174,gfc_2005_2010_w0174,2008-06-11,2009-06-10,2008-12-08,252,349,Chang2017,1,0.05,FALSE,0.737,15.9376297333533,38.1202294884972,1000,20291338,5,rolling_v1|Chang2017|252|5|0.05|1|1000|1|TRUE|QS|20260821,ok,,20.650999999998
gfc_2005_2010,The global financial crisis period,175,gfc_2005_2010_w0175,2008-06-18,2009-06-17,2008-12-15,252,349,Chang2017,1,0.05,FALSE,0.719,15.9376302809267,39.0657160398672,1000,20291368,5,rolling_v1|Chang2017|252|5|0.05|1|1000|1|TRUE|QS|20260821,ok,,21.8910000000033
gfc_2005_2010,The global financial crisis period,176,gfc_2005_2010_w0176,2008-06-25,2009-06-24,2008-12-22,252,349,Chang2017,1,0.05,FALSE,0.707,15.9376260713109,38.4920592636188,1000,20291398,5,rolling_v1|Chang2017|252|5|0.05|1|1000|1|TRUE|QS|20260821,ok,,20.2540000000008
gfc_2005_2010,The global financial crisis period,177,gfc_2005_2010_w0177,2008-07-02,2009-07-01,2008-12-30,252,349,Chang2017,1,0.05,FALSE,0.659,15.937626071311,38.4670637023361,1000,20291428,5,rolling_v1|Chang2017|252|5|0.05|1|1000|1|TRUE|QS|20260821,ok,,21.3470000000088
gfc_2005_2010,The global financial crisis period,178,gfc_2005_2010_w0178,2008-07-10,2009-07-09,2009-01-07,252,349,Chang2017,1,0.05,FALSE,0.699,15.9376287254598,39.596600223907,1000,20291458,5,rolling_v1|Chang2017|252|5|0.05|1|1000|1|TRUE|QS|20260821,ok,,24.1399999999994
gfc_2005_2010,The global financial crisis period,179,gfc_2005_2010_w0179,2008-07-17,2009-07-16,2009-01-14,252,349,Chang2017,1,0.05,FALSE,0.678,15.9376260713109,38.3502058512418,1000,20291488,5,rolling_v1|Chang2017|252|5|0.05|1|1000|1|TRUE|QS|20260821,ok,,21.5989999999874
gfc_2005_2010,The global financial crisis period,180,gfc_2005_2010_w0180,2008-07-24,2009-07-23,2009-01-22,252,349,Chang2017,1,0.05,FALSE,0.739,15.9376288548195,38.8013260312605,1000,20291247,5,rolling_v1|Chang2017|252|5|0.05|1|1000|1|TRUE|QS|20260821,ok,,20.3289999999979
gfc_2005_2010,The global financial crisis period,181,gfc_2005_2010_w0181,2008-07-31,2009-07-30,2009-01-29,252,349,Chang2017,1,0.05,FALSE,0.647,15.937626189886,39.2824947349066,1000,20291277,5,rolling_v1|Chang2017|252|5|0.05|1|1000|1|TRUE|QS|20260821,ok,,21.4070000000065
gfc_2005_2010,The global financial crisis period,182,gfc_2005_2010_w0182,2008-08-07,2009-08-06,2009-02-05,252,349,Chang2017,1,0.05,FALSE,0.707,15.9376295019383,39.010064106344,1000,20291307,5,rolling_v1|Chang2017|252|5|0.05|1|1000|1|TRUE|QS|20260821,ok,,25.8959999999934
gfc_2005_2010,The global financial crisis period,183,gfc_2005_2010_w0183,2008-08-14,2009-08-13,2009-02-12,252,349,Chang2017,1,0.05,FALSE,0.728,15.9376285847066,39.4718054477064,1000,20291337,5,rolling_v1|Chang2017|252|5|0.05|1|1000|1|TRUE|QS|20260821,ok,,20.5280000000057
gfc_2005_2010,The global financial crisis period,184,gfc_2005_2010_w0184,2008-08-21,2009-08-20,2009-02-20,252,349,Chang2017,1,0.05,FALSE,0.728,15.9376260713109,39.3305125981626,1000,20291367,5,rolling_v1|Chang2017|252|5|0.05|1|1000|1|TRUE|QS|20260821,ok,,20.3039999999892
gfc_2005_2010,The global financial crisis period,185,gfc_2005_2010_w0185,2008-08-28,2009-08-27,2009-02-27,252,349,Chang2017,1,0.05,FALSE,0.697,15.9376260713109,38.1681914755815,1000,20291397,5,rolling_v1|Chang2017|252|5|0.05|1|1000|1|TRUE|QS|20260821,ok,,21.4759999999951
gfc_2005_2010,The global financial crisis period,186,gfc_2005_2010_w0186,2008-09-05,2009-09-03,2009-03-06,252,349,Chang2017,1,0.05,FALSE,0.692,15.9376265919568,38.5914008368144,1000,20291427,5,rolling_v1|Chang2017|252|5|0.05|1|1000|1|TRUE|QS|20260821,ok,,22.2580000000016
gfc_2005_2010,The global financial crisis period,187,gfc_2005_2010_w0187,2008-09-12,2009-09-11,2009-03-13,252,349,Chang2017,1,0.05,FALSE,0.7,15.9376260713109,37.917471918723,1000,20291457,5,rolling_v1|Chang2017|252|5|0.05|1|1000|1|TRUE|QS|20260821,ok,,20.3000000000029
gfc_2005_2010,The global financial crisis period,188,gfc_2005_2010_w0188,2008-09-19,2009-09-18,2009-03-20,252,349,Chang2017,1,0.05,FALSE,0.712,15.9376260713109,38.9195991082256,1000,20291487,5,rolling_v1|Chang2017|252|5|0.05|1|1000|1|TRUE|QS|20260821,ok,,21.0010000000038
gfc_2005_2010,The global financial crisis period,189,gfc_2005_2010_w0189,2008-09-26,2009-09-25,2009-03-27,252,349,Chang2017,1,0.05,FALSE,0.717,15.9376274682791,37.6277747627876,1000,20291517,5,rolling_v1|Chang2017|252|5|0.05|1|1000|1|TRUE|QS|20260821,ok,,20.4750000000058
gfc_2005_2010,The global financial crisis period,190,gfc_2005_2010_w0190,2008-10-03,2009-10-02,2009-04-03,252,349,Chang2017,1,0.05,FALSE,0.732,15.9376260713109,38.8523861796796,1000,20291276,5,rolling_v1|Chang2017|252|5|0.05|1|1000|1|TRUE|QS|20260821,ok,,20.7379999999976
gfc_2005_2010,The global financial crisis period,191,gfc_2005_2010_w0191,2008-10-10,2009-10-09,2009-04-13,252,349,Chang2017,1,0.05,FALSE,0.73,15.9376308343159,39.5401429572148,1000,20291306,5,rolling_v1|Chang2017|252|5|0.05|1|1000|1|TRUE|QS|20260821,ok,,20.601999999999
gfc_2005_2010,The global financial crisis period,192,gfc_2005_2010_w0192,2008-10-17,2009-10-16,2009-04-20,252,349,Chang2017,1,0.05,FALSE,0.618,15.9376272675117,36.9795959809322,1000,20291336,5,rolling_v1|Chang2017|252|5|0.05|1|1000|1|TRUE|QS|20260821,ok,,21.7989999999991
gfc_2005_2010,The global financial crisis period,193,gfc_2005_2010_w0193,2008-10-24,2009-10-23,2009-04-27,252,349,Chang2017,1,0.05,FALSE,0.736,15.9376301300768,39.6205141881697,1000,20291366,5,rolling_v1|Chang2017|252|5|0.05|1|1000|1|TRUE|QS|20260821,ok,,21.3709999999992
gfc_2005_2010,The global financial crisis period,194,gfc_2005_2010_w0194,2008-10-31,2009-10-30,2009-05-04,252,349,Chang2017,1,0.05,FALSE,0.688,15.9376260713109,38.7767186045151,1000,20291396,5,rolling_v1|Chang2017|252|5|0.05|1|1000|1|TRUE|QS|20260821,ok,,21.8809999999939
gfc_2005_2010,The global financial crisis period,195,gfc_2005_2010_w0195,2008-11-07,2009-11-06,2009-05-11,252,349,Chang2017,1,0.05,FALSE,0.699,15.9376272491839,38.2510638588558,1000,20291426,5,rolling_v1|Chang2017|252|5|0.05|1|1000|1|TRUE|QS|20260821,ok,,21.6570000000065
gfc_2005_2010,The global financial crisis period,196,gfc_2005_2010_w0196,2008-11-14,2009-11-13,2009-05-18,252,349,Chang2017,1,0.05,FALSE,0.634,15.9376282050114,37.7005629993295,1000,20291456,5,rolling_v1|Chang2017|252|5|0.05|1|1000|1|TRUE|QS|20260821,ok,,21.7740000000049
gfc_2005_2010,The global financial crisis period,197,gfc_2005_2010_w0197,2008-11-21,2009-11-20,2009-05-26,252,349,Chang2017,1,0.05,FALSE,0.727,15.9376296199614,39.8612254105891,1000,20291486,5,rolling_v1|Chang2017|252|5|0.05|1|1000|1|TRUE|QS|20260821,ok,,21.301999999996
gfc_2005_2010,The global financial crisis period,198,gfc_2005_2010_w0198,2008-12-01,2009-11-30,2009-06-02,252,349,Chang2017,1,0.05,FALSE,0.666,15.9376260713109,37.9688395602885,1000,20291516,5,rolling_v1|Chang2017|252|5|0.05|1|1000|1|TRUE|QS|20260821,ok,,20.851999999999
gfc_2005_2010,The global financial crisis period,199,gfc_2005_2010_w0199,2008-12-08,2009-12-07,2009-06-09,252,349,Chang2017,1,0.05,FALSE,0.73,15.9376260713109,39.4270169468009,1000,20291546,5,rolling_v1|Chang2017|252|5|0.05|1|1000|1|TRUE|QS|20260821,ok,,26.8240000000078
gfc_2005_2010,The global financial crisis period,200,gfc_2005_2010_w0200,2008-12-15,2009-12-14,2009-06-16,252,349,Chang2017,1,0.05,FALSE,0.699,15.9376262272923,38.5202298879872,1000,20291043,5,rolling_v1|Chang2017|252|5|0.05|1|1000|1|TRUE|QS|20260821,ok,,21.2709999999934
gfc_2005_2010,The global financial crisis period,201,gfc_2005_2010_w0201,2008-12-22,2009-12-21,2009-06-23,252,349,Chang2017,1,0.05,FALSE,0.73,15.9376260713109,37.9843719159123,1000,20291073,5,rolling_v1|Chang2017|252|5|0.05|1|1000|1|TRUE|QS|20260821,ok,,21.0349999999889
gfc_2005_2010,The global financial crisis period,202,gfc_2005_2010_w0202,2008-12-30,2009-12-29,2009-06-30,252,349,Chang2017,1,0.05,FALSE,0.712,15.9376260713109,38.0204804388847,1000,20291103,5,rolling_v1|Chang2017|252|5|0.05|1|1000|1|TRUE|QS|20260821,ok,,21.4879999999976
gfc_2005_2010,The global financial crisis period,203,gfc_2005_2010_w0203,2009-01-07,2010-01-06,2009-07-08,252,349,Chang2017,1,0.05,FALSE,0.705,15.9376266211811,39.4447241546985,1000,20291133,5,rolling_v1|Chang2017|252|5|0.05|1|1000|1|TRUE|QS|20260821,ok,,20.8000000000029
gfc_2005_2010,The global financial crisis period,204,gfc_2005_2010_w0204,2009-01-14,2010-01-13,2009-07-15,252,349,Chang2017,1,0.05,FALSE,0.727,15.9376262448924,38.0246492239147,1000,20291163,5,rolling_v1|Chang2017|252|5|0.05|1|1000|1|TRUE|QS|20260821,ok,,20.8619999999937
gfc_2005_2010,The global financial crisis period,205,gfc_2005_2010_w0205,2009-01-22,2010-01-21,2009-07-22,252,349,Chang2017,1,0.05,FALSE,0.693,15.9376260713109,39.2627475444339,1000,20291193,5,rolling_v1|Chang2017|252|5|0.05|1|1000|1|TRUE|QS|20260821,ok,,21.2409999999945
gfc_2005_2010,The global financial crisis period,206,gfc_2005_2010_w0206,2009-01-29,2010-01-28,2009-07-29,252,349,Chang2017,1,0.05,FALSE,0.729,15.9376267614466,40.0513275394663,1000,20291223,5,rolling_v1|Chang2017|252|5|0.05|1|1000|1|TRUE|QS|20260821,ok,,21.330999999991
gfc_2005_2010,The global financial crisis period,207,gfc_2005_2010_w0207,2009-02-05,2010-02-04,2009-08-05,252,349,Chang2017,1,0.05,FALSE,0.708,15.9376260713109,37.7832345613158,1000,20291253,5,rolling_v1|Chang2017|252|5|0.05|1|1000|1|TRUE|QS|20260821,ok,,21.1190000000061
gfc_2005_2010,The global financial crisis period,208,gfc_2005_2010_w0208,2009-02-12,2010-02-11,2009-08-12,252,349,Chang2017,1,0.05,FALSE,0.707,15.9376260713109,40.164480068153,1000,20291283,5,rolling_v1|Chang2017|252|5|0.05|1|1000|1|TRUE|QS|20260821,ok,,21.5840000000026
gfc_2005_2010,The global financial crisis period,209,gfc_2005_2010_w0209,2009-02-20,2010-02-19,2009-08-19,252,349,Chang2017,1,0.05,FALSE,0.682,15.9376260713109,38.1375353177329,1000,20291313,5,rolling_v1|Chang2017|252|5|0.05|1|1000|1|TRUE|QS|20260821,ok,,21.5159999999887
gfc_2005_2010,The global financial crisis period,210,gfc_2005_2010_w0210,2009-02-27,2010-02-26,2009-08-26,252,349,Chang2017,1,0.05,FALSE,0.747,15.9376292553123,39.0906500815466,1000,20291072,5,rolling_v1|Chang2017|252|5|0.05|1|1000|1|TRUE|QS|20260821,ok,,21.0740000000078
gfc_2005_2010,The global financial crisis period,211,gfc_2005_2010_w0211,2009-03-06,2010-03-05,2009-09-02,252,349,Chang2017,1,0.05,FALSE,0.718,15.9376268991655,39.0221117151882,1000,20291102,5,rolling_v1|Chang2017|252|5|0.05|1|1000|1|TRUE|QS|20260821,ok,,21.4130000000005
gfc_2005_2010,The global financial crisis period,212,gfc_2005_2010_w0212,2009-03-13,2010-03-12,2009-09-10,252,349,Chang2017,1,0.05,FALSE,0.725,15.9376290545482,38.8427578274856,1000,20291132,5,rolling_v1|Chang2017|252|5|0.05|1|1000|1|TRUE|QS|20260821,ok,,20.6549999999988
gfc_2005_2010,The global financial crisis period,213,gfc_2005_2010_w0213,2009-03-20,2010-03-19,2009-09-17,252,349,Chang2017,1,0.05,FALSE,0.695,15.9376260713109,39.3569136918007,1000,20291162,5,rolling_v1|Chang2017|252|5|0.05|1|1000|1|TRUE|QS|20260821,ok,,20.8819999999978
gfc_2005_2010,The global financial crisis period,214,gfc_2005_2010_w0214,2009-03-27,2010-03-26,2009-09-24,252,349,Chang2017,1,0.05,FALSE,0.715,15.9376264084074,38.0436328704735,1000,20291192,5,rolling_v1|Chang2017|252|5|0.05|1|1000|1|TRUE|QS|20260821,ok,,20.8729999999923
gfc_2005_2010,The global financial crisis period,215,gfc_2005_2010_w0215,2009-04-03,2010-04-05,2009-10-01,252,349,Chang2017,1,0.05,FALSE,0.711,15.9376260713109,39.5299376387191,1000,20291222,5,rolling_v1|Chang2017|252|5|0.05|1|1000|1|TRUE|QS|20260821,ok,,20.8410000000004
gfc_2005_2010,The global financial crisis period,216,gfc_2005_2010_w0216,2009-04-13,2010-04-12,2009-10-08,252,349,Chang2017,1,0.05,FALSE,0.562,15.9376260713109,35.3259641123817,1000,20291252,5,rolling_v1|Chang2017|252|5|0.05|1|1000|1|TRUE|QS|20260821,ok,,21.2680000000109
gfc_2005_2010,The global financial crisis period,217,gfc_2005_2010_w0217,2009-04-20,2010-04-19,2009-10-15,252,349,Chang2017,1,0.05,FALSE,0.484,15.9376260713109,34.5227063616662,1000,20291282,5,rolling_v1|Chang2017|252|5|0.05|1|1000|1|TRUE|QS|20260821,ok,,21.3120000000054
gfc_2005_2010,The global financial crisis period,218,gfc_2005_2010_w0218,2009-04-27,2010-04-26,2009-10-22,252,349,Chang2017,1,0.05,FALSE,0.723,15.9376278731763,39.7626477095654,1000,20291312,5,rolling_v1|Chang2017|252|5|0.05|1|1000|1|TRUE|QS|20260821,ok,,21.4890000000014
gfc_2005_2010,The global financial crisis period,219,gfc_2005_2010_w0219,2009-05-04,2010-05-03,2009-10-29,252,349,Chang2017,1,0.05,FALSE,0.637,15.9376267095361,39.0671500198458,1000,20291342,5,rolling_v1|Chang2017|252|5|0.05|1|1000|1|TRUE|QS|20260821,ok,,20.9510000000009
gfc_2005_2010,The global financial crisis period,220,gfc_2005_2010_w0220,2009-05-11,2010-05-10,2009-11-05,252,349,Chang2017,1,0.05,FALSE,0.762,15.9376260713109,39.7173223791952,1000,20291101,5,rolling_v1|Chang2017|252|5|0.05|1|1000|1|TRUE|QS|20260821,ok,,20.5369999999966
gfc_2005_2010,The global financial crisis period,221,gfc_2005_2010_w0221,2009-05-18,2010-05-17,2009-11-12,252,349,Chang2017,1,0.05,FALSE,0.697,15.9376290983969,39.19561837582,1000,20291131,5,rolling_v1|Chang2017|252|5|0.05|1|1000|1|TRUE|QS|20260821,ok,,23.3549999999959
gfc_2005_2010,The global financial crisis period,222,gfc_2005_2010_w0222,2009-05-26,2010-05-24,2009-11-19,252,349,Chang2017,1,0.05,FALSE,0.718,15.9376260713109,38.2788474783063,1000,20291161,5,rolling_v1|Chang2017|252|5|0.05|1|1000|1|TRUE|QS|20260821,ok,,20.4730000000127
gfc_2005_2010,The global financial crisis period,223,gfc_2005_2010_w0223,2009-06-02,2010-06-01,2009-11-27,252,349,Chang2017,1,0.05,FALSE,0.711,15.9376260713109,38.67279151912,1000,20291191,5,rolling_v1|Chang2017|252|5|0.05|1|1000|1|TRUE|QS|20260821,ok,,20.8600000000006
gfc_2005_2010,The global financial crisis period,224,gfc_2005_2010_w0224,2009-06-09,2010-06-08,2009-12-04,252,349,Chang2017,1,0.05,FALSE,0.72,15.9376263034757,39.7201629207347,1000,20291221,5,rolling_v1|Chang2017|252|5|0.05|1|1000|1|TRUE|QS|20260821,ok,,20.5890000000072
gfc_2005_2010,The global financial crisis period,225,gfc_2005_2010_w0225,2009-06-16,2010-06-15,2009-12-11,252,349,Chang2017,1,0.05,FALSE,0.728,15.9376275066133,39.3997505013819,1000,20291251,5,rolling_v1|Chang2017|252|5|0.05|1|1000|1|TRUE|QS|20260821,ok,,20.4729999999981
gfc_2005_2010,The global financial crisis period,226,gfc_2005_2010_w0226,2009-06-23,2010-06-22,2009-12-18,252,349,Chang2017,1,0.05,FALSE,0.72,15.9376266197542,38.8369155457182,1000,20291281,5,rolling_v1|Chang2017|252|5|0.05|1|1000|1|TRUE|QS|20260821,ok,,20.3550000000105
gfc_2005_2010,The global financial crisis period,227,gfc_2005_2010_w0227,2009-06-30,2010-06-29,2009-12-28,252,349,Chang2017,1,0.05,FALSE,0.727,15.9376260713109,38.0917388563375,1000,20291311,5,rolling_v1|Chang2017|252|5|0.05|1|1000|1|TRUE|QS|20260821,ok,,20.6290000000008
gfc_2005_2010,The global financial crisis period,228,gfc_2005_2010_w0228,2009-07-08,2010-07-07,2010-01-05,252,349,Chang2017,1,0.05,FALSE,0.746,15.9376278745512,39.1732745315338,1000,20291341,5,rolling_v1|Chang2017|252|5|0.05|1|1000|1|TRUE|QS|20260821,ok,,20.4639999999927
gfc_2005_2010,The global financial crisis period,229,gfc_2005_2010_w0229,2009-07-15,2010-07-14,2010-01-12,252,349,Chang2017,1,0.05,FALSE,0.723,15.9376260713109,38.6051711940388,1000,20291371,5,rolling_v1|Chang2017|252|5|0.05|1|1000|1|TRUE|QS|20260821,ok,,23.099000000002
gfc_2005_2010,The global financial crisis period,230,gfc_2005_2010_w0230,2009-07-22,2010-07-21,2010-01-20,252,349,Chang2017,1,0.05,FALSE,0.618,15.9376294060573,37.5630585571755,1000,20291130,5,rolling_v1|Chang2017|252|5|0.05|1|1000|1|TRUE|QS|20260821,ok,,20.5770000000048
gfc_2005_2010,The global financial crisis period,231,gfc_2005_2010_w0231,2009-07-29,2010-07-28,2010-01-27,252,349,Chang2017,1,0.05,FALSE,0.477,15.9376260713109,34.4006959232094,1000,20291160,5,rolling_v1|Chang2017|252|5|0.05|1|1000|1|TRUE|QS|20260821,ok,,20.4400000000023
gfc_2005_2010,The global financial crisis period,232,gfc_2005_2010_w0232,2009-08-05,2010-08-04,2010-02-03,252,349,Chang2017,1,0.05,FALSE,0.728,15.9376292847567,39.1950323352774,1000,20291190,5,rolling_v1|Chang2017|252|5|0.05|1|1000|1|TRUE|QS|20260821,ok,,20.0590000000084
gfc_2005_2010,The global financial crisis period,233,gfc_2005_2010_w0233,2009-08-12,2010-08-11,2010-02-10,252,349,Chang2017,1,0.05,FALSE,0.735,15.9376260713109,39.005253392569,1000,20291220,5,rolling_v1|Chang2017|252|5|0.05|1|1000|1|TRUE|QS|20260821,ok,,20.6070000000036
gfc_2005_2010,The global financial crisis period,234,gfc_2005_2010_w0234,2009-08-19,2010-08-18,2010-02-18,252,349,Chang2017,1,0.05,FALSE,0.732,15.9376260713109,39.0239608093141,1000,20291250,5,rolling_v1|Chang2017|252|5|0.05|1|1000|1|TRUE|QS|20260821,ok,,19.945000000007
gfc_2005_2010,The global financial crisis period,235,gfc_2005_2010_w0235,2009-08-26,2010-08-25,2010-02-25,252,349,Chang2017,1,0.05,FALSE,0.711,15.9376260713109,39.4025532257842,1000,20291280,5,rolling_v1|Chang2017|252|5|0.05|1|1000|1|TRUE|QS|20260821,ok,,20.2980000000098
gfc_2005_2010,The global financial crisis period,236,gfc_2005_2010_w0236,2009-09-02,2010-09-01,2010-03-04,252,349,Chang2017,1,0.05,FALSE,0.728,15.9376261469109,39.422929350968,1000,20291310,5,rolling_v1|Chang2017|252|5|0.05|1|1000|1|TRUE|QS|20260821,ok,,19.8220000000001
gfc_2005_2010,The global financial crisis period,237,gfc_2005_2010_w0237,2009-09-10,2010-09-09,2010-03-11,252,349,Chang2017,1,0.05,FALSE,0.579,15.9376260713109,35.7374989789198,1000,20291340,5,rolling_v1|Chang2017|252|5|0.05|1|1000|1|TRUE|QS|20260821,ok,,19.971000000005
gfc_2005_2010,The global financial crisis period,238,gfc_2005_2010_w0238,2009-09-17,2010-09-16,2010-03-18,252,349,Chang2017,1,0.05,FALSE,0.742,15.9376291388282,39.3699151440019,1000,20291370,5,rolling_v1|Chang2017|252|5|0.05|1|1000|1|TRUE|QS|20260821,ok,,20.3919999999926
gfc_2005_2010,The global financial crisis period,239,gfc_2005_2010_w0239,2009-09-24,2010-09-23,2010-03-25,252,349,Chang2017,1,0.05,FALSE,0.695,15.9376267150037,37.6342498642882,1000,20291400,5,rolling_v1|Chang2017|252|5|0.05|1|1000|1|TRUE|QS|20260821,ok,,20.1159999999945
gfc_2005_2010,The global financial crisis period,240,gfc_2005_2010_w0240,2009-10-01,2010-09-30,2010-04-01,252,349,Chang2017,1,0.05,FALSE,0.71,15.9376271829092,38.1133912519451,1000,20291159,5,rolling_v1|Chang2017|252|5|0.05|1|1000|1|TRUE|QS|20260821,ok,,22.778999999995
gfc_2005_2010,The global financial crisis period,241,gfc_2005_2010_w0241,2009-10-08,2010-10-07,2010-04-09,252,349,Chang2017,1,0.05,FALSE,0.72,15.9376287370306,40.6445039263491,1000,20291189,5,rolling_v1|Chang2017|252|5|0.05|1|1000|1|TRUE|QS|20260821,ok,,21.0810000000056
gfc_2005_2010,The global financial crisis period,242,gfc_2005_2010_w0242,2009-10-15,2010-10-14,2010-04-16,252,349,Chang2017,1,0.05,FALSE,0.713,15.9376260713109,39.186770961539,1000,20291219,5,rolling_v1|Chang2017|252|5|0.05|1|1000|1|TRUE|QS|20260821,ok,,19.9679999999935
gfc_2005_2010,The global financial crisis period,243,gfc_2005_2010_w0243,2009-10-22,2010-10-21,2010-04-23,252,349,Chang2017,1,0.05,FALSE,0.742,15.9376260713109,38.8580015166484,1000,20291249,5,rolling_v1|Chang2017|252|5|0.05|1|1000|1|TRUE|QS|20260821,ok,,22.0339999999997
gfc_2005_2010,The global financial crisis period,244,gfc_2005_2010_w0244,2009-10-29,2010-10-28,2010-04-30,252,349,Chang2017,1,0.05,FALSE,0.713,15.9376279883189,39.0166006703582,1000,20291279,5,rolling_v1|Chang2017|252|5|0.05|1|1000|1|TRUE|QS|20260821,ok,,20.0920000000042
gfc_2005_2010,The global financial crisis period,245,gfc_2005_2010_w0245,2009-11-05,2010-11-04,2010-05-07,252,349,Chang2017,1,0.05,FALSE,0.737,15.9376260713109,39.8281849602885,1000,20291309,5,rolling_v1|Chang2017|252|5|0.05|1|1000|1|TRUE|QS|20260821,ok,,20.1129999999976
gfc_2005_2010,The global financial crisis period,246,gfc_2005_2010_w0246,2009-11-12,2010-11-11,2010-05-14,252,349,Chang2017,1,0.05,FALSE,0.746,15.9376260713109,39.7718925757789,1000,20291339,5,rolling_v1|Chang2017|252|5|0.05|1|1000|1|TRUE|QS|20260821,ok,,19.8099999999977
gfc_2005_2010,The global financial crisis period,247,gfc_2005_2010_w0247,2009-11-19,2010-11-18,2010-05-21,252,349,Chang2017,1,0.05,FALSE,0.706,15.9376260713109,39.7766423180476,1000,20291369,5,rolling_v1|Chang2017|252|5|0.05|1|1000|1|TRUE|QS|20260821,ok,,19.4089999999997
gfc_2005_2010,The global financial crisis period,248,gfc_2005_2010_w0248,2009-11-27,2010-11-26,2010-05-28,252,349,Chang2017,1,0.05,FALSE,0.717,15.9376260713109,39.2482400191133,1000,20291399,5,rolling_v1|Chang2017|252|5|0.05|1|1000|1|TRUE|QS|20260821,ok,,21.8699999999953
gfc_2005_2010,The global financial crisis period,249,gfc_2005_2010_w0249,2009-12-04,2010-12-03,2010-06-07,252,349,Chang2017,1,0.05,FALSE,0.637,15.9376261398305,38.2975268246548,1000,20291429,5,rolling_v1|Chang2017|252|5|0.05|1|1000|1|TRUE|QS|20260821,ok,,19.5679999999993
gfc_2005_2010,The global financial crisis period,250,gfc_2005_2010_w0250,2009-12-11,2010-12-10,2010-06-14,252,349,Chang2017,1,0.05,FALSE,0.635,15.9376264115113,38.5854451313857,1000,20291188,5,rolling_v1|Chang2017|252|5|0.05|1|1000|1|TRUE|QS|20260821,ok,,19.8099999999977
gfc_2005_2010,The global financial crisis period,251,gfc_2005_2010_w0251,2009-12-18,2010-12-17,2010-06-21,252,349,Chang2017,1,0.05,FALSE,0.741,15.937626681166,39.7067284634402,1000,20291218,5,rolling_v1|Chang2017|252|5|0.05|1|1000|1|TRUE|QS|20260821,ok,,19.7580000000016
gfc_2005_2010,The global financial crisis period,252,gfc_2005_2010_w0252,2009-12-28,2010-12-27,2010-06-28,252,349,Chang2017,1,0.05,FALSE,0.693,15.9376317593442,38.5319923634114,1000,20291248,5,rolling_v1|Chang2017|252|5|0.05|1|1000|1|TRUE|QS|20260821,ok,,19.1689999999944
gfc_2005_2010,The global financial crisis period,1,gfc_2005_2010_w0001,2005-01-03,2005-12-30,2005-07-01,252,349,Chen2025_D,1,0.05,TRUE,6.57047122423833e-06,24.5271192275787,6.60166628732937,,20293228,5,rolling_v1|Chen2025_D|252|5|0.05|1|NA|1|TRUE|QS|20260821,ok,,11.3470000000088
gfc_2005_2010,The global financial crisis period,2,gfc_2005_2010_w0002,2005-01-10,2006-01-09,2005-07-11,252,349,Chen2025_D,1,0.05,TRUE,2.5714408169314e-05,21.7981682625628,6.60166628732937,,20293259,5,rolling_v1|Chen2025_D|252|5|0.05|1|NA|1|TRUE|QS|20260821,ok,,11.2150000000111
gfc_2005_2010,The global financial crisis period,3,gfc_2005_2010_w0003,2005-01-18,2006-01-17,2005-07-18,252,349,Chen2025_D,1,0.05,TRUE,6.17007182765599e-05,20.0476440583112,6.60166628732937,,20293290,5,rolling_v1|Chen2025_D|252|5|0.05|1|NA|1|TRUE|QS|20260821,ok,,11.1820000000007
gfc_2005_2010,The global financial crisis period,4,gfc_2005_2010_w0004,2005-01-25,2006-01-24,2005-07-25,252,349,Chen2025_D,1,0.05,TRUE,3.50147924337013e-05,21.1807206635408,6.60166628732937,,20293321,5,rolling_v1|Chen2025_D|252|5|0.05|1|NA|1|TRUE|QS|20260821,ok,,11.1640000000043
gfc_2005_2010,The global financial crisis period,5,gfc_2005_2010_w0005,2005-02-01,2006-01-31,2005-08-01,252,349,Chen2025_D,1,0.05,TRUE,1.70730194324992e-05,22.6172810190546,6.60166628732937,,20293352,5,rolling_v1|Chen2025_D|252|5|0.05|1|NA|1|TRUE|QS|20260821,ok,,11.3139999999985
gfc_2005_2010,The global financial crisis period,6,gfc_2005_2010_w0006,2005-02-08,2006-02-07,2005-08-08,252,349,Chen2025_D,1,0.05,TRUE,8.98664030284189e-06,23.9008097910763,6.60166628732937,,20293383,5,rolling_v1|Chen2025_D|252|5|0.05|1|NA|1|TRUE|QS|20260821,ok,,11.1110000000044
gfc_2005_2010,The global financial crisis period,7,gfc_2005_2010_w0007,2005-02-15,2006-02-14,2005-08-15,252,349,Chen2025_D,1,0.05,TRUE,5.81957817248808e-06,24.7698355252559,6.60166628732937,,20293414,5,rolling_v1|Chen2025_D|252|5|0.05|1|NA|1|TRUE|QS|20260821,ok,,11.4349999999977
gfc_2005_2010,The global financial crisis period,8,gfc_2005_2010_w0008,2005-02-23,2006-02-22,2005-08-22,252,349,Chen2025_D,1,0.05,TRUE,1.2315490382215e-06,27.8757501582288,6.60166628732937,,20293445,5,rolling_v1|Chen2025_D|252|5|0.05|1|NA|1|TRUE|QS|20260821,ok,,11.8099999999977
gfc_2005_2010,The global financial crisis period,9,gfc_2005_2010_w0009,2005-03-02,2006-03-01,2005-08-29,252,349,Chen2025_D,1,0.05,TRUE,1.52927414871821e-07,32.047880517769,6.60166628732937,,20293476,5,rolling_v1|Chen2025_D|252|5|0.05|1|NA|1|TRUE|QS|20260821,ok,,11.2590000000055
gfc_2005_2010,The global financial crisis period,10,gfc_2005_2010_w0010,2005-03-09,2006-03-08,2005-09-06,252,349,Chen2025_D,1,0.05,TRUE,3.27670810409038e-09,39.7341288766137,6.60166628732937,,20293227,5,rolling_v1|Chen2025_D|252|5|0.05|1|NA|1|TRUE|QS|20260821,ok,,12.2569999999978
gfc_2005_2010,The global financial crisis period,11,gfc_2005_2010_w0011,2005-03-16,2006-03-15,2005-09-13,252,349,Chen2025_D,1,0.05,TRUE,1.92522366541904e-08,36.1925529562609,6.60166628732937,,20293258,5,rolling_v1|Chen2025_D|252|5|0.05|1|NA|1|TRUE|QS|20260821,ok,,11.2510000000038
gfc_2005_2010,The global financial crisis period,12,gfc_2005_2010_w0012,2005-03-23,2006-03-22,2005-09-20,252,349,Chen2025_D,1,0.05,TRUE,1.47437790633986e-07,32.1209946588978,6.60166628732937,,20293289,5,rolling_v1|Chen2025_D|252|5|0.05|1|NA|1|TRUE|QS|20260821,ok,,12.0380000000005
gfc_2005_2010,The global financial crisis period,13,gfc_2005_2010_w0013,2005-03-31,2006-03-29,2005-09-27,252,349,Chen2025_D,1,0.05,TRUE,2.7341825265525e-07,30.8858018221495,6.60166628732937,,20293320,5,rolling_v1|Chen2025_D|252|5|0.05|1|NA|1|TRUE|QS|20260821,ok,,11.0600000000122
gfc_2005_2010,The global financial crisis period,14,gfc_2005_2010_w0014,2005-04-07,2006-04-05,2005-10-04,252,349,Chen2025_D,1,0.05,TRUE,4.71834130987958e-07,29.7945519784524,6.60166628732937,,20293351,5,rolling_v1|Chen2025_D|252|5|0.05|1|NA|1|TRUE|QS|20260821,ok,,11.1190000000061
gfc_2005_2010,The global financial crisis period,15,gfc_2005_2010_w0015,2005-04-14,2006-04-12,2005-10-11,252,349,Chen2025_D,1,0.05,TRUE,1.28114372871875e-06,27.7967891899781,6.60166628732937,,20293382,5,rolling_v1|Chen2025_D|252|5|0.05|1|NA|1|TRUE|QS|20260821,ok,,11.6730000000098
gfc_2005_2010,The global financial crisis period,16,gfc_2005_2010_w0016,2005-04-21,2006-04-20,2005-10-18,252,349,Chen2025_D,1,0.05,TRUE,4.1885798747938e-06,25.4275692276794,6.60166628732937,,20293413,5,rolling_v1|Chen2025_D|252|5|0.05|1|NA|1|TRUE|QS|20260821,ok,,10.9070000000065
gfc_2005_2010,The global financial crisis period,17,gfc_2005_2010_w0017,2005-04-28,2006-04-27,2005-10-25,252,349,Chen2025_D,1,0.05,TRUE,0.000297355161530403,16.9021450042915,6.60166628732937,,20293444,5,rolling_v1|Chen2025_D|252|5|0.05|1|NA|1|TRUE|QS|20260821,ok,,11.8010000000068
gfc_2005_2010,The global financial crisis period,18,gfc_2005_2010_w0018,2005-05-05,2006-05-04,2005-11-01,252,349,Chen2025_D,1,0.05,TRUE,0.00368788387944514,11.8629871455925,6.60166628732937,,20293475,5,rolling_v1|Chen2025_D|252|5|0.05|1|NA|1|TRUE|QS|20260821,ok,,11.523000000001
gfc_2005_2010,The global financial crisis period,19,gfc_2005_2010_w0019,2005-05-12,2006-05-11,2005-11-08,252,349,Chen2025_D,1,0.05,TRUE,0.0163821734464091,8.86790372142032,6.60166628732937,,20293506,5,rolling_v1|Chen2025_D|252|5|0.05|1|NA|1|TRUE|QS|20260821,ok,,11.2979999999952
gfc_2005_2010,The global financial crisis period,20,gfc_2005_2010_w0020,2005-05-19,2006-05-18,2005-11-15,252,349,Chen2025_D,1,0.05,TRUE,0.0465724119320222,6.74726739142614,6.60166628732937,,20293257,5,rolling_v1|Chen2025_D|252|5|0.05|1|NA|1|TRUE|QS|20260821,ok,,11.497000000003
gfc_2005_2010,The global financial crisis period,21,gfc_2005_2010_w0021,2005-05-26,2006-05-25,2005-11-22,252,349,Chen2025_D,1,0.05,TRUE,0.016607345947246,8.84037267559544,6.60166628732937,,20293288,5,rolling_v1|Chen2025_D|252|5|0.05|1|NA|1|TRUE|QS|20260821,ok,,10.8699999999953
gfc_2005_2010,The global financial crisis period,22,gfc_2005_2010_w0022,2005-06-03,2006-06-02,2005-11-30,252,349,Chen2025_D,1,0.05,TRUE,0.0283775778027043,7.75686876595168,6.60166628732937,,20293319,5,rolling_v1|Chen2025_D|252|5|0.05|1|NA|1|TRUE|QS|20260821,ok,,10.9079999999958
gfc_2005_2010,The global financial crisis period,23,gfc_2005_2010_w0023,2005-06-10,2006-06-09,2005-12-07,252,349,Chen2025_D,1,0.05,TRUE,0.0284246677868671,7.75350446647287,6.60166628732937,,20293350,5,rolling_v1|Chen2025_D|252|5|0.05|1|NA|1|TRUE|QS|20260821,ok,,10.6399999999994
gfc_2005_2010,The global financial crisis period,24,gfc_2005_2010_w0024,2005-06-17,2006-06-16,2005-12-14,252,349,Chen2025_D,1,0.05,FALSE,0.186836067427407,3.8130639821474,6.60166628732937,,20293381,5,rolling_v1|Chen2025_D|252|5|0.05|1|NA|1|TRUE|QS|20260821,ok,,10.8910000000033
gfc_2005_2010,The global financial crisis period,25,gfc_2005_2010_w0025,2005-06-24,2006-06-23,2005-12-21,252,349,Chen2025_D,1,0.05,FALSE,0.0898692513980425,5.38664653114183,6.60166628732937,,20293412,5,rolling_v1|Chen2025_D|252|5|0.05|1|NA|1|TRUE|QS|20260821,ok,,10.5890000000072
gfc_2005_2010,The global financial crisis period,26,gfc_2005_2010_w0026,2005-07-01,2006-06-30,2005-12-29,252,349,Chen2025_D,1,0.05,FALSE,0.183149366065427,3.85729251348013,6.60166628732937,,20293443,5,rolling_v1|Chen2025_D|252|5|0.05|1|NA|1|TRUE|QS|20260821,ok,,10.4920000000129
gfc_2005_2010,The global financial crisis period,27,gfc_2005_2010_w0027,2005-07-11,2006-07-10,2006-01-06,252,349,Chen2025_D,1,0.05,FALSE,0.0881730094480406,5.42658950276306,6.60166628732937,,20293474,5,rolling_v1|Chen2025_D|252|5|0.05|1|NA|1|TRUE|QS|20260821,ok,,10.6570000000065
gfc_2005_2010,The global financial crisis period,28,gfc_2005_2010_w0028,2005-07-18,2006-07-17,2006-01-13,252,349,Chen2025_D,1,0.05,FALSE,0.0759966185607015,5.73688968315613,6.60166628732937,,20293505,5,rolling_v1|Chen2025_D|252|5|0.05|1|NA|1|TRUE|QS|20260821,ok,,10.656999999992
gfc_2005_2010,The global financial crisis period,29,gfc_2005_2010_w0029,2005-07-25,2006-07-24,2006-01-23,252,349,Chen2025_D,1,0.05,FALSE,0.080108198937857,5.62711168486342,6.60166628732937,,20293536,5,rolling_v1|Chen2025_D|252|5|0.05|1|NA|1|TRUE|QS|20260821,ok,,10.9669999999896
gfc_2005_2010,The global financial crisis period,30,gfc_2005_2010_w0030,2005-08-01,2006-07-31,2006-01-30,252,349,Chen2025_D,1,0.05,TRUE,0.0366294184343029,7.23788187204118,6.60166628732937,,20293287,5,rolling_v1|Chen2025_D|252|5|0.05|1|NA|1|TRUE|QS|20260821,ok,,10.6189999999915
gfc_2005_2010,The global financial crisis period,31,gfc_2005_2010_w0031,2005-08-08,2006-08-07,2006-02-06,252,349,Chen2025_D,1,0.05,TRUE,0.0361152658620055,7.26668423052588,6.60166628732937,,20293318,5,rolling_v1|Chen2025_D|252|5|0.05|1|NA|1|TRUE|QS|20260821,ok,,10.5799999999872
gfc_2005_2010,The global financial crisis period,32,gfc_2005_2010_w0032,2005-08-15,2006-08-14,2006-02-13,252,349,Chen2025_D,1,0.05,FALSE,0.0734804007017969,5.80691421342386,6.60166628732937,,20293349,5,rolling_v1|Chen2025_D|252|5|0.05|1|NA|1|TRUE|QS|20260821,ok,,10.8549999999959
gfc_2005_2010,The global financial crisis period,33,gfc_2005_2010_w0033,2005-08-22,2006-08-21,2006-02-21,252,349,Chen2025_D,1,0.05,FALSE,0.169556402869762,4.02749564679333,6.60166628732937,,20293380,5,rolling_v1|Chen2025_D|252|5|0.05|1|NA|1|TRUE|QS|20260821,ok,,10.4930000000022
gfc_2005_2010,The global financial crisis period,34,gfc_2005_2010_w0034,2005-08-29,2006-08-28,2006-02-28,252,349,Chen2025_D,1,0.05,FALSE,0.0971344033596908,5.22328354133053,6.60166628732937,,20293411,5,rolling_v1|Chen2025_D|252|5|0.05|1|NA|1|TRUE|QS|20260821,ok,,10.8510000000097
gfc_2005_2010,The global financial crisis period,35,gfc_2005_2010_w0035,2005-09-06,2006-09-05,2006-03-07,252,349,Chen2025_D,1,0.05,FALSE,0.155216343485269,4.22084218667801,6.60166628732937,,20293442,5,rolling_v1|Chen2025_D|252|5|0.05|1|NA|1|TRUE|QS|20260821,ok,,10.5980000000127
gfc_2005_2010,The global financial crisis period,36,gfc_2005_2010_w0036,2005-09-13,2006-09-12,2006-03-14,252,349,Chen2025_D,1,0.05,FALSE,0.200042338607406,3.66068146373862,6.60166628732937,,20293473,5,rolling_v1|Chen2025_D|252|5|0.05|1|NA|1|TRUE|QS|20260821,ok,,11.5749999999971
gfc_2005_2010,The global financial crisis period,37,gfc_2005_2010_w0037,2005-09-20,2006-09-19,2006-03-21,252,349,Chen2025_D,1,0.05,FALSE,0.336352535063929,2.44445155573165,6.60166628732937,,20293504,5,rolling_v1|Chen2025_D|252|5|0.05|1|NA|1|TRUE|QS|20260821,ok,,10.3990000000049
gfc_2005_2010,The global financial crisis period,38,gfc_2005_2010_w0038,2005-09-27,2006-09-26,2006-03-28,252,349,Chen2025_D,1,0.05,FALSE,0.312066112299951,2.62794034651351,6.60166628732937,,20293535,5,rolling_v1|Chen2025_D|252|5|0.05|1|NA|1|TRUE|QS|20260821,ok,,10.8300000000017
gfc_2005_2010,The global financial crisis period,39,gfc_2005_2010_w0039,2005-10-04,2006-10-03,2006-04-04,252,349,Chen2025_D,1,0.05,FALSE,0.432421791085039,1.79826744614475,6.60166628732937,,20293566,5,rolling_v1|Chen2025_D|252|5|0.05|1|NA|1|TRUE|QS|20260821,ok,,10.5749999999971
gfc_2005_2010,The global financial crisis period,40,gfc_2005_2010_w0040,2005-10-11,2006-10-10,2006-04-11,252,349,Chen2025_D,1,0.05,FALSE,0.377249130959777,2.1560233165889,6.60166628732937,,20293317,5,rolling_v1|Chen2025_D|252|5|0.05|1|NA|1|TRUE|QS|20260821,ok,,10.5950000000012
gfc_2005_2010,The global financial crisis period,41,gfc_2005_2010_w0041,2005-10-18,2006-10-17,2006-04-19,252,349,Chen2025_D,1,0.05,FALSE,0.422212229986879,1.86223437488244,6.60166628732937,,20293348,5,rolling_v1|Chen2025_D|252|5|0.05|1|NA|1|TRUE|QS|20260821,ok,,10.8699999999953
gfc_2005_2010,The global financial crisis period,42,gfc_2005_2010_w0042,2005-10-25,2006-10-24,2006-04-26,252,349,Chen2025_D,1,0.05,FALSE,0.373583826006497,2.18095983224231,6.60166628732937,,20293379,5,rolling_v1|Chen2025_D|252|5|0.05|1|NA|1|TRUE|QS|20260821,ok,,10.5059999999939
gfc_2005_2010,The global financial crisis period,43,gfc_2005_2010_w0043,2005-11-01,2006-10-31,2006-05-03,252,349,Chen2025_D,1,0.05,FALSE,0.565035521983075,1.02794173915326,6.60166628732937,,20293410,5,rolling_v1|Chen2025_D|252|5|0.05|1|NA|1|TRUE|QS|20260821,ok,,10.4519999999902
gfc_2005_2010,The global financial crisis period,44,gfc_2005_2010_w0044,2005-11-08,2006-11-07,2006-05-10,252,349,Chen2025_D,1,0.05,FALSE,0.581959672214963,0.934800721595043,6.60166628732937,,20293441,5,rolling_v1|Chen2025_D|252|5|0.05|1|NA|1|TRUE|QS|20260821,ok,,10.9049999999988
gfc_2005_2010,The global financial crisis period,45,gfc_2005_2010_w0045,2005-11-15,2006-11-14,2006-05-17,252,349,Chen2025_D,1,0.05,FALSE,0.475294450772344,1.53853989304166,6.60166628732937,,20293472,5,rolling_v1|Chen2025_D|252|5|0.05|1|NA|1|TRUE|QS|20260821,ok,,10.4660000000003
gfc_2005_2010,The global financial crisis period,46,gfc_2005_2010_w0046,2005-11-22,2006-11-21,2006-05-24,252,349,Chen2025_D,1,0.05,FALSE,0.672435117120595,0.441650180097498,6.60166628732937,,20293503,5,rolling_v1|Chen2025_D|252|5|0.05|1|NA|1|TRUE|QS|20260821,ok,,10.3399999999965
gfc_2005_2010,The global financial crisis period,47,gfc_2005_2010_w0047,2005-11-30,2006-11-29,2006-06-01,252,349,Chen2025_D,1,0.05,FALSE,0.795729513379657,-0.264065639526172,6.60166628732937,,20293534,5,rolling_v1|Chen2025_D|252|5|0.05|1|NA|1|TRUE|QS|20260821,ok,,10.3459999999905
gfc_2005_2010,The global financial crisis period,48,gfc_2005_2010_w0048,2005-12-07,2006-12-06,2006-06-08,252,349,Chen2025_D,1,0.05,FALSE,0.899633753174306,-1.00361120963019,6.60166628732937,,20293565,5,rolling_v1|Chen2025_D|252|5|0.05|1|NA|1|TRUE|QS|20260821,ok,,10.6789999999892
gfc_2005_2010,The global financial crisis period,49,gfc_2005_2010_w0049,2005-12-14,2006-12-13,2006-06-15,252,349,Chen2025_D,1,0.05,FALSE,0.919449701386877,-1.18634773627043,6.60166628732937,,20293596,5,rolling_v1|Chen2025_D|252|5|0.05|1|NA|1|TRUE|QS|20260821,ok,,10.3319999999949
gfc_2005_2010,The global financial crisis period,50,gfc_2005_2010_w0050,2005-12-21,2006-12-20,2006-06-22,252,349,Chen2025_D,1,0.05,FALSE,0.892413582362588,-0.942243798000717,6.60166628732937,,20293347,5,rolling_v1|Chen2025_D|252|5|0.05|1|NA|1|TRUE|QS|20260821,ok,,10.2970000000059
gfc_2005_2010,The global financial crisis period,51,gfc_2005_2010_w0051,2005-12-29,2006-12-28,2006-06-29,252,349,Chen2025_D,1,0.05,FALSE,0.944468637728741,-1.46179584415074,6.60166628732937,,20293378,5,rolling_v1|Chen2025_D|252|5|0.05|1|NA|1|TRUE|QS|20260821,ok,,10.8600000000006
gfc_2005_2010,The global financial crisis period,52,gfc_2005_2010_w0052,2006-01-06,2007-01-08,2006-07-07,252,349,Chen2025_D,1,0.05,FALSE,0.675081220149843,0.427167963133067,6.60166628732937,,20293409,5,rolling_v1|Chen2025_D|252|5|0.05|1|NA|1|TRUE|QS|20260821,ok,,10.2880000000005
gfc_2005_2010,The global financial crisis period,53,gfc_2005_2010_w0053,2006-01-13,2007-01-16,2006-07-14,252,349,Chen2025_D,1,0.05,FALSE,0.759313618044022,-0.046029691792433,6.60166628732937,,20293440,5,rolling_v1|Chen2025_D|252|5|0.05|1|NA|1|TRUE|QS|20260821,ok,,10.2860000000073
gfc_2005_2010,The global financial crisis period,54,gfc_2005_2010_w0054,2006-01-23,2007-01-23,2006-07-21,252,349,Chen2025_D,1,0.05,FALSE,0.630079342692773,0.672373047568009,6.60166628732937,,20293471,5,rolling_v1|Chen2025_D|252|5|0.05|1|NA|1|TRUE|QS|20260821,ok,,10.3139999999985
gfc_2005_2010,The global financial crisis period,55,gfc_2005_2010_w0055,2006-01-30,2007-01-30,2006-07-28,252,349,Chen2025_D,1,0.05,FALSE,0.972505426277463,-1.89712590733406,6.60166628732937,,20293502,5,rolling_v1|Chen2025_D|252|5|0.05|1|NA|1|TRUE|QS|20260821,ok,,10.2549999999901
gfc_2005_2010,The global financial crisis period,56,gfc_2005_2010_w0056,2006-02-06,2007-02-06,2006-08-04,252,349,Chen2025_D,1,0.05,FALSE,0.896863238409337,-0.979780572643203,6.60166628732937,,20293533,5,rolling_v1|Chen2025_D|252|5|0.05|1|NA|1|TRUE|QS|20260821,ok,,10.6009999999951
gfc_2005_2010,The global financial crisis period,57,gfc_2005_2010_w0057,2006-02-13,2007-02-13,2006-08-11,252,349,Chen2025_D,1,0.05,FALSE,0.737519890491591,0.0795518072661823,6.60166628732937,,20293564,5,rolling_v1|Chen2025_D|252|5|0.05|1|NA|1|TRUE|QS|20260821,ok,,10.3350000000064
gfc_2005_2010,The global financial crisis period,58,gfc_2005_2010_w0058,2006-02-21,2007-02-21,2006-08-18,252,349,Chen2025_D,1,0.05,FALSE,0.821517047337279,-0.427162438867017,6.60166628732937,,20293595,5,rolling_v1|Chen2025_D|252|5|0.05|1|NA|1|TRUE|QS|20260821,ok,,10.5069999999978
gfc_2005_2010,The global financial crisis period,59,gfc_2005_2010_w0059,2006-02-28,2007-02-28,2006-08-25,252,349,Chen2025_D,1,0.05,FALSE,0.383414342466973,2.11444371374783,6.60166628732937,,20293626,5,rolling_v1|Chen2025_D|252|5|0.05|1|NA|1|TRUE|QS|20260821,ok,,10.8010000000068
gfc_2005_2010,The global financial crisis period,60,gfc_2005_2010_w0060,2006-03-07,2007-03-07,2006-09-01,252,349,Chen2025_D,1,0.05,FALSE,0.29085761234119,2.79725412581177,6.60166628732937,,20293377,5,rolling_v1|Chen2025_D|252|5|0.05|1|NA|1|TRUE|QS|20260821,ok,,10.791000000012
gfc_2005_2010,The global financial crisis period,61,gfc_2005_2010_w0061,2006-03-14,2007-03-14,2006-09-11,252,349,Chen2025_D,1,0.05,FALSE,0.370018763756768,2.20537414437672,6.60166628732937,,20293408,5,rolling_v1|Chen2025_D|252|5|0.05|1|NA|1|TRUE|QS|20260821,ok,,10.5540000000037
gfc_2005_2010,The global financial crisis period,62,gfc_2005_2010_w0062,2006-03-21,2007-03-21,2006-09-18,252,349,Chen2025_D,1,0.05,FALSE,0.643272236217383,0.600639626384763,6.60166628732937,,20293439,5,rolling_v1|Chen2025_D|252|5|0.05|1|NA|1|TRUE|QS|20260821,ok,,10.2880000000005
gfc_2005_2010,The global financial crisis period,63,gfc_2005_2010_w0063,2006-03-28,2007-03-28,2006-09-25,252,349,Chen2025_D,1,0.05,FALSE,0.586539856378555,0.909696227592751,6.60166628732937,,20293470,5,rolling_v1|Chen2025_D|252|5|0.05|1|NA|1|TRUE|QS|20260821,ok,,10.2579999999871
gfc_2005_2010,The global financial crisis period,64,gfc_2005_2010_w0064,2006-04-04,2007-04-04,2006-10-02,252,349,Chen2025_D,1,0.05,FALSE,0.650275715201227,0.562533526759759,6.60166628732937,,20293501,5,rolling_v1|Chen2025_D|252|5|0.05|1|NA|1|TRUE|QS|20260821,ok,,10.6129999999976
gfc_2005_2010,The global financial crisis period,65,gfc_2005_2010_w0065,2006-04-11,2007-04-12,2006-10-09,252,349,Chen2025_D,1,0.05,FALSE,0.491102750466285,1.44585294116266,6.60166628732937,,20293532,5,rolling_v1|Chen2025_D|252|5|0.05|1|NA|1|TRUE|QS|20260821,ok,,10.2560000000085
gfc_2005_2010,The global financial crisis period,66,gfc_2005_2010_w0066,2006-04-19,2007-04-19,2006-10-16,252,349,Chen2025_D,1,0.05,FALSE,0.592102225915942,0.879257339662435,6.60166628732937,,20293563,5,rolling_v1|Chen2025_D|252|5|0.05|1|NA|1|TRUE|QS|20260821,ok,,10.4850000000006
gfc_2005_2010,The global financial crisis period,67,gfc_2005_2010_w0067,2006-04-26,2007-04-26,2006-10-23,252,349,Chen2025_D,1,0.05,FALSE,0.367365363653109,2.22364974092833,6.60166628732937,,20293594,5,rolling_v1|Chen2025_D|252|5|0.05|1|NA|1|TRUE|QS|20260821,ok,,10.5209999999934
gfc_2005_2010,The global financial crisis period,68,gfc_2005_2010_w0068,2006-05-03,2007-05-03,2006-10-30,252,349,Chen2025_D,1,0.05,FALSE,0.552248044660957,1.09879247253291,6.60166628732937,,20293625,5,rolling_v1|Chen2025_D|252|5|0.05|1|NA|1|TRUE|QS|20260821,ok,,10.5240000000049
gfc_2005_2010,The global financial crisis period,69,gfc_2005_2010_w0069,2006-05-10,2007-05-10,2006-11-06,252,349,Chen2025_D,1,0.05,FALSE,0.554168174330413,1.08812398999951,6.60166628732937,,20293656,5,rolling_v1|Chen2025_D|252|5|0.05|1|NA|1|TRUE|QS|20260821,ok,,10.2569999999978
gfc_2005_2010,The global financial crisis period,70,gfc_2005_2010_w0070,2006-05-17,2007-05-17,2006-11-13,252,349,Chen2025_D,1,0.05,FALSE,0.882032272422567,-0.857852259184738,6.60166628732937,,20293407,5,rolling_v1|Chen2025_D|252|5|0.05|1|NA|1|TRUE|QS|20260821,ok,,10.3289999999979
gfc_2005_2010,The global financial crisis period,71,gfc_2005_2010_w0071,2006-05-24,2007-05-24,2006-11-20,252,349,Chen2025_D,1,0.05,FALSE,0.476316277369457,1.53250381675898,6.60166628732937,,20293438,5,rolling_v1|Chen2025_D|252|5|0.05|1|NA|1|TRUE|QS|20260821,ok,,10.1119999999937
gfc_2005_2010,The global financial crisis period,72,gfc_2005_2010_w0072,2006-06-01,2007-06-01,2006-11-28,252,349,Chen2025_D,1,0.05,FALSE,0.412166120257307,1.92609169278598,6.60166628732937,,20293469,5,rolling_v1|Chen2025_D|252|5|0.05|1|NA|1|TRUE|QS|20260821,ok,,10.224000000002
gfc_2005_2010,The global financial crisis period,73,gfc_2005_2010_w0073,2006-06-08,2007-06-08,2006-12-05,252,349,Chen2025_D,1,0.05,FALSE,0.579749541379304,0.946928900868106,6.60166628732937,,20293500,5,rolling_v1|Chen2025_D|252|5|0.05|1|NA|1|TRUE|QS|20260821,ok,,10.101999999999
gfc_2005_2010,The global financial crisis period,74,gfc_2005_2010_w0074,2006-06-15,2007-06-15,2006-12-12,252,349,Chen2025_D,1,0.05,FALSE,0.287031623371752,2.82881253015389,6.60166628732937,,20293531,5,rolling_v1|Chen2025_D|252|5|0.05|1|NA|1|TRUE|QS|20260821,ok,,10.1209999999992
gfc_2005_2010,The global financial crisis period,75,gfc_2005_2010_w0075,2006-06-22,2007-06-22,2006-12-19,252,349,Chen2025_D,1,0.05,FALSE,0.162064599322523,4.12658663964474,6.60166628732937,,20293562,5,rolling_v1|Chen2025_D|252|5|0.05|1|NA|1|TRUE|QS|20260821,ok,,10.5690000000031
gfc_2005_2010,The global financial crisis period,76,gfc_2005_2010_w0076,2006-06-29,2007-06-29,2006-12-27,252,349,Chen2025_D,1,0.05,FALSE,0.10139512924692,5.1327767967764,6.60166628732937,,20293593,5,rolling_v1|Chen2025_D|252|5|0.05|1|NA|1|TRUE|QS|20260821,ok,,10.5740000000078
gfc_2005_2010,The global financial crisis period,77,gfc_2005_2010_w0077,2006-07-07,2007-07-09,2007-01-05,252,349,Chen2025_D,1,0.05,TRUE,0.0369512047362846,7.2200567790711,6.60166628732937,,20293624,5,rolling_v1|Chen2025_D|252|5|0.05|1|NA|1|TRUE|QS|20260821,ok,,10.0069999999978
gfc_2005_2010,The global financial crisis period,78,gfc_2005_2010_w0078,2006-07-14,2007-07-16,2007-01-12,252,349,Chen2025_D,1,0.05,TRUE,0.0118637942828887,9.51788095615884,6.60166628732937,,20293655,5,rolling_v1|Chen2025_D|252|5|0.05|1|NA|1|TRUE|QS|20260821,ok,,10.0420000000013
gfc_2005_2010,The global financial crisis period,79,gfc_2005_2010_w0079,2006-07-21,2007-07-23,2007-01-22,252,349,Chen2025_D,1,0.05,TRUE,0.0245754053350752,8.04846320105545,6.60166628732937,,20293686,5,rolling_v1|Chen2025_D|252|5|0.05|1|NA|1|TRUE|QS|20260821,ok,,10.0060000000085
gfc_2005_2010,The global financial crisis period,80,gfc_2005_2010_w0080,2006-07-28,2007-07-30,2007-01-29,252,349,Chen2025_D,1,0.05,TRUE,0.0242841600850213,8.07260424941116,6.60166628732937,,20293437,5,rolling_v1|Chen2025_D|252|5|0.05|1|NA|1|TRUE|QS|20260821,ok,,10.0859999999957
gfc_2005_2010,The global financial crisis period,81,gfc_2005_2010_w0081,2006-08-04,2007-08-06,2007-02-05,252,349,Chen2025_D,1,0.05,TRUE,0.0406722246034324,7.02431671309798,6.60166628732937,,20293468,5,rolling_v1|Chen2025_D|252|5|0.05|1|NA|1|TRUE|QS|20260821,ok,,9.98999999999069
gfc_2005_2010,The global financial crisis period,82,gfc_2005_2010_w0082,2006-08-11,2007-08-13,2007-02-12,252,349,Chen2025_D,1,0.05,TRUE,0.0397327727757161,7.07202694047141,6.60166628732937,,20293499,5,rolling_v1|Chen2025_D|252|5|0.05|1|NA|1|TRUE|QS|20260821,ok,,10.0219999999972
gfc_2005_2010,The global financial crisis period,83,gfc_2005_2010_w0083,2006-08-18,2007-08-20,2007-02-20,252,349,Chen2025_D,1,0.05,TRUE,0.0265591449828229,7.89118025398955,6.60166628732937,,20293530,5,rolling_v1|Chen2025_D|252|5|0.05|1|NA|1|TRUE|QS|20260821,ok,,10.4479999999894
gfc_2005_2010,The global financial crisis period,84,gfc_2005_2010_w0084,2006-08-25,2007-08-27,2007-02-27,252,349,Chen2025_D,1,0.05,FALSE,0.121380587781715,4.75091621137282,6.60166628732937,,20293561,5,rolling_v1|Chen2025_D|252|5|0.05|1|NA|1|TRUE|QS|20260821,ok,,10.4600000000064
gfc_2005_2010,The global financial crisis period,85,gfc_2005_2010_w0085,2006-09-01,2007-09-04,2007-03-06,252,349,Chen2025_D,1,0.05,FALSE,0.223054882983215,3.41487046648934,6.60166628732937,,20293592,5,rolling_v1|Chen2025_D|252|5|0.05|1|NA|1|TRUE|QS|20260821,ok,,10.596000000005
gfc_2005_2010,The global financial crisis period,86,gfc_2005_2010_w0086,2006-09-11,2007-09-11,2007-03-13,252,349,Chen2025_D,1,0.05,FALSE,0.0883819538437808,5.42163004505876,6.60166628732937,,20293623,5,rolling_v1|Chen2025_D|252|5|0.05|1|NA|1|TRUE|QS|20260821,ok,,10.0829999999987
gfc_2005_2010,The global financial crisis period,87,gfc_2005_2010_w0087,2006-09-18,2007-09-18,2007-03-20,252,349,Chen2025_D,1,0.05,FALSE,0.0512546113854562,6.55079103986382,6.60166628732937,,20293654,5,rolling_v1|Chen2025_D|252|5|0.05|1|NA|1|TRUE|QS|20260821,ok,,10.6110000000044
gfc_2005_2010,The global financial crisis period,88,gfc_2005_2010_w0088,2006-09-25,2007-09-25,2007-03-27,252,349,Chen2025_D,1,0.05,FALSE,0.0850341024559595,5.50247119023603,6.60166628732937,,20293685,5,rolling_v1|Chen2025_D|252|5|0.05|1|NA|1|TRUE|QS|20260821,ok,,10.0430000000051
gfc_2005_2010,The global financial crisis period,89,gfc_2005_2010_w0089,2006-10-02,2007-10-02,2007-04-03,252,349,Chen2025_D,1,0.05,FALSE,0.0560679215104622,6.36623504461885,6.60166628732937,,20293716,5,rolling_v1|Chen2025_D|252|5|0.05|1|NA|1|TRUE|QS|20260821,ok,,10.0550000000076
gfc_2005_2010,The global financial crisis period,90,gfc_2005_2010_w0090,2006-10-09,2007-10-09,2007-04-11,252,349,Chen2025_D,1,0.05,FALSE,0.0657699549952443,6.03681321858951,6.60166628732937,,20293467,5,rolling_v1|Chen2025_D|252|5|0.05|1|NA|1|TRUE|QS|20260821,ok,,10.4060000000027
gfc_2005_2010,The global financial crisis period,91,gfc_2005_2010_w0091,2006-10-16,2007-10-16,2007-04-18,252,349,Chen2025_D,1,0.05,FALSE,0.107027183003061,5.01848923371561,6.60166628732937,,20293498,5,rolling_v1|Chen2025_D|252|5|0.05|1|NA|1|TRUE|QS|20260821,ok,,10.5149999999994
gfc_2005_2010,The global financial crisis period,92,gfc_2005_2010_w0092,2006-10-23,2007-10-23,2007-04-25,252,349,Chen2025_D,1,0.05,TRUE,0.0253461039853945,7.98591836348342,6.60166628732937,,20293529,5,rolling_v1|Chen2025_D|252|5|0.05|1|NA|1|TRUE|QS|20260821,ok,,10.205999999991
gfc_2005_2010,The global financial crisis period,93,gfc_2005_2010_w0093,2006-10-30,2007-10-30,2007-05-02,252,349,Chen2025_D,1,0.05,TRUE,0.035659599551666,7.29254851996202,6.60166628732937,,20293560,5,rolling_v1|Chen2025_D|252|5|0.05|1|NA|1|TRUE|QS|20260821,ok,,10.0560000000114
gfc_2005_2010,The global financial crisis period,94,gfc_2005_2010_w0094,2006-11-06,2007-11-06,2007-05-09,252,349,Chen2025_D,1,0.05,TRUE,0.0143572394983077,9.13383385342879,6.60166628732937,,20293591,5,rolling_v1|Chen2025_D|252|5|0.05|1|NA|1|TRUE|QS|20260821,ok,,10.0090000000055
gfc_2005_2010,The global financial crisis period,95,gfc_2005_2010_w0095,2006-11-13,2007-11-13,2007-05-16,252,349,Chen2025_D,1,0.05,TRUE,0.00169126154726748,13.4241444363679,6.60166628732937,,20293622,5,rolling_v1|Chen2025_D|252|5|0.05|1|NA|1|TRUE|QS|20260821,ok,,9.94100000000617
gfc_2005_2010,The global financial crisis period,96,gfc_2005_2010_w0096,2006-11-20,2007-11-20,2007-05-23,252,349,Chen2025_D,1,0.05,TRUE,0.00105886329242088,14.361335082281,6.60166628732937,,20293653,5,rolling_v1|Chen2025_D|252|5|0.05|1|NA|1|TRUE|QS|20260821,ok,,9.90099999999802
gfc_2005_2010,The global financial crisis period,97,gfc_2005_2010_w0097,2006-11-28,2007-11-28,2007-05-31,252,349,Chen2025_D,1,0.05,TRUE,0.00038278712671516,16.3969559974952,6.60166628732937,,20293684,5,rolling_v1|Chen2025_D|252|5|0.05|1|NA|1|TRUE|QS|20260821,ok,,10.0659999999916
gfc_2005_2010,The global financial crisis period,98,gfc_2005_2010_w0098,2006-12-05,2007-12-05,2007-06-07,252,349,Chen2025_D,1,0.05,TRUE,0.000301031253970734,16.8775676498579,6.60166628732937,,20293715,5,rolling_v1|Chen2025_D|252|5|0.05|1|NA|1|TRUE|QS|20260821,ok,,10.2550000000047
gfc_2005_2010,The global financial crisis period,99,gfc_2005_2010_w0099,2006-12-12,2007-12-12,2007-06-14,252,349,Chen2025_D,1,0.05,TRUE,0.000603137426929661,15.4874034638856,6.60166628732937,,20293746,5,rolling_v1|Chen2025_D|252|5|0.05|1|NA|1|TRUE|QS|20260821,ok,,10.3940000000002
gfc_2005_2010,The global financial crisis period,100,gfc_2005_2010_w0100,2006-12-19,2007-12-19,2007-06-21,252,349,Chen2025_D,1,0.05,TRUE,0.000255921764033971,17.2022973790569,6.60166628732937,,20293226,5,rolling_v1|Chen2025_D|252|5|0.05|1|NA|1|TRUE|QS|20260821,ok,,9.8700000000099
gfc_2005_2010,The global financial crisis period,101,gfc_2005_2010_w0101,2006-12-27,2007-12-27,2007-06-28,252,349,Chen2025_D,1,0.05,TRUE,0.000301304061319495,16.8757557125454,6.60166628732937,,20293257,5,rolling_v1|Chen2025_D|252|5|0.05|1|NA|1|TRUE|QS|20260821,ok,,9.78900000000431
gfc_2005_2010,The global financial crisis period,102,gfc_2005_2010_w0102,2007-01-05,2008-01-04,2007-07-06,252,349,Chen2025_D,1,0.05,TRUE,0.000368832868121122,16.4712407965809,6.60166628732937,,20293288,5,rolling_v1|Chen2025_D|252|5|0.05|1|NA|1|TRUE|QS|20260821,ok,,10.4809999999998
gfc_2005_2010,The global financial crisis period,103,gfc_2005_2010_w0103,2007-01-12,2008-01-11,2007-07-13,252,349,Chen2025_D,1,0.05,TRUE,0.000194154437571159,17.7547949103833,6.60166628732937,,20293319,5,rolling_v1|Chen2025_D|252|5|0.05|1|NA|1|TRUE|QS|20260821,ok,,10.7109999999957
gfc_2005_2010,The global financial crisis period,104,gfc_2005_2010_w0104,2007-01-22,2008-01-18,2007-07-20,252,349,Chen2025_D,1,0.05,TRUE,0.000141473444902478,18.3879313615133,6.60166628732937,,20293350,5,rolling_v1|Chen2025_D|252|5|0.05|1|NA|1|TRUE|QS|20260821,ok,,10.051999999996
gfc_2005_2010,The global financial crisis period,105,gfc_2005_2010_w0105,2007-01-29,2008-01-28,2007-07-27,252,349,Chen2025_D,1,0.05,TRUE,7.86908593152211e-05,19.5611642062405,6.60166628732937,,20293381,5,rolling_v1|Chen2025_D|252|5|0.05|1|NA|1|TRUE|QS|20260821,ok,,9.92499999998836
gfc_2005_2010,The global financial crisis period,106,gfc_2005_2010_w0106,2007-02-05,2008-02-04,2007-08-03,252,349,Chen2025_D,1,0.05,TRUE,1.50698284968422e-05,22.8668925709735,6.60166628732937,,20293412,5,rolling_v1|Chen2025_D|252|5|0.05|1|NA|1|TRUE|QS|20260821,ok,,10.5069999999978
gfc_2005_2010,The global financial crisis period,107,gfc_2005_2010_w0107,2007-02-12,2008-02-11,2007-08-10,252,349,Chen2025_D,1,0.05,TRUE,1.59370037480443e-05,22.7549935979515,6.60166628732937,,20293443,5,rolling_v1|Chen2025_D|252|5|0.05|1|NA|1|TRUE|QS|20260821,ok,,11.3669999999984
gfc_2005_2010,The global financial crisis period,108,gfc_2005_2010_w0108,2007-02-20,2008-02-19,2007-08-17,252,349,Chen2025_D,1,0.05,TRUE,7.41849949978116e-06,24.2843358606909,6.60166628732937,,20293474,5,rolling_v1|Chen2025_D|252|5|0.05|1|NA|1|TRUE|QS|20260821,ok,,11.4310000000114
gfc_2005_2010,The global financial crisis period,109,gfc_2005_2010_w0109,2007-02-27,2008-02-26,2007-08-24,252,349,Chen2025_D,1,0.05,TRUE,4.77956351760032e-06,25.1635936695518,6.60166628732937,,20293505,5,rolling_v1|Chen2025_D|252|5|0.05|1|NA|1|TRUE|QS|20260821,ok,,10.9780000000028
gfc_2005_2010,The global financial crisis period,110,gfc_2005_2010_w0110,2007-03-06,2008-03-04,2007-08-31,252,349,Chen2025_D,1,0.05,TRUE,1.12565373844756e-05,23.4503875271454,6.60166628732937,,20293256,5,rolling_v1|Chen2025_D|252|5|0.05|1|NA|1|TRUE|QS|20260821,ok,,10.0270000000019
gfc_2005_2010,The global financial crisis period,111,gfc_2005_2010_w0111,2007-03-13,2008-03-11,2007-09-10,252,349,Chen2025_D,1,0.05,TRUE,6.14653331631696e-06,24.6605142896592,6.60166628732937,,20293287,5,rolling_v1|Chen2025_D|252|5|0.05|1|NA|1|TRUE|QS|20260821,ok,,10.2440000000061
gfc_2005_2010,The global financial crisis period,112,gfc_2005_2010_w0112,2007-03-20,2008-03-18,2007-09-17,252,349,Chen2025_D,1,0.05,TRUE,1.43862176178949e-05,22.9597412420869,6.60166628732937,,20293318,5,rolling_v1|Chen2025_D|252|5|0.05|1|NA|1|TRUE|QS|20260821,ok,,10.0239999999903
gfc_2005_2010,The global financial crisis period,113,gfc_2005_2010_w0113,2007-03-27,2008-03-26,2007-09-24,252,349,Chen2025_D,1,0.05,TRUE,5.2093856723132e-06,24.991367824518,6.60166628732937,,20293349,5,rolling_v1|Chen2025_D|252|5|0.05|1|NA|1|TRUE|QS|20260821,ok,,9.66599999999744
gfc_2005_2010,The global financial crisis period,114,gfc_2005_2010_w0114,2007-04-03,2008-04-02,2007-10-01,252,349,Chen2025_D,1,0.05,TRUE,1.5085424023639e-05,22.8648238573058,6.60166628732937,,20293380,5,rolling_v1|Chen2025_D|252|5|0.05|1|NA|1|TRUE|QS|20260821,ok,,10.3289999999979
gfc_2005_2010,The global financial crisis period,115,gfc_2005_2010_w0115,2007-04-11,2008-04-09,2007-10-08,252,349,Chen2025_D,1,0.05,TRUE,3.92776756974289e-05,20.9509450087288,6.60166628732937,,20293411,5,rolling_v1|Chen2025_D|252|5|0.05|1|NA|1|TRUE|QS|20260821,ok,,9.64400000000023
gfc_2005_2010,The global financial crisis period,116,gfc_2005_2010_w0116,2007-04-18,2008-04-16,2007-10-15,252,349,Chen2025_D,1,0.05,TRUE,0.000241982783251204,17.314321737917,6.60166628732937,,20293442,5,rolling_v1|Chen2025_D|252|5|0.05|1|NA|1|TRUE|QS|20260821,ok,,9.71600000000035
gfc_2005_2010,The global financial crisis period,117,gfc_2005_2010_w0117,2007-04-25,2008-04-23,2007-10-22,252,349,Chen2025_D,1,0.05,TRUE,0.000334242727703098,16.6682276985142,6.60166628732937,,20293473,5,rolling_v1|Chen2025_D|252|5|0.05|1|NA|1|TRUE|QS|20260821,ok,,9.59799999999814
gfc_2005_2010,The global financial crisis period,118,gfc_2005_2010_w0118,2007-05-02,2008-04-30,2007-10-29,252,349,Chen2025_D,1,0.05,TRUE,0.000296198783895573,16.9099390775505,6.60166628732937,,20293504,5,rolling_v1|Chen2025_D|252|5|0.05|1|NA|1|TRUE|QS|20260821,ok,,9.66800000000512
gfc_2005_2010,The global financial crisis period,119,gfc_2005_2010_w0119,2007-05-09,2008-05-07,2007-11-05,252,349,Chen2025_D,1,0.05,TRUE,0.000451950061436063,16.0647014896213,6.60166628732937,,20293535,5,rolling_v1|Chen2025_D|252|5|0.05|1|NA|1|TRUE|QS|20260821,ok,,9.66900000000896
gfc_2005_2010,The global financial crisis period,120,gfc_2005_2010_w0120,2007-05-16,2008-05-14,2007-11-12,252,349,Chen2025_D,1,0.05,TRUE,0.00027573245008262,17.0531591174353,6.60166628732937,,20293286,5,rolling_v1|Chen2025_D|252|5|0.05|1|NA|1|TRUE|QS|20260821,ok,,9.58900000000722
gfc_2005_2010,The global financial crisis period,121,gfc_2005_2010_w0121,2007-05-23,2008-05-21,2007-11-19,252,349,Chen2025_D,1,0.05,TRUE,0.000422299281696372,16.2004460095534,6.60166628732937,,20293317,5,rolling_v1|Chen2025_D|252|5|0.05|1|NA|1|TRUE|QS|20260821,ok,,9.63800000000629
gfc_2005_2010,The global financial crisis period,122,gfc_2005_2010_w0122,2007-05-31,2008-05-29,2007-11-27,252,349,Chen2025_D,1,0.05,TRUE,0.000800851076864992,14.920145770202,6.60166628732937,,20293348,5,rolling_v1|Chen2025_D|252|5|0.05|1|NA|1|TRUE|QS|20260821,ok,,10.1310000000085
gfc_2005_2010,The global financial crisis period,123,gfc_2005_2010_w0123,2007-06-07,2008-06-05,2007-12-04,252,349,Chen2025_D,1,0.05,TRUE,0.000216729773101555,17.534777571262,6.60166628732937,,20293379,5,rolling_v1|Chen2025_D|252|5|0.05|1|NA|1|TRUE|QS|20260821,ok,,9.59600000000501
gfc_2005_2010,The global financial crisis period,124,gfc_2005_2010_w0124,2007-06-14,2008-06-12,2007-12-11,252,349,Chen2025_D,1,0.05,TRUE,0.000642218860128714,15.3617962159495,6.60166628732937,,20293410,5,rolling_v1|Chen2025_D|252|5|0.05|1|NA|1|TRUE|QS|20260821,ok,,9.54099999999744
gfc_2005_2010,The global financial crisis period,125,gfc_2005_2010_w0125,2007-06-21,2008-06-19,2007-12-18,252,349,Chen2025_D,1,0.05,TRUE,5.70449480045551e-05,20.2045608217362,6.60166628732937,,20293441,5,rolling_v1|Chen2025_D|252|5|0.05|1|NA|1|TRUE|QS|20260821,ok,,9.52499999999418
gfc_2005_2010,The global financial crisis period,126,gfc_2005_2010_w0126,2007-06-28,2008-06-26,2007-12-26,252,349,Chen2025_D,1,0.05,TRUE,0.000180382889110293,17.9019530019079,6.60166628732937,,20293472,5,rolling_v1|Chen2025_D|252|5|0.05|1|NA|1|TRUE|QS|20260821,ok,,9.58799999998882
gfc_2005_2010,The global financial crisis period,127,gfc_2005_2010_w0127,2007-07-06,2008-07-03,2008-01-03,252,349,Chen2025_D,1,0.05,TRUE,0.000136968750912783,18.4526543200387,6.60166628732937,,20293503,5,rolling_v1|Chen2025_D|252|5|0.05|1|NA|1|TRUE|QS|20260821,ok,,9.50699999999779
gfc_2005_2010,The global financial crisis period,128,gfc_2005_2010_w0128,2007-07-13,2008-07-11,2008-01-10,252,349,Chen2025_D,1,0.05,TRUE,0.00149041747572871,13.6771824718136,6.60166628732937,,20293534,5,rolling_v1|Chen2025_D|252|5|0.05|1|NA|1|TRUE|QS|20260821,ok,,10.2700000000041
gfc_2005_2010,The global financial crisis period,129,gfc_2005_2010_w0129,2007-07-20,2008-07-18,2008-01-17,252,349,Chen2025_D,1,0.05,TRUE,0.00120080077942607,14.1096076443438,6.60166628732937,,20293565,5,rolling_v1|Chen2025_D|252|5|0.05|1|NA|1|TRUE|QS|20260821,ok,,9.47699999999895
gfc_2005_2010,The global financial crisis period,130,gfc_2005_2010_w0130,2007-07-27,2008-07-25,2008-01-25,252,349,Chen2025_D,1,0.05,TRUE,0.00141571630282299,13.7800985469214,6.60166628732937,,20293316,5,rolling_v1|Chen2025_D|252|5|0.05|1|NA|1|TRUE|QS|20260821,ok,,10.0430000000051
gfc_2005_2010,The global financial crisis period,131,gfc_2005_2010_w0131,2007-08-03,2008-08-01,2008-02-01,252,349,Chen2025_D,1,0.05,TRUE,0.00158140084907071,13.5585817682279,6.60166628732937,,20293347,5,rolling_v1|Chen2025_D|252|5|0.05|1|NA|1|TRUE|QS|20260821,ok,,9.8009999999922
gfc_2005_2010,The global financial crisis period,132,gfc_2005_2010_w0132,2007-08-10,2008-08-08,2008-02-08,252,349,Chen2025_D,1,0.05,TRUE,0.000194171850087529,17.7546155333218,6.60166628732937,,20293378,5,rolling_v1|Chen2025_D|252|5|0.05|1|NA|1|TRUE|QS|20260821,ok,,9.64800000000105
gfc_2005_2010,The global financial crisis period,133,gfc_2005_2010_w0133,2007-08-17,2008-08-15,2008-02-15,252,349,Chen2025_D,1,0.05,TRUE,0.000834364366576044,14.8381218559357,6.60166628732937,,20293409,5,rolling_v1|Chen2025_D|252|5|0.05|1|NA|1|TRUE|QS|20260821,ok,,9.5280000000057
gfc_2005_2010,The global financial crisis period,134,gfc_2005_2010_w0134,2007-08-24,2008-08-22,2008-02-25,252,349,Chen2025_D,1,0.05,TRUE,0.00491201490599425,11.2884957983883,6.60166628732937,,20293440,5,rolling_v1|Chen2025_D|252|5|0.05|1|NA|1|TRUE|QS|20260821,ok,,9.53299999999581
gfc_2005_2010,The global financial crisis period,135,gfc_2005_2010_w0135,2007-08-31,2008-08-29,2008-03-03,252,349,Chen2025_D,1,0.05,TRUE,0.0249797283652148,8.01541339730436,6.60166628732937,,20293471,5,rolling_v1|Chen2025_D|252|5|0.05|1|NA|1|TRUE|QS|20260821,ok,,9.83000000000175
gfc_2005_2010,The global financial crisis period,136,gfc_2005_2010_w0136,2007-09-10,2008-09-08,2008-03-10,252,349,Chen2025_D,1,0.05,TRUE,0.0371340839548891,7.2099940566907,6.60166628732937,,20293502,5,rolling_v1|Chen2025_D|252|5|0.05|1|NA|1|TRUE|QS|20260821,ok,,10.093000000008
gfc_2005_2010,The global financial crisis period,137,gfc_2005_2010_w0137,2007-09-17,2008-09-15,2008-03-17,252,349,Chen2025_D,1,0.05,TRUE,0.015847442349477,8.93481701380543,6.60166628732937,,20293533,5,rolling_v1|Chen2025_D|252|5|0.05|1|NA|1|TRUE|QS|20260821,ok,,9.33299999999872
gfc_2005_2010,The global financial crisis period,138,gfc_2005_2010_w0138,2007-09-24,2008-09-22,2008-03-25,252,349,Chen2025_D,1,0.05,TRUE,0.00140585962613637,13.7940817648889,6.60166628732937,,20293564,5,rolling_v1|Chen2025_D|252|5|0.05|1|NA|1|TRUE|QS|20260821,ok,,9.52499999999418
gfc_2005_2010,The global financial crisis period,139,gfc_2005_2010_w0139,2007-10-01,2008-09-29,2008-04-01,252,349,Chen2025_D,1,0.05,TRUE,0.00213990648461584,12.9531202716688,6.60166628732937,,20293595,5,rolling_v1|Chen2025_D|252|5|0.05|1|NA|1|TRUE|QS|20260821,ok,,9.48500000000058
gfc_2005_2010,The global financial crisis period,140,gfc_2005_2010_w0140,2007-10-08,2008-10-06,2008-04-08,252,349,Chen2025_D,1,0.05,TRUE,0.00403149219032363,11.6844749105838,6.60166628732937,,20293346,5,rolling_v1|Chen2025_D|252|5|0.05|1|NA|1|TRUE|QS|20260821,ok,,9.53599999999278
gfc_2005_2010,The global financial crisis period,141,gfc_2005_2010_w0141,2007-10-15,2008-10-13,2008-04-15,252,349,Chen2025_D,1,0.05,TRUE,0.0212612822466278,8.34155890766746,6.60166628732937,,20293377,5,rolling_v1|Chen2025_D|252|5|0.05|1|NA|1|TRUE|QS|20260821,ok,,9.39299999999639
gfc_2005_2010,The global financial crisis period,142,gfc_2005_2010_w0142,2007-10-22,2008-10-20,2008-04-22,252,349,Chen2025_D,1,0.05,TRUE,0.00919773442572926,10.0296387763886,6.60166628732937,,20293408,5,rolling_v1|Chen2025_D|252|5|0.05|1|NA|1|TRUE|QS|20260821,ok,,9.37600000000384
gfc_2005_2010,The global financial crisis period,143,gfc_2005_2010_w0143,2007-10-29,2008-10-27,2008-04-29,252,349,Chen2025_D,1,0.05,TRUE,0.0158446425717961,8.93517322357283,6.60166628732937,,20293439,5,rolling_v1|Chen2025_D|252|5|0.05|1|NA|1|TRUE|QS|20260821,ok,,10.3809999999939
gfc_2005_2010,The global financial crisis period,144,gfc_2005_2010_w0144,2007-11-05,2008-11-03,2008-05-06,252,349,Chen2025_D,1,0.05,TRUE,0.00577754889786968,10.963035788279,6.60166628732937,,20293470,5,rolling_v1|Chen2025_D|252|5|0.05|1|NA|1|TRUE|QS|20260821,ok,,9.41000000000349
gfc_2005_2010,The global financial crisis period,145,gfc_2005_2010_w0145,2007-11-12,2008-11-10,2008-05-13,252,349,Chen2025_D,1,0.05,TRUE,0.00542338615343291,11.0899099216964,6.60166628732937,,20293501,5,rolling_v1|Chen2025_D|252|5|0.05|1|NA|1|TRUE|QS|20260821,ok,,10.426999999996
gfc_2005_2010,The global financial crisis period,146,gfc_2005_2010_w0146,2007-11-19,2008-11-17,2008-05-20,252,349,Chen2025_D,1,0.05,TRUE,0.0197391817099598,8.49167170832552,6.60166628732937,,20293532,5,rolling_v1|Chen2025_D|252|5|0.05|1|NA|1|TRUE|QS|20260821,ok,,10.0690000000031
gfc_2005_2010,The global financial crisis period,147,gfc_2005_2010_w0147,2007-11-27,2008-11-24,2008-05-28,252,349,Chen2025_D,1,0.05,TRUE,0.0163894560489607,8.86700744675845,6.60166628732937,,20293563,5,rolling_v1|Chen2025_D|252|5|0.05|1|NA|1|TRUE|QS|20260821,ok,,9.41999999999825
gfc_2005_2010,The global financial crisis period,148,gfc_2005_2010_w0148,2007-12-04,2008-12-02,2008-06-04,252,349,Chen2025_D,1,0.05,TRUE,0.000848179954794065,14.8052627770715,6.60166628732937,,20293594,5,rolling_v1|Chen2025_D|252|5|0.05|1|NA|1|TRUE|QS|20260821,ok,,10.156999999992
gfc_2005_2010,The global financial crisis period,149,gfc_2005_2010_w0149,2007-12-11,2008-12-09,2008-06-11,252,349,Chen2025_D,1,0.05,TRUE,0.00019613216535332,17.7345232669565,6.60166628732937,,20293625,5,rolling_v1|Chen2025_D|252|5|0.05|1|NA|1|TRUE|QS|20260821,ok,,10.148000000001
gfc_2005_2010,The global financial crisis period,150,gfc_2005_2010_w0150,2007-12-18,2008-12-16,2008-06-18,252,349,Chen2025_D,1,0.05,TRUE,0.00211159885585146,12.979782063887,6.60166628732937,,20293376,5,rolling_v1|Chen2025_D|252|5|0.05|1|NA|1|TRUE|QS|20260821,ok,,9.6869999999908
gfc_2005_2010,The global financial crisis period,151,gfc_2005_2010_w0151,2007-12-26,2008-12-23,2008-06-25,252,349,Chen2025_D,1,0.05,TRUE,0.00491696299073921,11.2864771576365,6.60166628732937,,20293407,5,rolling_v1|Chen2025_D|252|5|0.05|1|NA|1|TRUE|QS|20260821,ok,,9.36100000000442
gfc_2005_2010,The global financial crisis period,152,gfc_2005_2010_w0152,2008-01-03,2008-12-31,2008-07-02,252,349,Chen2025_D,1,0.05,TRUE,0.00420740911950854,11.5988774490439,6.60166628732937,,20293438,5,rolling_v1|Chen2025_D|252|5|0.05|1|NA|1|TRUE|QS|20260821,ok,,9.51299999999173
gfc_2005_2010,The global financial crisis period,153,gfc_2005_2010_w0153,2008-01-10,2009-01-08,2008-07-10,252,349,Chen2025_D,1,0.05,TRUE,0.000820019672286881,14.8728199440547,6.60166628732937,,20293469,5,rolling_v1|Chen2025_D|252|5|0.05|1|NA|1|TRUE|QS|20260821,ok,,9.41200000001118
gfc_2005_2010,The global financial crisis period,154,gfc_2005_2010_w0154,2008-01-17,2009-01-15,2008-07-17,252,349,Chen2025_D,1,0.05,TRUE,0.00116994124985259,14.1617087677457,6.60166628732937,,20293500,5,rolling_v1|Chen2025_D|252|5|0.05|1|NA|1|TRUE|QS|20260821,ok,,9.51199999998789
gfc_2005_2010,The global financial crisis period,155,gfc_2005_2010_w0155,2008-01-25,2009-01-23,2008-07-24,252,349,Chen2025_D,1,0.05,TRUE,0.000129186122912811,18.5696593565278,6.60166628732937,,20293531,5,rolling_v1|Chen2025_D|252|5|0.05|1|NA|1|TRUE|QS|20260821,ok,,9.40200000000186
gfc_2005_2010,The global financial crisis period,156,gfc_2005_2010_w0156,2008-02-01,2009-01-30,2008-07-31,252,349,Chen2025_D,1,0.05,TRUE,0.000172876874239615,17.986964752816,6.60166628732937,,20293562,5,rolling_v1|Chen2025_D|252|5|0.05|1|NA|1|TRUE|QS|20260821,ok,,10.0589999999938
gfc_2005_2010,The global financial crisis period,157,gfc_2005_2010_w0157,2008-02-08,2009-02-06,2008-08-07,252,349,Chen2025_D,1,0.05,TRUE,6.89936466031071e-05,19.8241990652596,6.60166628732937,,20293593,5,rolling_v1|Chen2025_D|252|5|0.05|1|NA|1|TRUE|QS|20260821,ok,,9.91700000000128
gfc_2005_2010,The global financial crisis period,158,gfc_2005_2010_w0158,2008-02-15,2009-02-13,2008-08-14,252,349,Chen2025_D,1,0.05,TRUE,0.000128226824818649,18.58456714239,6.60166628732937,,20293624,5,rolling_v1|Chen2025_D|252|5|0.05|1|NA|1|TRUE|QS|20260821,ok,,9.40399999999499
gfc_2005_2010,The global financial crisis period,159,gfc_2005_2010_w0159,2008-02-25,2009-02-23,2008-08-21,252,349,Chen2025_D,1,0.05,TRUE,4.4467141847752e-05,20.7027513752326,6.60166628732937,,20293655,5,rolling_v1|Chen2025_D|252|5|0.05|1|NA|1|TRUE|QS|20260821,ok,,9.33999999999651
gfc_2005_2010,The global financial crisis period,160,gfc_2005_2010_w0160,2008-03-03,2009-03-02,2008-08-28,252,349,Chen2025_D,1,0.05,TRUE,1.61399995112589e-05,22.7296794999447,6.60166628732937,,20293406,5,rolling_v1|Chen2025_D|252|5|0.05|1|NA|1|TRUE|QS|20260821,ok,,9.48699999999371
gfc_2005_2010,The global financial crisis period,161,gfc_2005_2010_w0161,2008-03-10,2009-03-09,2008-09-05,252,349,Chen2025_D,1,0.05,TRUE,1.98426282011946e-05,22.316611936578,6.60166628732937,,20293437,5,rolling_v1|Chen2025_D|252|5|0.05|1|NA|1|TRUE|QS|20260821,ok,,9.48799999999756
gfc_2005_2010,The global financial crisis period,162,gfc_2005_2010_w0162,2008-03-17,2009-03-16,2008-09-12,252,349,Chen2025_D,1,0.05,TRUE,1.1931033233737e-05,23.3339992933121,6.60166628732937,,20293468,5,rolling_v1|Chen2025_D|252|5|0.05|1|NA|1|TRUE|QS|20260821,ok,,9.38400000000547
gfc_2005_2010,The global financial crisis period,163,gfc_2005_2010_w0163,2008-03-25,2009-03-23,2008-09-19,252,349,Chen2025_D,1,0.05,TRUE,1.99523293792855e-05,22.3055851579057,6.60166628732937,,20293499,5,rolling_v1|Chen2025_D|252|5|0.05|1|NA|1|TRUE|QS|20260821,ok,,10.3800000000047
gfc_2005_2010,The global financial crisis period,164,gfc_2005_2010_w0164,2008-04-01,2009-03-30,2008-09-26,252,349,Chen2025_D,1,0.05,TRUE,2.13245369312686e-05,22.1725588238215,6.60166628732937,,20293530,5,rolling_v1|Chen2025_D|252|5|0.05|1|NA|1|TRUE|QS|20260821,ok,,9.38700000000244
gfc_2005_2010,The global financial crisis period,165,gfc_2005_2010_w0165,2008-04-08,2009-04-06,2008-10-03,252,349,Chen2025_D,1,0.05,TRUE,3.80429922119556e-05,21.0148250731704,6.60166628732937,,20293561,5,rolling_v1|Chen2025_D|252|5|0.05|1|NA|1|TRUE|QS|20260821,ok,,9.44099999999162
gfc_2005_2010,The global financial crisis period,166,gfc_2005_2010_w0166,2008-04-15,2009-04-14,2008-10-10,252,349,Chen2025_D,1,0.05,TRUE,0.000224447165267677,17.4647917660847,6.60166628732937,,20293592,5,rolling_v1|Chen2025_D|252|5|0.05|1|NA|1|TRUE|QS|20260821,ok,,9.36100000000442
gfc_2005_2010,The global financial crisis period,167,gfc_2005_2010_w0167,2008-04-22,2009-04-21,2008-10-17,252,349,Chen2025_D,1,0.05,TRUE,0.000177571147092483,17.9333766062967,6.60166628732937,,20293623,5,rolling_v1|Chen2025_D|252|5|0.05|1|NA|1|TRUE|QS|20260821,ok,,10.0740000000078
gfc_2005_2010,The global financial crisis period,168,gfc_2005_2010_w0168,2008-04-29,2009-04-28,2008-10-24,252,349,Chen2025_D,1,0.05,TRUE,0.000123858564242561,18.6538924328844,6.60166628732937,,20293654,5,rolling_v1|Chen2025_D|252|5|0.05|1|NA|1|TRUE|QS|20260821,ok,,9.39800000000105
gfc_2005_2010,The global financial crisis period,169,gfc_2005_2010_w0169,2008-05-06,2009-05-05,2008-10-31,252,349,Chen2025_D,1,0.05,TRUE,0.000398747692376304,16.315240357339,6.60166628732937,,20293685,5,rolling_v1|Chen2025_D|252|5|0.05|1|NA|1|TRUE|QS|20260821,ok,,9.50899999999092
gfc_2005_2010,The global financial crisis period,170,gfc_2005_2010_w0170,2008-05-13,2009-05-12,2008-11-07,252,349,Chen2025_D,1,0.05,TRUE,0.000110328457275329,18.8852627879378,6.60166628732937,,20293436,5,rolling_v1|Chen2025_D|252|5|0.05|1|NA|1|TRUE|QS|20260821,ok,,9.5109999999986
gfc_2005_2010,The global financial crisis period,171,gfc_2005_2010_w0171,2008-05-20,2009-05-19,2008-11-14,252,349,Chen2025_D,1,0.05,TRUE,5.43369956262306e-05,20.301831938886,6.60166628732937,,20293467,5,rolling_v1|Chen2025_D|252|5|0.05|1|NA|1|TRUE|QS|20260821,ok,,10.4470000000001
gfc_2005_2010,The global financial crisis period,172,gfc_2005_2010_w0172,2008-05-28,2009-05-27,2008-11-21,252,349,Chen2025_D,1,0.05,TRUE,5.10925827387126e-05,20.4249671419235,6.60166628732937,,20293498,5,rolling_v1|Chen2025_D|252|5|0.05|1|NA|1|TRUE|QS|20260821,ok,,9.52000000000407
gfc_2005_2010,The global financial crisis period,173,gfc_2005_2010_w0173,2008-06-04,2009-06-03,2008-12-01,252,349,Chen2025_D,1,0.05,TRUE,7.73565576252472e-05,19.5953688420575,6.60166628732937,,20293529,5,rolling_v1|Chen2025_D|252|5|0.05|1|NA|1|TRUE|QS|20260821,ok,,9.84600000000501
gfc_2005_2010,The global financial crisis period,174,gfc_2005_2010_w0174,2008-06-11,2009-06-10,2008-12-08,252,349,Chen2025_D,1,0.05,TRUE,5.78432620586662e-05,20.1767651120542,6.60166628732937,,20293560,5,rolling_v1|Chen2025_D|252|5|0.05|1|NA|1|TRUE|QS|20260821,ok,,10.9159999999974
gfc_2005_2010,The global financial crisis period,175,gfc_2005_2010_w0175,2008-06-18,2009-06-17,2008-12-15,252,349,Chen2025_D,1,0.05,TRUE,9.48311043971563e-05,19.1880071485191,6.60166628732937,,20293591,5,rolling_v1|Chen2025_D|252|5|0.05|1|NA|1|TRUE|QS|20260821,ok,,9.97600000000966
gfc_2005_2010,The global financial crisis period,176,gfc_2005_2010_w0176,2008-06-25,2009-06-24,2008-12-22,252,349,Chen2025_D,1,0.05,TRUE,7.59164378609356e-05,19.6329545192123,6.60166628732937,,20293622,5,rolling_v1|Chen2025_D|252|5|0.05|1|NA|1|TRUE|QS|20260821,ok,,10.1150000000052
gfc_2005_2010,The global financial crisis period,177,gfc_2005_2010_w0177,2008-07-02,2009-07-01,2008-12-30,252,349,Chen2025_D,1,0.05,TRUE,5.47766918735429e-05,20.2857125818306,6.60166628732937,,20293653,5,rolling_v1|Chen2025_D|252|5|0.05|1|NA|1|TRUE|QS|20260821,ok,,9.8240000000078
gfc_2005_2010,The global financial crisis period,178,gfc_2005_2010_w0178,2008-07-10,2009-07-09,2009-01-07,252,349,Chen2025_D,1,0.05,TRUE,0.000230401791371054,17.4124170735814,6.60166628732937,,20293684,5,rolling_v1|Chen2025_D|252|5|0.05|1|NA|1|TRUE|QS|20260821,ok,,9.68000000000757
gfc_2005_2010,The global financial crisis period,179,gfc_2005_2010_w0179,2008-07-17,2009-07-16,2009-01-14,252,349,Chen2025_D,1,0.05,TRUE,9.3766463786378e-05,19.210588608739,6.60166628732937,,20293715,5,rolling_v1|Chen2025_D|252|5|0.05|1|NA|1|TRUE|QS|20260821,ok,,9.56499999998778
gfc_2005_2010,The global financial crisis period,180,gfc_2005_2010_w0180,2008-07-24,2009-07-23,2009-01-22,252,349,Chen2025_D,1,0.05,TRUE,2.89691167372902e-05,21.5598072908243,6.60166628732937,,20293466,5,rolling_v1|Chen2025_D|252|5|0.05|1|NA|1|TRUE|QS|20260821,ok,,9.45799999999872
gfc_2005_2010,The global financial crisis period,181,gfc_2005_2010_w0181,2008-07-31,2009-07-30,2009-01-29,252,349,Chen2025_D,1,0.05,TRUE,7.14705012707782e-05,19.7536558426834,6.60166628732937,,20293497,5,rolling_v1|Chen2025_D|252|5|0.05|1|NA|1|TRUE|QS|20260821,ok,,10.0240000000049
gfc_2005_2010,The global financial crisis period,182,gfc_2005_2010_w0182,2008-08-07,2009-08-06,2009-02-05,252,349,Chen2025_D,1,0.05,TRUE,0.000376629892635276,16.4293942399628,6.60166628732937,,20293528,5,rolling_v1|Chen2025_D|252|5|0.05|1|NA|1|TRUE|QS|20260821,ok,,9.4939999999915
gfc_2005_2010,The global financial crisis period,183,gfc_2005_2010_w0183,2008-08-14,2009-08-13,2009-02-12,252,349,Chen2025_D,1,0.05,TRUE,0.000288008513165114,16.9660287834921,6.60166628732937,,20293559,5,rolling_v1|Chen2025_D|252|5|0.05|1|NA|1|TRUE|QS|20260821,ok,,10.2969999999914
gfc_2005_2010,The global financial crisis period,184,gfc_2005_2010_w0184,2008-08-21,2009-08-20,2009-02-20,252,349,Chen2025_D,1,0.05,TRUE,0.000205930783042633,17.6370107413587,6.60166628732937,,20293590,5,rolling_v1|Chen2025_D|252|5|0.05|1|NA|1|TRUE|QS|20260821,ok,,9.62799999999697
gfc_2005_2010,The global financial crisis period,185,gfc_2005_2010_w0185,2008-08-28,2009-08-27,2009-02-27,252,349,Chen2025_D,1,0.05,TRUE,0.000302399465016244,16.8684967172441,6.60166628732937,,20293621,5,rolling_v1|Chen2025_D|252|5|0.05|1|NA|1|TRUE|QS|20260821,ok,,9.49700000000303
gfc_2005_2010,The global financial crisis period,186,gfc_2005_2010_w0186,2008-09-05,2009-09-03,2009-03-06,252,349,Chen2025_D,1,0.05,TRUE,0.000464785852058842,16.0086784966805,6.60166628732937,,20293652,5,rolling_v1|Chen2025_D|252|5|0.05|1|NA|1|TRUE|QS|20260821,ok,,9.60400000000664
gfc_2005_2010,The global financial crisis period,187,gfc_2005_2010_w0187,2008-09-12,2009-09-11,2009-03-13,252,349,Chen2025_D,1,0.05,TRUE,0.000598814612811795,15.5017938296171,6.60166628732937,,20293683,5,rolling_v1|Chen2025_D|252|5|0.05|1|NA|1|TRUE|QS|20260821,ok,,9.7609999999986
gfc_2005_2010,The global financial crisis period,188,gfc_2005_2010_w0188,2008-09-19,2009-09-18,2009-03-20,252,349,Chen2025_D,1,0.05,TRUE,0.000232340803330248,17.3956539945893,6.60166628732937,,20293714,5,rolling_v1|Chen2025_D|252|5|0.05|1|NA|1|TRUE|QS|20260821,ok,,9.66999999999825
gfc_2005_2010,The global financial crisis period,189,gfc_2005_2010_w0189,2008-09-26,2009-09-25,2009-03-27,252,349,Chen2025_D,1,0.05,TRUE,0.000114974189901444,18.802766590407,6.60166628732937,,20293745,5,rolling_v1|Chen2025_D|252|5|0.05|1|NA|1|TRUE|QS|20260821,ok,,9.75300000001153
gfc_2005_2010,The global financial crisis period,190,gfc_2005_2010_w0190,2008-10-03,2009-10-02,2009-04-03,252,349,Chen2025_D,1,0.05,TRUE,5.73468498142288e-05,20.1940037310858,6.60166628732937,,20293496,5,rolling_v1|Chen2025_D|252|5|0.05|1|NA|1|TRUE|QS|20260821,ok,,9.55400000000373
gfc_2005_2010,The global financial crisis period,191,gfc_2005_2010_w0191,2008-10-10,2009-10-09,2009-04-13,252,349,Chen2025_D,1,0.05,TRUE,0.000185350916399695,17.8476097924559,6.60166628732937,,20293527,5,rolling_v1|Chen2025_D|252|5|0.05|1|NA|1|TRUE|QS|20260821,ok,,9.72900000000664
gfc_2005_2010,The global financial crisis period,192,gfc_2005_2010_w0192,2008-10-17,2009-10-16,2009-04-20,252,349,Chen2025_D,1,0.05,TRUE,0.00030404548121079,16.8576382222434,6.60166628732937,,20293558,5,rolling_v1|Chen2025_D|252|5|0.05|1|NA|1|TRUE|QS|20260821,ok,,10.5979999999981
gfc_2005_2010,The global financial crisis period,193,gfc_2005_2010_w0193,2008-10-24,2009-10-23,2009-04-27,252,349,Chen2025_D,1,0.05,TRUE,0.000282280023457059,17.0062154534813,6.60166628732937,,20293589,5,rolling_v1|Chen2025_D|252|5|0.05|1|NA|1|TRUE|QS|20260821,ok,,10.3850000000093
gfc_2005_2010,The global financial crisis period,194,gfc_2005_2010_w0194,2008-10-31,2009-10-30,2009-05-04,252,349,Chen2025_D,1,0.05,TRUE,0.000246283485200775,17.2790840937746,6.60166628732937,,20293620,5,rolling_v1|Chen2025_D|252|5|0.05|1|NA|1|TRUE|QS|20260821,ok,,10.4640000000072
gfc_2005_2010,The global financial crisis period,195,gfc_2005_2010_w0195,2008-11-07,2009-11-06,2009-05-11,252,349,Chen2025_D,1,0.05,TRUE,0.000336615913188093,16.6540751282459,6.60166628732937,,20293651,5,rolling_v1|Chen2025_D|252|5|0.05|1|NA|1|TRUE|QS|20260821,ok,,10.4449999999924
gfc_2005_2010,The global financial crisis period,196,gfc_2005_2010_w0196,2008-11-14,2009-11-13,2009-05-18,252,349,Chen2025_D,1,0.05,TRUE,0.000403408413754509,16.2919944641287,6.60166628732937,,20293682,5,rolling_v1|Chen2025_D|252|5|0.05|1|NA|1|TRUE|QS|20260821,ok,,10.2669999999926
gfc_2005_2010,The global financial crisis period,197,gfc_2005_2010_w0197,2008-11-21,2009-11-20,2009-05-26,252,349,Chen2025_D,1,0.05,TRUE,0.000952566080289904,14.5730250003473,6.60166628732937,,20293713,5,rolling_v1|Chen2025_D|252|5|0.05|1|NA|1|TRUE|QS|20260821,ok,,10.3780000000115
gfc_2005_2010,The global financial crisis period,198,gfc_2005_2010_w0198,2008-12-01,2009-11-30,2009-06-02,252,349,Chen2025_D,1,0.05,TRUE,0.000105419481752367,18.9762965702863,6.60166628732937,,20293744,5,rolling_v1|Chen2025_D|252|5|0.05|1|NA|1|TRUE|QS|20260821,ok,,10.5040000000008
gfc_2005_2010,The global financial crisis period,199,gfc_2005_2010_w0199,2008-12-08,2009-12-07,2009-06-09,252,349,Chen2025_D,1,0.05,TRUE,0.000398305284177481,16.317461019916,6.60166628732937,,20293775,5,rolling_v1|Chen2025_D|252|5|0.05|1|NA|1|TRUE|QS|20260821,ok,,10.6689999999944
gfc_2005_2010,The global financial crisis period,200,gfc_2005_2010_w0200,2008-12-15,2009-12-14,2009-06-16,252,349,Chen2025_D,1,0.05,TRUE,0.000943156372733712,14.5928891906873,6.60166628732937,,20293255,5,rolling_v1|Chen2025_D|252|5|0.05|1|NA|1|TRUE|QS|20260821,ok,,11.8990000000049
gfc_2005_2010,The global financial crisis period,201,gfc_2005_2010_w0201,2008-12-22,2009-12-21,2009-06-23,252,349,Chen2025_D,1,0.05,TRUE,0.00072741422075784,15.11257710542,6.60166628732937,,20293286,5,rolling_v1|Chen2025_D|252|5|0.05|1|NA|1|TRUE|QS|20260821,ok,,10.622000000003
gfc_2005_2010,The global financial crisis period,202,gfc_2005_2010_w0202,2008-12-30,2009-12-29,2009-06-30,252,349,Chen2025_D,1,0.05,TRUE,0.0011724859447086,14.1573608204378,6.60166628732937,,20293317,5,rolling_v1|Chen2025_D|252|5|0.05|1|NA|1|TRUE|QS|20260821,ok,,10.4519999999902
gfc_2005_2010,The global financial crisis period,203,gfc_2005_2010_w0203,2009-01-07,2010-01-06,2009-07-08,252,349,Chen2025_D,1,0.05,TRUE,0.000719071038176788,15.1356573102013,6.60166628732937,,20293348,5,rolling_v1|Chen2025_D|252|5|0.05|1|NA|1|TRUE|QS|20260821,ok,,10.3099999999977
gfc_2005_2010,The global financial crisis period,204,gfc_2005_2010_w0204,2009-01-14,2010-01-13,2009-07-15,252,349,Chen2025_D,1,0.05,TRUE,0.000172428310711408,17.9921613444512,6.60166628732937,,20293379,5,rolling_v1|Chen2025_D|252|5|0.05|1|NA|1|TRUE|QS|20260821,ok,,10.5350000000035
gfc_2005_2010,The global financial crisis period,205,gfc_2005_2010_w0205,2009-01-22,2010-01-21,2009-07-22,252,349,Chen2025_D,1,0.05,TRUE,0.00034223202698956,16.6209767273051,6.60166628732937,,20293410,5,rolling_v1|Chen2025_D|252|5|0.05|1|NA|1|TRUE|QS|20260821,ok,,10.6940000000031
gfc_2005_2010,The global financial crisis period,206,gfc_2005_2010_w0206,2009-01-29,2010-01-28,2009-07-29,252,349,Chen2025_D,1,0.05,TRUE,0.00143110911619432,13.7584548852449,6.60166628732937,,20293441,5,rolling_v1|Chen2025_D|252|5|0.05|1|NA|1|TRUE|QS|20260821,ok,,10.3840000000055
gfc_2005_2010,The global financial crisis period,207,gfc_2005_2010_w0207,2009-02-05,2010-02-04,2009-08-05,252,349,Chen2025_D,1,0.05,TRUE,0.00208434627416748,13.0057896514239,6.60166628732937,,20293472,5,rolling_v1|Chen2025_D|252|5|0.05|1|NA|1|TRUE|QS|20260821,ok,,10.4170000000013
gfc_2005_2010,The global financial crisis period,208,gfc_2005_2010_w0208,2009-02-12,2010-02-11,2009-08-12,252,349,Chen2025_D,1,0.05,TRUE,0.00522089714318661,11.1662155496796,6.60166628732937,,20293503,5,rolling_v1|Chen2025_D|252|5|0.05|1|NA|1|TRUE|QS|20260821,ok,,10.3510000000097
gfc_2005_2010,The global financial crisis period,209,gfc_2005_2010_w0209,2009-02-20,2010-02-19,2009-08-19,252,349,Chen2025_D,1,0.05,TRUE,0.00631270212257513,10.7853293506512,6.60166628732937,,20293534,5,rolling_v1|Chen2025_D|252|5|0.05|1|NA|1|TRUE|QS|20260821,ok,,10.4840000000113
gfc_2005_2010,The global financial crisis period,210,gfc_2005_2010_w0210,2009-02-27,2010-02-26,2009-08-26,252,349,Chen2025_D,1,0.05,TRUE,0.00642770312811822,10.7491068373891,6.60166628732937,,20293285,5,rolling_v1|Chen2025_D|252|5|0.05|1|NA|1|TRUE|QS|20260821,ok,,10.6570000000065
gfc_2005_2010,The global financial crisis period,211,gfc_2005_2010_w0211,2009-03-06,2010-03-05,2009-09-02,252,349,Chen2025_D,1,0.05,TRUE,0.00118281902050163,14.1398017652768,6.60166628732937,,20293316,5,rolling_v1|Chen2025_D|252|5|0.05|1|NA|1|TRUE|QS|20260821,ok,,10.4360000000015
gfc_2005_2010,The global financial crisis period,212,gfc_2005_2010_w0212,2009-03-13,2010-03-12,2009-09-10,252,349,Chen2025_D,1,0.05,TRUE,0.000140299770988962,18.4045938875768,6.60166628732937,,20293347,5,rolling_v1|Chen2025_D|252|5|0.05|1|NA|1|TRUE|QS|20260821,ok,,10.5599999999977
gfc_2005_2010,The global financial crisis period,213,gfc_2005_2010_w0213,2009-03-20,2010-03-19,2009-09-17,252,349,Chen2025_D,1,0.05,TRUE,0.000139528014229098,18.4156265691538,6.60166628732937,,20293378,5,rolling_v1|Chen2025_D|252|5|0.05|1|NA|1|TRUE|QS|20260821,ok,,11.0950000000012
gfc_2005_2010,The global financial crisis period,214,gfc_2005_2010_w0214,2009-03-27,2010-03-26,2009-09-24,252,349,Chen2025_D,1,0.05,TRUE,0.000551442721549646,15.666669387875,6.60166628732937,,20293409,5,rolling_v1|Chen2025_D|252|5|0.05|1|NA|1|TRUE|QS|20260821,ok,,10.6770000000106
gfc_2005_2010,The global financial crisis period,215,gfc_2005_2010_w0215,2009-04-03,2010-04-05,2009-10-01,252,349,Chen2025_D,1,0.05,TRUE,0.000127353214414523,18.5982406614083,6.60166628732937,,20293440,5,rolling_v1|Chen2025_D|252|5|0.05|1|NA|1|TRUE|QS|20260821,ok,,10.1860000000015
gfc_2005_2010,The global financial crisis period,216,gfc_2005_2010_w0216,2009-04-13,2010-04-12,2009-10-08,252,349,Chen2025_D,1,0.05,TRUE,2.43256765082154e-05,21.9092077014161,6.60166628732937,,20293471,5,rolling_v1|Chen2025_D|252|5|0.05|1|NA|1|TRUE|QS|20260821,ok,,10.6630000000005
gfc_2005_2010,The global financial crisis period,217,gfc_2005_2010_w0217,2009-04-20,2010-04-19,2009-10-15,252,349,Chen2025_D,1,0.05,TRUE,2.18938335012394e-05,22.1198649673667,6.60166628732937,,20293502,5,rolling_v1|Chen2025_D|252|5|0.05|1|NA|1|TRUE|QS|20260821,ok,,10.351999999999
gfc_2005_2010,The global financial crisis period,218,gfc_2005_2010_w0218,2009-04-27,2010-04-26,2009-10-22,252,349,Chen2025_D,1,0.05,TRUE,0.00108054452696714,14.3207751044556,6.60166628732937,,20293533,5,rolling_v1|Chen2025_D|252|5|0.05|1|NA|1|TRUE|QS|20260821,ok,,10.6420000000071
gfc_2005_2010,The global financial crisis period,219,gfc_2005_2010_w0219,2009-05-04,2010-05-03,2009-10-29,252,349,Chen2025_D,1,0.05,TRUE,0.0014866320535109,13.6822724040669,6.60166628732937,,20293564,5,rolling_v1|Chen2025_D|252|5|0.05|1|NA|1|TRUE|QS|20260821,ok,,10.4029999999912
gfc_2005_2010,The global financial crisis period,220,gfc_2005_2010_w0220,2009-05-11,2010-05-10,2009-11-05,252,349,Chen2025_D,1,0.05,FALSE,0.0662070174194168,6.02310392593321,6.60166628732937,,20293315,5,rolling_v1|Chen2025_D|252|5|0.05|1|NA|1|TRUE|QS|20260821,ok,,10.3719999999885
gfc_2005_2010,The global financial crisis period,221,gfc_2005_2010_w0221,2009-05-18,2010-05-17,2009-11-12,252,349,Chen2025_D,1,0.05,FALSE,0.128207888686676,4.63384441099587,6.60166628732937,,20293346,5,rolling_v1|Chen2025_D|252|5|0.05|1|NA|1|TRUE|QS|20260821,ok,,11.4089999999997
gfc_2005_2010,The global financial crisis period,222,gfc_2005_2010_w0222,2009-05-26,2010-05-24,2009-11-19,252,349,Chen2025_D,1,0.05,FALSE,0.110422857635489,4.95228378102542,6.60166628732937,,20293377,5,rolling_v1|Chen2025_D|252|5|0.05|1|NA|1|TRUE|QS|20260821,ok,,10.5209999999934
gfc_2005_2010,The global financial crisis period,223,gfc_2005_2010_w0223,2009-06-02,2010-06-01,2009-11-27,252,349,Chen2025_D,1,0.05,FALSE,0.0543479712535011,6.4303513779104,6.60166628732937,,20293408,5,rolling_v1|Chen2025_D|252|5|0.05|1|NA|1|TRUE|QS|20260821,ok,,10.7360000000044
gfc_2005_2010,The global financial crisis period,224,gfc_2005_2010_w0224,2009-06-09,2010-06-08,2009-12-04,252,349,Chen2025_D,1,0.05,FALSE,0.0815530754054213,5.58981016132873,6.60166628732937,,20293439,5,rolling_v1|Chen2025_D|252|5|0.05|1|NA|1|TRUE|QS|20260821,ok,,10.6500000000087
gfc_2005_2010,The global financial crisis period,225,gfc_2005_2010_w0225,2009-06-16,2010-06-15,2009-12-11,252,349,Chen2025_D,1,0.05,TRUE,0.0435360565334738,6.88526030741001,6.60166628732937,,20293470,5,rolling_v1|Chen2025_D|252|5|0.05|1|NA|1|TRUE|QS|20260821,ok,,10.4180000000051
gfc_2005_2010,The global financial crisis period,226,gfc_2005_2010_w0226,2009-06-23,2010-06-22,2009-12-18,252,349,Chen2025_D,1,0.05,TRUE,0.0207471108370103,8.39104361944071,6.60166628732937,,20293501,5,rolling_v1|Chen2025_D|252|5|0.05|1|NA|1|TRUE|QS|20260821,ok,,10.3890000000101
gfc_2005_2010,The global financial crisis period,227,gfc_2005_2010_w0227,2009-06-30,2010-06-29,2009-12-28,252,349,Chen2025_D,1,0.05,TRUE,0.00473705548736689,11.3612084402221,6.60166628732937,,20293532,5,rolling_v1|Chen2025_D|252|5|0.05|1|NA|1|TRUE|QS|20260821,ok,,10.4879999999976
gfc_2005_2010,The global financial crisis period,228,gfc_2005_2010_w0228,2009-07-08,2010-07-07,2010-01-05,252,349,Chen2025_D,1,0.05,TRUE,0.00453929038432895,11.4466970542345,6.60166628732937,,20293563,5,rolling_v1|Chen2025_D|252|5|0.05|1|NA|1|TRUE|QS|20260821,ok,,10.4520000000048
gfc_2005_2010,The global financial crisis period,229,gfc_2005_2010_w0229,2009-07-15,2010-07-14,2010-01-12,252,349,Chen2025_D,1,0.05,TRUE,0.00225175742505337,12.8511104959834,6.60166628732937,,20293594,5,rolling_v1|Chen2025_D|252|5|0.05|1|NA|1|TRUE|QS|20260821,ok,,10.6720000000059
gfc_2005_2010,The global financial crisis period,230,gfc_2005_2010_w0230,2009-07-22,2010-07-21,2010-01-20,252,349,Chen2025_D,1,0.05,TRUE,0.0130217875234978,9.33044551381561,6.60166628732937,,20293345,5,rolling_v1|Chen2025_D|252|5|0.05|1|NA|1|TRUE|QS|20260821,ok,,10.5959999999905
gfc_2005_2010,The global financial crisis period,231,gfc_2005_2010_w0231,2009-07-29,2010-07-28,2010-01-27,252,349,Chen2025_D,1,0.05,TRUE,0.0258779180107024,7.94384495213053,6.60166628732937,,20293376,5,rolling_v1|Chen2025_D|252|5|0.05|1|NA|1|TRUE|QS|20260821,ok,,10.6159999999945
gfc_2005_2010,The global financial crisis period,232,gfc_2005_2010_w0232,2009-08-05,2010-08-04,2010-02-03,252,349,Chen2025_D,1,0.05,TRUE,0.0338158842359466,7.4006228178244,6.60166628732937,,20293407,5,rolling_v1|Chen2025_D|252|5|0.05|1|NA|1|TRUE|QS|20260821,ok,,10.6240000000107
gfc_2005_2010,The global financial crisis period,233,gfc_2005_2010_w0233,2009-08-12,2010-08-11,2010-02-10,252,349,Chen2025_D,1,0.05,FALSE,0.192161458196293,3.75051466650972,6.60166628732937,,20293438,5,rolling_v1|Chen2025_D|252|5|0.05|1|NA|1|TRUE|QS|20260821,ok,,10.4660000000003
gfc_2005_2010,The global financial crisis period,234,gfc_2005_2010_w0234,2009-08-19,2010-08-18,2010-02-18,252,349,Chen2025_D,1,0.05,FALSE,0.167141470330337,4.0590003652348,6.60166628732937,,20293469,5,rolling_v1|Chen2025_D|252|5|0.05|1|NA|1|TRUE|QS|20260821,ok,,10.7390000000014
gfc_2005_2010,The global financial crisis period,235,gfc_2005_2010_w0235,2009-08-26,2010-08-25,2010-02-25,252,349,Chen2025_D,1,0.05,FALSE,0.19992680564521,3.66197593003333,6.60166628732937,,20293500,5,rolling_v1|Chen2025_D|252|5|0.05|1|NA|1|TRUE|QS|20260821,ok,,10.5330000000104
gfc_2005_2010,The global financial crisis period,236,gfc_2005_2010_w0236,2009-09-02,2010-09-01,2010-03-04,252,349,Chen2025_D,1,0.05,FALSE,0.266814915285334,3.00133916889269,6.60166628732937,,20293531,5,rolling_v1|Chen2025_D|252|5|0.05|1|NA|1|TRUE|QS|20260821,ok,,10.5280000000057
gfc_2005_2010,The global financial crisis period,237,gfc_2005_2010_w0237,2009-09-10,2010-09-09,2010-03-11,252,349,Chen2025_D,1,0.05,FALSE,0.221041907448207,3.43548091629199,6.60166628732937,,20293562,5,rolling_v1|Chen2025_D|252|5|0.05|1|NA|1|TRUE|QS|20260821,ok,,10.5
gfc_2005_2010,The global financial crisis period,238,gfc_2005_2010_w0238,2009-09-17,2010-09-16,2010-03-18,252,349,Chen2025_D,1,0.05,FALSE,0.194794128887957,3.72015271988916,6.60166628732937,,20293593,5,rolling_v1|Chen2025_D|252|5|0.05|1|NA|1|TRUE|QS|20260821,ok,,10.5509999999922
gfc_2005_2010,The global financial crisis period,239,gfc_2005_2010_w0239,2009-09-24,2010-09-23,2010-03-25,252,349,Chen2025_D,1,0.05,FALSE,0.230474509342927,3.34024085634876,6.60166628732937,,20293624,5,rolling_v1|Chen2025_D|252|5|0.05|1|NA|1|TRUE|QS|20260821,ok,,10.721000000005
gfc_2005_2010,The global financial crisis period,240,gfc_2005_2010_w0240,2009-10-01,2010-09-30,2010-04-01,252,349,Chen2025_D,1,0.05,FALSE,0.106854511095094,5.02190823683726,6.60166628732937,,20293375,5,rolling_v1|Chen2025_D|252|5|0.05|1|NA|1|TRUE|QS|20260821,ok,,10.6460000000079
gfc_2005_2010,The global financial crisis period,241,gfc_2005_2010_w0241,2009-10-08,2010-10-07,2010-04-09,252,349,Chen2025_D,1,0.05,FALSE,0.153707040100324,4.24212022447187,6.60166628732937,,20293406,5,rolling_v1|Chen2025_D|252|5|0.05|1|NA|1|TRUE|QS|20260821,ok,,10.7109999999957
gfc_2005_2010,The global financial crisis period,242,gfc_2005_2010_w0242,2009-10-15,2010-10-14,2010-04-16,252,349,Chen2025_D,1,0.05,FALSE,0.11531111224102,4.86025027052114,6.60166628732937,,20293437,5,rolling_v1|Chen2025_D|252|5|0.05|1|NA|1|TRUE|QS|20260821,ok,,11.0979999999981
gfc_2005_2010,The global financial crisis period,243,gfc_2005_2010_w0243,2009-10-22,2010-10-21,2010-04-23,252,349,Chen2025_D,1,0.05,FALSE,0.110688444901937,4.94718641925403,6.60166628732937,,20293468,5,rolling_v1|Chen2025_D|252|5|0.05|1|NA|1|TRUE|QS|20260821,ok,,10.7390000000014
gfc_2005_2010,The global financial crisis period,244,gfc_2005_2010_w0244,2009-10-29,2010-10-28,2010-04-30,252,349,Chen2025_D,1,0.05,TRUE,0.00958334253171114,9.94711163949511,6.60166628732937,,20293499,5,rolling_v1|Chen2025_D|252|5|0.05|1|NA|1|TRUE|QS|20260821,ok,,10.8039999999892
gfc_2005_2010,The global financial crisis period,245,gfc_2005_2010_w0245,2009-11-05,2010-11-04,2010-05-07,252,349,Chen2025_D,1,0.05,FALSE,0.0780178720033883,5.68223087185017,6.60166628732937,,20293530,5,rolling_v1|Chen2025_D|252|5|0.05|1|NA|1|TRUE|QS|20260821,ok,,10.8759999999893
gfc_2005_2010,The global financial crisis period,246,gfc_2005_2010_w0246,2009-11-12,2010-11-11,2010-05-14,252,349,Chen2025_D,1,0.05,FALSE,0.50695482000155,1.35428810093804,6.60166628732937,,20293561,5,rolling_v1|Chen2025_D|252|5|0.05|1|NA|1|TRUE|QS|20260821,ok,,10.814000000013
gfc_2005_2010,The global financial crisis period,247,gfc_2005_2010_w0247,2009-11-19,2010-11-18,2010-05-21,252,349,Chen2025_D,1,0.05,FALSE,0.45803792437229,1.64149499856263,6.60166628732937,,20293592,5,rolling_v1|Chen2025_D|252|5|0.05|1|NA|1|TRUE|QS|20260821,ok,,11.5910000000004
gfc_2005_2010,The global financial crisis period,248,gfc_2005_2010_w0248,2009-11-27,2010-11-26,2010-05-28,252,349,Chen2025_D,1,0.05,FALSE,0.438675677966531,1.75952037248688,6.60166628732937,,20293623,5,rolling_v1|Chen2025_D|252|5|0.05|1|NA|1|TRUE|QS|20260821,ok,,10.872000000003
gfc_2005_2010,The global financial crisis period,249,gfc_2005_2010_w0249,2009-12-04,2010-12-03,2010-06-07,252,349,Chen2025_D,1,0.05,FALSE,0.605752215512052,0.804749756810733,6.60166628732937,,20293654,5,rolling_v1|Chen2025_D|252|5|0.05|1|NA|1|TRUE|QS|20260821,ok,,10.8940000000002
gfc_2005_2010,The global financial crisis period,250,gfc_2005_2010_w0250,2009-12-11,2010-12-10,2010-06-14,252,349,Chen2025_D,1,0.05,FALSE,0.409037969587824,1.94617057584146,6.60166628732937,,20293405,5,rolling_v1|Chen2025_D|252|5|0.05|1|NA|1|TRUE|QS|20260821,ok,,10.9660000000003
gfc_2005_2010,The global financial crisis period,251,gfc_2005_2010_w0251,2009-12-18,2010-12-17,2010-06-21,252,349,Chen2025_D,1,0.05,FALSE,0.427460787315231,1.82923703574138,6.60166628732937,,20293436,5,rolling_v1|Chen2025_D|252|5|0.05|1|NA|1|TRUE|QS|20260821,ok,,10.8340000000026
gfc_2005_2010,The global financial crisis period,252,gfc_2005_2010_w0252,2009-12-28,2010-12-27,2010-06-28,252,349,Chen2025_D,1,0.05,FALSE,0.51375890398641,1.31536745134924,6.60166628732937,,20293467,5,rolling_v1|Chen2025_D|252|5|0.05|1|NA|1|TRUE|QS|20260821,ok,,10.9170000000013
gfc_2005_2010,The global financial crisis period,1,gfc_2005_2010_w0001,2005-01-03,2005-12-30,2005-07-01,252,349,Chen2025_R,1,0.05,TRUE,7.48011220311409e-05,19.6625563311516,6.60166628732937,,20293382,5,rolling_v1|Chen2025_R|252|5|0.05|1|NA|1|TRUE|QS|20260821,ok,,1938.42200000001
gfc_2005_2010,The global financial crisis period,2,gfc_2005_2010_w0002,2005-01-10,2006-01-09,2005-07-11,252,349,Chen2025_R,1,0.05,TRUE,0.000209469897292392,17.6029273355992,6.60166628732937,,20293413,5,rolling_v1|Chen2025_R|252|5|0.05|1|NA|1|TRUE|QS|20260821,ok,,1857.735
gfc_2005_2010,The global financial crisis period,3,gfc_2005_2010_w0003,2005-01-18,2006-01-17,2005-07-18,252,349,Chen2025_R,1,0.05,TRUE,0.000458166195416118,16.0373746707298,6.60166628732937,,20293444,5,rolling_v1|Chen2025_R|252|5|0.05|1|NA|1|TRUE|QS|20260821,ok,,2000.508
gfc_2005_2010,The global financial crisis period,4,gfc_2005_2010_w0004,2005-01-25,2006-01-24,2005-07-25,252,349,Chen2025_R,1,0.05,TRUE,0.000230480682001992,17.4117323027096,6.60166628732937,,20293475,5,rolling_v1|Chen2025_R|252|5|0.05|1|NA|1|TRUE|QS|20260821,ok,,1905.94100000001
gfc_2005_2010,The global financial crisis period,5,gfc_2005_2010_w0005,2005-02-01,2006-01-31,2005-08-01,252,349,Chen2025_R,1,0.05,TRUE,0.000102299709667485,19.036380931296,6.60166628732937,,20293506,5,rolling_v1|Chen2025_R|252|5|0.05|1|NA|1|TRUE|QS|20260821,ok,,2050.03700000001
gfc_2005_2010,The global financial crisis period,6,gfc_2005_2010_w0006,2005-02-08,2006-02-07,2005-08-08,252,349,Chen2025_R,1,0.05,TRUE,5.94644130182781e-05,20.1214813731172,6.60166628732937,,20293537,5,rolling_v1|Chen2025_R|252|5|0.05|1|NA|1|TRUE|QS|20260821,ok,,1914.98699999999
gfc_2005_2010,The global financial crisis period,7,gfc_2005_2010_w0007,2005-02-15,2006-02-14,2005-08-15,252,349,Chen2025_R,1,0.05,TRUE,3.82588649629135e-05,21.0035080513872,6.60166628732937,,20293568,5,rolling_v1|Chen2025_R|252|5|0.05|1|NA|1|TRUE|QS|20260821,ok,,2076.399
gfc_2005_2010,The global financial crisis period,8,gfc_2005_2010_w0008,2005-02-23,2006-02-22,2005-08-22,252,349,Chen2025_R,1,0.05,TRUE,9.8831096234338e-06,23.7106326191158,6.60166628732937,,20293599,5,rolling_v1|Chen2025_R|252|5|0.05|1|NA|1|TRUE|QS|20260821,ok,,1990.736
gfc_2005_2010,The global financial crisis period,9,gfc_2005_2010_w0009,2005-03-02,2006-03-01,2005-08-29,252,349,Chen2025_R,1,0.05,TRUE,1.28908288916017e-06,27.7844335622873,6.60166628732937,,20293630,5,rolling_v1|Chen2025_R|252|5|0.05|1|NA|1|TRUE|QS|20260821,ok,,1887.41499999999
gfc_2005_2010,The global financial crisis period,10,gfc_2005_2010_w0010,2005-03-09,2006-03-08,2005-09-06,252,349,Chen2025_R,1,0.05,TRUE,3.65432255468795e-08,34.9108157836702,6.60166628732937,,20293381,5,rolling_v1|Chen2025_R|252|5|0.05|1|NA|1|TRUE|QS|20260821,ok,,1999.898
gfc_2005_2010,The global financial crisis period,11,gfc_2005_2010_w0011,2005-03-16,2006-03-15,2005-09-13,252,349,Chen2025_R,1,0.05,TRUE,2.15051564201533e-07,31.3660515823509,6.60166628732937,,20293412,5,rolling_v1|Chen2025_R|252|5|0.05|1|NA|1|TRUE|QS|20260821,ok,,1868.45999999999
gfc_2005_2010,The global financial crisis period,12,gfc_2005_2010_w0012,2005-03-23,2006-03-22,2005-09-20,252,349,Chen2025_R,1,0.05,TRUE,1.37394714351201e-06,27.6569200832246,6.60166628732937,,20293443,5,rolling_v1|Chen2025_R|252|5|0.05|1|NA|1|TRUE|QS|20260821,ok,,1811.77399999999
gfc_2005_2010,The global financial crisis period,13,gfc_2005_2010_w0013,2005-03-31,2006-03-29,2005-09-27,252,349,Chen2025_R,1,0.05,TRUE,2.23990322689953e-06,26.6794293399549,6.60166628732937,,20293474,5,rolling_v1|Chen2025_R|252|5|0.05|1|NA|1|TRUE|QS|20260821,ok,,1955.36200000001
gfc_2005_2010,The global financial crisis period,14,gfc_2005_2010_w0014,2005-04-07,2006-04-05,2005-10-04,252,349,Chen2025_R,1,0.05,TRUE,4.23900459402162e-06,25.4036357139192,6.60166628732937,,20293505,5,rolling_v1|Chen2025_R|252|5|0.05|1|NA|1|TRUE|QS|20260821,ok,,2032.92300000001
gfc_2005_2010,The global financial crisis period,15,gfc_2005_2010_w0015,2005-04-14,2006-04-12,2005-10-11,252,349,Chen2025_R,1,0.05,TRUE,9.43924868782458e-06,23.8025346882159,6.60166628732937,,20293536,5,rolling_v1|Chen2025_R|252|5|0.05|1|NA|1|TRUE|QS|20260821,ok,,2098.06099999999
gfc_2005_2010,The global financial crisis period,16,gfc_2005_2010_w0016,2005-04-21,2006-04-20,2005-10-18,252,349,Chen2025_R,1,0.05,TRUE,3.04182000644206e-05,21.4621842553867,6.60166628732937,,20293567,5,rolling_v1|Chen2025_R|252|5|0.05|1|NA|1|TRUE|QS|20260821,ok,,2055.56
gfc_2005_2010,The global financial crisis period,17,gfc_2005_2010_w0017,2005-04-28,2006-04-27,2005-10-25,252,349,Chen2025_R,1,0.05,TRUE,0.000798194483321588,14.9267938827145,6.60166628732937,,20293598,5,rolling_v1|Chen2025_R|252|5|0.05|1|NA|1|TRUE|QS|20260821,ok,,1994.156
gfc_2005_2010,The global financial crisis period,18,gfc_2005_2010_w0018,2005-05-05,2006-05-04,2005-11-01,252,349,Chen2025_R,1,0.05,TRUE,0.00670803296785109,10.6634479720702,6.60166628732937,,20293629,5,rolling_v1|Chen2025_R|252|5|0.05|1|NA|1|TRUE|QS|20260821,ok,,2039.431
gfc_2005_2010,The global financial crisis period,19,gfc_2005_2010_w0019,2005-05-12,2006-05-11,2005-11-08,252,349,Chen2025_R,1,0.05,TRUE,0.022265604491252,8.24822519758745,6.60166628732937,,20293660,5,rolling_v1|Chen2025_R|252|5|0.05|1|NA|1|TRUE|QS|20260821,ok,,1924.68100000001
gfc_2005_2010,The global financial crisis period,20,gfc_2005_2010_w0020,2005-05-19,2006-05-18,2005-11-15,252,349,Chen2025_R,1,0.05,TRUE,0.00700333556732802,10.5769893988611,6.60166628732937,,20293411,5,rolling_v1|Chen2025_R|252|5|0.05|1|NA|1|TRUE|QS|20260821,ok,,1928.799
gfc_2005_2010,The global financial crisis period,21,gfc_2005_2010_w0021,2005-05-26,2006-05-25,2005-11-22,252,349,Chen2025_R,1,0.05,TRUE,0.00193083949277355,13.1589441951352,6.60166628732937,,20293442,5,rolling_v1|Chen2025_R|252|5|0.05|1|NA|1|TRUE|QS|20260821,ok,,1987.212
gfc_2005_2010,The global financial crisis period,22,gfc_2005_2010_w0022,2005-06-03,2006-06-02,2005-11-30,252,349,Chen2025_R,1,0.05,TRUE,0.0123998195570822,9.42895814074135,6.60166628732937,,20293473,5,rolling_v1|Chen2025_R|252|5|0.05|1|NA|1|TRUE|QS|20260821,ok,,2036.70200000001
gfc_2005_2010,The global financial crisis period,23,gfc_2005_2010_w0023,2005-06-10,2006-06-09,2005-12-07,252,349,Chen2025_R,1,0.05,FALSE,0.0855747608441056,5.48921287610761,6.60166628732937,,20293504,5,rolling_v1|Chen2025_R|252|5|0.05|1|NA|1|TRUE|QS|20260821,ok,,2039.62400000001
gfc_2005_2010,The global financial crisis period,24,gfc_2005_2010_w0024,2005-06-17,2006-06-16,2005-12-14,252,349,Chen2025_R,1,0.05,FALSE,0.203938772752061,3.61740067089798,6.60166628732937,,20293535,5,rolling_v1|Chen2025_R|252|5|0.05|1|NA|1|TRUE|QS|20260821,ok,,2151.057
gfc_2005_2010,The global financial crisis period,25,gfc_2005_2010_w0025,2005-06-24,2006-06-23,2005-12-21,252,349,Chen2025_R,1,0.05,FALSE,0.178328414300958,3.91633195858073,6.60166628732937,,20293566,5,rolling_v1|Chen2025_R|252|5|0.05|1|NA|1|TRUE|QS|20260821,ok,,2037.277
gfc_2005_2010,The global financial crisis period,26,gfc_2005_2010_w0026,2005-07-01,2006-06-30,2005-12-29,252,349,Chen2025_R,1,0.05,FALSE,0.270023225797446,2.97327626796036,6.60166628732937,,20293597,5,rolling_v1|Chen2025_R|252|5|0.05|1|NA|1|TRUE|QS|20260821,ok,,2205.088
gfc_2005_2010,The global financial crisis period,27,gfc_2005_2010_w0027,2005-07-11,2006-07-10,2006-01-06,252,349,Chen2025_R,1,0.05,FALSE,0.0677420822003206,5.97563542929287,6.60166628732937,,20293628,5,rolling_v1|Chen2025_R|252|5|0.05|1|NA|1|TRUE|QS|20260821,ok,,2193.037
gfc_2005_2010,The global financial crisis period,28,gfc_2005_2010_w0028,2005-07-18,2006-07-17,2006-01-13,252,349,Chen2025_R,1,0.05,TRUE,0.0360901478290184,7.2681016061527,6.60166628732937,,20293659,5,rolling_v1|Chen2025_R|252|5|0.05|1|NA|1|TRUE|QS|20260821,ok,,2188.515
gfc_2005_2010,The global financial crisis period,29,gfc_2005_2010_w0029,2005-07-25,2006-07-24,2006-01-23,252,349,Chen2025_R,1,0.05,TRUE,0.0456434154187093,6.7885316129241,6.60166628732937,,20293690,5,rolling_v1|Chen2025_R|252|5|0.05|1|NA|1|TRUE|QS|20260821,ok,,2084.611
gfc_2005_2010,The global financial crisis period,30,gfc_2005_2010_w0030,2005-08-01,2006-07-31,2006-01-30,252,349,Chen2025_R,1,0.05,TRUE,0.0195868027238489,8.50732577061283,6.60166628732937,,20293441,5,rolling_v1|Chen2025_R|252|5|0.05|1|NA|1|TRUE|QS|20260821,ok,,2063.136
gfc_2005_2010,The global financial crisis period,31,gfc_2005_2010_w0031,2005-08-08,2006-08-07,2006-02-06,252,349,Chen2025_R,1,0.05,FALSE,0.0562518656241081,6.35949129826495,6.60166628732937,,20293472,5,rolling_v1|Chen2025_R|252|5|0.05|1|NA|1|TRUE|QS|20260821,ok,,2089.576
gfc_2005_2010,The global financial crisis period,32,gfc_2005_2010_w0032,2005-08-15,2006-08-14,2006-02-13,252,349,Chen2025_R,1,0.05,FALSE,0.0535240161069264,6.46176792595326,6.60166628732937,,20293503,5,rolling_v1|Chen2025_R|252|5|0.05|1|NA|1|TRUE|QS|20260821,ok,,2139.06599999999
gfc_2005_2010,The global financial crisis period,33,gfc_2005_2010_w0033,2005-08-22,2006-08-21,2006-02-21,252,349,Chen2025_R,1,0.05,FALSE,0.226552048211551,3.37943666950169,6.60166628732937,,20293534,5,rolling_v1|Chen2025_R|252|5|0.05|1|NA|1|TRUE|QS|20260821,ok,,2027.474
gfc_2005_2010,The global financial crisis period,34,gfc_2005_2010_w0034,2005-08-29,2006-08-28,2006-02-28,252,349,Chen2025_R,1,0.05,FALSE,0.264282142420309,3.02368651448352,6.60166628732937,,20293565,5,rolling_v1|Chen2025_R|252|5|0.05|1|NA|1|TRUE|QS|20260821,ok,,2121.439
gfc_2005_2010,The global financial crisis period,35,gfc_2005_2010_w0035,2005-09-06,2006-09-05,2006-03-07,252,349,Chen2025_R,1,0.05,FALSE,0.165574762734797,4.07965825878599,6.60166628732937,,20293596,5,rolling_v1|Chen2025_R|252|5|0.05|1|NA|1|TRUE|QS|20260821,ok,,2182.738
gfc_2005_2010,The global financial crisis period,36,gfc_2005_2010_w0036,2005-09-13,2006-09-12,2006-03-14,252,349,Chen2025_R,1,0.05,FALSE,0.381119932959282,2.12986517105703,6.60166628732937,,20293627,5,rolling_v1|Chen2025_R|252|5|0.05|1|NA|1|TRUE|QS|20260821,ok,,2171.943
gfc_2005_2010,The global financial crisis period,37,gfc_2005_2010_w0037,2005-09-20,2006-09-19,2006-03-21,252,349,Chen2025_R,1,0.05,FALSE,0.508025474237742,1.3481493005434,6.60166628732937,,20293658,5,rolling_v1|Chen2025_R|252|5|0.05|1|NA|1|TRUE|QS|20260821,ok,,2133.24000000001
gfc_2005_2010,The global financial crisis period,38,gfc_2005_2010_w0038,2005-09-27,2006-09-26,2006-03-28,252,349,Chen2025_R,1,0.05,FALSE,0.435134392136473,1.78142153990049,6.60166628732937,,20293689,5,rolling_v1|Chen2025_R|252|5|0.05|1|NA|1|TRUE|QS|20260821,ok,,1984.96800000001
gfc_2005_2010,The global financial crisis period,39,gfc_2005_2010_w0039,2005-10-04,2006-10-03,2006-04-04,252,349,Chen2025_R,1,0.05,FALSE,0.629558765723295,0.675203252906528,6.60166628732937,,20293720,5,rolling_v1|Chen2025_R|252|5|0.05|1|NA|1|TRUE|QS|20260821,ok,,2175.264
gfc_2005_2010,The global financial crisis period,40,gfc_2005_2010_w0040,2005-10-11,2006-10-10,2006-04-11,252,349,Chen2025_R,1,0.05,FALSE,0.442550157612424,1.73567402834539,6.60166628732937,,20293471,5,rolling_v1|Chen2025_R|252|5|0.05|1|NA|1|TRUE|QS|20260821,ok,,1983.114
gfc_2005_2010,The global financial crisis period,41,gfc_2005_2010_w0041,2005-10-18,2006-10-17,2006-04-19,252,349,Chen2025_R,1,0.05,FALSE,0.469994482733785,1.56995257366419,6.60166628732937,,20293502,5,rolling_v1|Chen2025_R|252|5|0.05|1|NA|1|TRUE|QS|20260821,ok,,2103.81999999999
gfc_2005_2010,The global financial crisis period,42,gfc_2005_2010_w0042,2005-10-25,2006-10-24,2006-04-26,252,349,Chen2025_R,1,0.05,FALSE,0.482150845739145,1.49815981811111,6.60166628732937,,20293533,5,rolling_v1|Chen2025_R|252|5|0.05|1|NA|1|TRUE|QS|20260821,ok,,2039.06
gfc_2005_2010,The global financial crisis period,43,gfc_2005_2010_w0043,2005-11-01,2006-10-31,2006-05-03,252,349,Chen2025_R,1,0.05,FALSE,0.684008209104548,0.378208881277527,6.60166628732937,,20293564,5,rolling_v1|Chen2025_R|252|5|0.05|1|NA|1|TRUE|QS|20260821,ok,,2124.099
gfc_2005_2010,The global financial crisis period,44,gfc_2005_2010_w0044,2005-11-08,2006-11-07,2006-05-10,252,349,Chen2025_R,1,0.05,FALSE,0.657462979974497,0.523389041738072,6.60166628732937,,20293595,5,rolling_v1|Chen2025_R|252|5|0.05|1|NA|1|TRUE|QS|20260821,ok,,1979.568
gfc_2005_2010,The global financial crisis period,45,gfc_2005_2010_w0045,2005-11-15,2006-11-14,2006-05-17,252,349,Chen2025_R,1,0.05,FALSE,0.576287764342953,0.965945379811154,6.60166628732937,,20293626,5,rolling_v1|Chen2025_R|252|5|0.05|1|NA|1|TRUE|QS|20260821,ok,,1994.394
gfc_2005_2010,The global financial crisis period,46,gfc_2005_2010_w0046,2005-11-22,2006-11-21,2006-05-24,252,349,Chen2025_R,1,0.05,FALSE,0.765476645838486,-0.0821273111251797,6.60166628732937,,20293657,5,rolling_v1|Chen2025_R|252|5|0.05|1|NA|1|TRUE|QS|20260821,ok,,2122.451
gfc_2005_2010,The global financial crisis period,47,gfc_2005_2010_w0047,2005-11-30,2006-11-29,2006-06-01,252,349,Chen2025_R,1,0.05,FALSE,0.881558793203272,-0.854100539177977,6.60166628732937,,20293688,5,rolling_v1|Chen2025_R|252|5|0.05|1|NA|1|TRUE|QS|20260821,ok,,1972.849
gfc_2005_2010,The global financial crisis period,48,gfc_2005_2010_w0048,2005-12-07,2006-12-06,2006-06-08,252,349,Chen2025_R,1,0.05,FALSE,0.975345927000269,-1.956909898698,6.60166628732937,,20293719,5,rolling_v1|Chen2025_R|252|5|0.05|1|NA|1|TRUE|QS|20260821,ok,,2101.70300000001
gfc_2005_2010,The global financial crisis period,49,gfc_2005_2010_w0049,2005-12-14,2006-12-13,2006-06-15,252,349,Chen2025_R,1,0.05,FALSE,0.94419460977986,-1.4583873068113,6.60166628732937,,20293750,5,rolling_v1|Chen2025_R|252|5|0.05|1|NA|1|TRUE|QS|20260821,ok,,2108.62
gfc_2005_2010,The global financial crisis period,50,gfc_2005_2010_w0050,2005-12-21,2006-12-20,2006-06-22,252,349,Chen2025_R,1,0.05,FALSE,0.968619791188489,-1.82217324885919,6.60166628732937,,20293501,5,rolling_v1|Chen2025_R|252|5|0.05|1|NA|1|TRUE|QS|20260821,ok,,2090.694
gfc_2005_2010,The global financial crisis period,51,gfc_2005_2010_w0051,2005-12-29,2006-12-28,2006-06-29,252,349,Chen2025_R,1,0.05,FALSE,0.929186080421446,-1.28610665636043,6.60166628732937,,20293532,5,rolling_v1|Chen2025_R|252|5|0.05|1|NA|1|TRUE|QS|20260821,ok,,2180.71699999999
gfc_2005_2010,The global financial crisis period,52,gfc_2005_2010_w0052,2006-01-06,2007-01-08,2006-07-07,252,349,Chen2025_R,1,0.05,FALSE,0.438901783028189,1.75812547200015,6.60166628732937,,20293563,5,rolling_v1|Chen2025_R|252|5|0.05|1|NA|1|TRUE|QS|20260821,ok,,2191.496
gfc_2005_2010,The global financial crisis period,53,gfc_2005_2010_w0053,2006-01-13,2007-01-16,2006-07-14,252,349,Chen2025_R,1,0.05,FALSE,0.511521329830208,1.32814298250624,6.60166628732937,,20293594,5,rolling_v1|Chen2025_R|252|5|0.05|1|NA|1|TRUE|QS|20260821,ok,,2158.027
gfc_2005_2010,The global financial crisis period,54,gfc_2005_2010_w0054,2006-01-23,2007-01-23,2006-07-21,252,349,Chen2025_R,1,0.05,FALSE,0.326747671191124,2.51580176305467,6.60166628732937,,20293625,5,rolling_v1|Chen2025_R|252|5|0.05|1|NA|1|TRUE|QS|20260821,ok,,2149.46799999999
gfc_2005_2010,The global financial crisis period,55,gfc_2005_2010_w0055,2006-01-30,2007-01-30,2006-07-28,252,349,Chen2025_R,1,0.05,FALSE,0.821112911356893,-0.424535781967005,6.60166628732937,,20293656,5,rolling_v1|Chen2025_R|252|5|0.05|1|NA|1|TRUE|QS|20260821,ok,,2182.458
gfc_2005_2010,The global financial crisis period,56,gfc_2005_2010_w0056,2006-02-06,2007-02-06,2006-08-04,252,349,Chen2025_R,1,0.05,FALSE,0.921643329987367,-1.20815152271858,6.60166628732937,,20293687,5,rolling_v1|Chen2025_R|252|5|0.05|1|NA|1|TRUE|QS|20260821,ok,,2190.17300000001
gfc_2005_2010,The global financial crisis period,57,gfc_2005_2010_w0057,2006-02-13,2007-02-13,2006-08-11,252,349,Chen2025_R,1,0.05,FALSE,0.931465840066172,-1.31067342627529,6.60166628732937,,20293718,5,rolling_v1|Chen2025_R|252|5|0.05|1|NA|1|TRUE|QS|20260821,ok,,2095.15300000001
gfc_2005_2010,The global financial crisis period,58,gfc_2005_2010_w0058,2006-02-21,2007-02-21,2006-08-18,252,349,Chen2025_R,1,0.05,FALSE,0.841654619446601,-0.561488260107431,6.60166628732937,,20293749,5,rolling_v1|Chen2025_R|252|5|0.05|1|NA|1|TRUE|QS|20260821,ok,,2073.93000000001
gfc_2005_2010,The global financial crisis period,59,gfc_2005_2010_w0059,2006-02-28,2007-02-28,2006-08-25,252,349,Chen2025_R,1,0.05,FALSE,0.646283006959886,0.584261525339309,6.60166628732937,,20293780,5,rolling_v1|Chen2025_R|252|5|0.05|1|NA|1|TRUE|QS|20260821,ok,,2156.031
gfc_2005_2010,The global financial crisis period,60,gfc_2005_2010_w0060,2006-03-07,2007-03-07,2006-09-01,252,349,Chen2025_R,1,0.05,FALSE,0.555032778419194,1.0833237241365,6.60166628732937,,20293531,5,rolling_v1|Chen2025_R|252|5|0.05|1|NA|1|TRUE|QS|20260821,ok,,2103.75900000001
gfc_2005_2010,The global financial crisis period,61,gfc_2005_2010_w0061,2006-03-14,2007-03-14,2006-09-11,252,349,Chen2025_R,1,0.05,FALSE,0.719132350541895,0.18344401587331,6.60166628732937,,20293562,5,rolling_v1|Chen2025_R|252|5|0.05|1|NA|1|TRUE|QS|20260821,ok,,2095.126
gfc_2005_2010,The global financial crisis period,62,gfc_2005_2010_w0062,2006-03-21,2007-03-21,2006-09-18,252,349,Chen2025_R,1,0.05,FALSE,0.882095875051672,-0.858356838801433,6.60166628732937,,20293593,5,rolling_v1|Chen2025_R|252|5|0.05|1|NA|1|TRUE|QS|20260821,ok,,2136.34700000001
gfc_2005_2010,The global financial crisis period,63,gfc_2005_2010_w0063,2006-03-28,2007-03-28,2006-09-25,252,349,Chen2025_R,1,0.05,FALSE,0.710823723509289,0.22989397308971,6.60166628732937,,20293624,5,rolling_v1|Chen2025_R|252|5|0.05|1|NA|1|TRUE|QS|20260821,ok,,2100.239
gfc_2005_2010,The global financial crisis period,64,gfc_2005_2010_w0064,2006-04-04,2007-04-04,2006-10-02,252,349,Chen2025_R,1,0.05,FALSE,0.751450903271627,-0.0003723861203353,6.60166628732937,,20293655,5,rolling_v1|Chen2025_R|252|5|0.05|1|NA|1|TRUE|QS|20260821,ok,,2169.692
gfc_2005_2010,The global financial crisis period,65,gfc_2005_2010_w0065,2006-04-11,2007-04-12,2006-10-09,252,349,Chen2025_R,1,0.05,FALSE,0.417630743870682,1.89123999344536,6.60166628732937,,20293686,5,rolling_v1|Chen2025_R|252|5|0.05|1|NA|1|TRUE|QS|20260821,ok,,2093.44100000001
gfc_2005_2010,The global financial crisis period,66,gfc_2005_2010_w0066,2006-04-19,2007-04-19,2006-10-16,252,349,Chen2025_R,1,0.05,FALSE,0.828166974765539,-0.470751404043571,6.60166628732937,,20293717,5,rolling_v1|Chen2025_R|252|5|0.05|1|NA|1|TRUE|QS|20260821,ok,,2170.071
gfc_2005_2010,The global financial crisis period,67,gfc_2005_2010_w0067,2006-04-26,2007-04-26,2006-10-23,252,349,Chen2025_R,1,0.05,FALSE,0.363775285750648,2.24852195223754,6.60166628732937,,20293748,5,rolling_v1|Chen2025_R|252|5|0.05|1|NA|1|TRUE|QS|20260821,ok,,2153.465
gfc_2005_2010,The global financial crisis period,68,gfc_2005_2010_w0068,2006-05-03,2007-05-03,2006-10-30,252,349,Chen2025_R,1,0.05,FALSE,0.576399698410827,0.965330103768648,6.60166628732937,,20293779,5,rolling_v1|Chen2025_R|252|5|0.05|1|NA|1|TRUE|QS|20260821,ok,,2117.53600000001
gfc_2005_2010,The global financial crisis period,69,gfc_2005_2010_w0069,2006-05-10,2007-05-10,2006-11-06,252,349,Chen2025_R,1,0.05,FALSE,0.726101390499624,0.144258600653111,6.60166628732937,,20293810,5,rolling_v1|Chen2025_R|252|5|0.05|1|NA|1|TRUE|QS|20260821,ok,,2107.41099999999
gfc_2005_2010,The global financial crisis period,70,gfc_2005_2010_w0070,2006-05-17,2007-05-17,2006-11-13,252,349,Chen2025_R,1,0.05,FALSE,0.979542381203217,-2.05523397192021,6.60166628732937,,20293561,5,rolling_v1|Chen2025_R|252|5|0.05|1|NA|1|TRUE|QS|20260821,ok,,2168.871
gfc_2005_2010,The global financial crisis period,71,gfc_2005_2010_w0071,2006-05-24,2007-05-24,2006-11-20,252,349,Chen2025_R,1,0.05,FALSE,0.643993431998948,0.596716857840169,6.60166628732937,,20293592,5,rolling_v1|Chen2025_R|252|5|0.05|1|NA|1|TRUE|QS|20260821,ok,,2174.43400000001
gfc_2005_2010,The global financial crisis period,72,gfc_2005_2010_w0072,2006-06-01,2007-06-01,2006-11-28,252,349,Chen2025_R,1,0.05,FALSE,0.393276686294956,2.04884088317222,6.60166628732937,,20293623,5,rolling_v1|Chen2025_R|252|5|0.05|1|NA|1|TRUE|QS|20260821,ok,,2097.325
gfc_2005_2010,The global financial crisis period,73,gfc_2005_2010_w0073,2006-06-08,2007-06-08,2006-12-05,252,349,Chen2025_R,1,0.05,FALSE,0.519637916645318,1.28190807421513,6.60166628732937,,20293654,5,rolling_v1|Chen2025_R|252|5|0.05|1|NA|1|TRUE|QS|20260821,ok,,2146.11600000001
gfc_2005_2010,The global financial crisis period,74,gfc_2005_2010_w0074,2006-06-15,2007-06-15,2006-12-12,252,349,Chen2025_R,1,0.05,FALSE,0.473872829809434,1.54694839422466,6.60166628732937,,20293685,5,rolling_v1|Chen2025_R|252|5|0.05|1|NA|1|TRUE|QS|20260821,ok,,2128.26999999999
gfc_2005_2010,The global financial crisis period,75,gfc_2005_2010_w0075,2006-06-22,2007-06-22,2006-12-19,252,349,Chen2025_R,1,0.05,FALSE,0.287343299407177,2.82622936477024,6.60166628732937,,20293716,5,rolling_v1|Chen2025_R|252|5|0.05|1|NA|1|TRUE|QS|20260821,ok,,2156.86499999999
gfc_2005_2010,The global financial crisis period,76,gfc_2005_2010_w0076,2006-06-29,2007-06-29,2006-12-27,252,349,Chen2025_R,1,0.05,FALSE,0.173564912997222,3.97607663117129,6.60166628732937,,20293747,5,rolling_v1|Chen2025_R|252|5|0.05|1|NA|1|TRUE|QS|20260821,ok,,2151.89499999999
gfc_2005_2010,The global financial crisis period,77,gfc_2005_2010_w0077,2006-07-07,2007-07-09,2007-01-05,252,349,Chen2025_R,1,0.05,FALSE,0.0826734265848925,5.56131863827201,6.60166628732937,,20293778,5,rolling_v1|Chen2025_R|252|5|0.05|1|NA|1|TRUE|QS|20260821,ok,,2112.63399999999
gfc_2005_2010,The global financial crisis period,78,gfc_2005_2010_w0078,2006-07-14,2007-07-16,2007-01-12,252,349,Chen2025_R,1,0.05,TRUE,0.0314204318268277,7.55002988212141,6.60166628732937,,20293809,5,rolling_v1|Chen2025_R|252|5|0.05|1|NA|1|TRUE|QS|20260821,ok,,2058.307
gfc_2005_2010,The global financial crisis period,79,gfc_2005_2010_w0079,2006-07-21,2007-07-23,2007-01-22,252,349,Chen2025_R,1,0.05,FALSE,0.0561013535772485,6.36500776627122,6.60166628732937,,20293840,5,rolling_v1|Chen2025_R|252|5|0.05|1|NA|1|TRUE|QS|20260821,ok,,2136.496
gfc_2005_2010,The global financial crisis period,80,gfc_2005_2010_w0080,2006-07-28,2007-07-30,2007-01-29,252,349,Chen2025_R,1,0.05,TRUE,0.0471417560929019,6.72237323081031,6.60166628732937,,20293591,5,rolling_v1|Chen2025_R|252|5|0.05|1|NA|1|TRUE|QS|20260821,ok,,2176.46399999999
gfc_2005_2010,The global financial crisis period,81,gfc_2005_2010_w0081,2006-08-04,2007-08-06,2007-02-05,252,349,Chen2025_R,1,0.05,FALSE,0.0626879492769841,6.1360581110228,6.60166628732937,,20293622,5,rolling_v1|Chen2025_R|252|5|0.05|1|NA|1|TRUE|QS|20260821,ok,,2174.713
gfc_2005_2010,The global financial crisis period,82,gfc_2005_2010_w0082,2006-08-11,2007-08-13,2007-02-12,252,349,Chen2025_R,1,0.05,TRUE,0.0494771957090265,6.62323404786609,6.60166628732937,,20293653,5,rolling_v1|Chen2025_R|252|5|0.05|1|NA|1|TRUE|QS|20260821,ok,,2132.65100000001
gfc_2005_2010,The global financial crisis period,83,gfc_2005_2010_w0083,2006-08-18,2007-08-20,2007-02-20,252,349,Chen2025_R,1,0.05,FALSE,0.064464415927706,6.07829350675495,6.60166628732937,,20293684,5,rolling_v1|Chen2025_R|252|5|0.05|1|NA|1|TRUE|QS|20260821,ok,,2085.375
gfc_2005_2010,The global financial crisis period,84,gfc_2005_2010_w0084,2006-08-25,2007-08-27,2007-02-27,252,349,Chen2025_R,1,0.05,FALSE,0.13656764150591,4.49810306302695,6.60166628732937,,20293715,5,rolling_v1|Chen2025_R|252|5|0.05|1|NA|1|TRUE|QS|20260821,ok,,2138.42400000001
gfc_2005_2010,The global financial crisis period,85,gfc_2005_2010_w0085,2006-09-01,2007-09-04,2007-03-06,252,349,Chen2025_R,1,0.05,FALSE,0.38851532767281,2.08037618476657,6.60166628732937,,20293746,5,rolling_v1|Chen2025_R|252|5|0.05|1|NA|1|TRUE|QS|20260821,ok,,2236.22500000001
gfc_2005_2010,The global financial crisis period,86,gfc_2005_2010_w0086,2006-09-11,2007-09-11,2007-03-13,252,349,Chen2025_R,1,0.05,FALSE,0.209515644490513,3.55668435983619,6.60166628732937,,20293777,5,rolling_v1|Chen2025_R|252|5|0.05|1|NA|1|TRUE|QS|20260821,ok,,2190.223
gfc_2005_2010,The global financial crisis period,87,gfc_2005_2010_w0087,2006-09-18,2007-09-18,2007-03-20,252,349,Chen2025_R,1,0.05,FALSE,0.196881399442043,3.69633482164195,6.60166628732937,,20293808,5,rolling_v1|Chen2025_R|252|5|0.05|1|NA|1|TRUE|QS|20260821,ok,,2135.317
gfc_2005_2010,The global financial crisis period,88,gfc_2005_2010_w0088,2006-09-25,2007-09-25,2007-03-27,252,349,Chen2025_R,1,0.05,FALSE,0.124015370338505,4.70502933698681,6.60166628732937,,20293839,5,rolling_v1|Chen2025_R|252|5|0.05|1|NA|1|TRUE|QS|20260821,ok,,2055.143
gfc_2005_2010,The global financial crisis period,89,gfc_2005_2010_w0089,2006-10-02,2007-10-02,2007-04-03,252,349,Chen2025_R,1,0.05,FALSE,0.140311134020412,4.43978129579579,6.60166628732937,,20293870,5,rolling_v1|Chen2025_R|252|5|0.05|1|NA|1|TRUE|QS|20260821,ok,,1933.359
gfc_2005_2010,The global financial crisis period,90,gfc_2005_2010_w0090,2006-10-09,2007-10-09,2007-04-11,252,349,Chen2025_R,1,0.05,FALSE,0.355018304950505,2.3099146547605,6.60166628732937,,20293621,5,rolling_v1|Chen2025_R|252|5|0.05|1|NA|1|TRUE|QS|20260821,ok,,2103.416
gfc_2005_2010,The global financial crisis period,91,gfc_2005_2010_w0091,2006-10-16,2007-10-16,2007-04-18,252,349,Chen2025_R,1,0.05,FALSE,0.276327809177123,2.91890278067809,6.60166628732937,,20293652,5,rolling_v1|Chen2025_R|252|5|0.05|1|NA|1|TRUE|QS|20260821,ok,,2252.861
gfc_2005_2010,The global financial crisis period,92,gfc_2005_2010_w0092,2006-10-23,2007-10-23,2007-04-25,252,349,Chen2025_R,1,0.05,FALSE,0.0515519626409154,6.53891095221256,6.60166628732937,,20293683,5,rolling_v1|Chen2025_R|252|5|0.05|1|NA|1|TRUE|QS|20260821,ok,,2193.868
gfc_2005_2010,The global financial crisis period,93,gfc_2005_2010_w0093,2006-10-30,2007-10-30,2007-05-02,252,349,Chen2025_R,1,0.05,FALSE,0.0822344158277573,5.57243889656469,6.60166628732937,,20293714,5,rolling_v1|Chen2025_R|252|5|0.05|1|NA|1|TRUE|QS|20260821,ok,,1846.66900000001
gfc_2005_2010,The global financial crisis period,94,gfc_2005_2010_w0094,2006-11-06,2007-11-06,2007-05-09,252,349,Chen2025_R,1,0.05,TRUE,0.0220081602765513,8.27174705159322,6.60166628732937,,20293745,5,rolling_v1|Chen2025_R|252|5|0.05|1|NA|1|TRUE|QS|20260821,ok,,2087.322
gfc_2005_2010,The global financial crisis period,95,gfc_2005_2010_w0095,2006-11-13,2007-11-13,2007-05-16,252,349,Chen2025_R,1,0.05,TRUE,0.00297716745204818,12.29186082193,6.60166628732937,,20293776,5,rolling_v1|Chen2025_R|252|5|0.05|1|NA|1|TRUE|QS|20260821,ok,,2148.80899999999
gfc_2005_2010,The global financial crisis period,96,gfc_2005_2010_w0096,2006-11-20,2007-11-20,2007-05-23,252,349,Chen2025_R,1,0.05,TRUE,0.00304811277578893,12.2446890819506,6.60166628732937,,20293807,5,rolling_v1|Chen2025_R|252|5|0.05|1|NA|1|TRUE|QS|20260821,ok,,2202.675
gfc_2005_2010,The global financial crisis period,97,gfc_2005_2010_w0097,2006-11-28,2007-11-28,2007-05-31,252,349,Chen2025_R,1,0.05,TRUE,0.000897731670594743,14.6916564058225,6.60166628732937,,20293838,5,rolling_v1|Chen2025_R|252|5|0.05|1|NA|1|TRUE|QS|20260821,ok,,2023.397
gfc_2005_2010,The global financial crisis period,98,gfc_2005_2010_w0098,2006-12-05,2007-12-05,2007-06-07,252,349,Chen2025_R,1,0.05,TRUE,0.00125669459438613,14.0185591216958,6.60166628732937,,20293869,5,rolling_v1|Chen2025_R|252|5|0.05|1|NA|1|TRUE|QS|20260821,ok,,2183.268
gfc_2005_2010,The global financial crisis period,99,gfc_2005_2010_w0099,2006-12-12,2007-12-12,2007-06-14,252,349,Chen2025_R,1,0.05,TRUE,0.00157528549581466,13.5663369806975,6.60166628732937,,20293900,5,rolling_v1|Chen2025_R|252|5|0.05|1|NA|1|TRUE|QS|20260821,ok,,1773.74800000001
gfc_2005_2010,The global financial crisis period,100,gfc_2005_2010_w0100,2006-12-19,2007-12-19,2007-06-21,252,349,Chen2025_R,1,0.05,TRUE,0.00275151531413635,12.4497281056758,6.60166628732937,,20293380,5,rolling_v1|Chen2025_R|252|5|0.05|1|NA|1|TRUE|QS|20260821,ok,,2038.652
gfc_2005_2010,The global financial crisis period,101,gfc_2005_2010_w0101,2006-12-27,2007-12-27,2007-06-28,252,349,Chen2025_R,1,0.05,TRUE,0.0026609317333133,12.5167697862385,6.60166628732937,,20293411,5,rolling_v1|Chen2025_R|252|5|0.05|1|NA|1|TRUE|QS|20260821,ok,,1610.913
gfc_2005_2010,The global financial crisis period,102,gfc_2005_2010_w0102,2007-01-05,2008-01-04,2007-07-06,252,349,Chen2025_R,1,0.05,TRUE,0.00303812258034443,12.251264866918,6.60166628732937,,20293442,5,rolling_v1|Chen2025_R|252|5|0.05|1|NA|1|TRUE|QS|20260821,ok,,1691.232
gfc_2005_2010,The global financial crisis period,103,gfc_2005_2010_w0103,2007-01-12,2008-01-11,2007-07-13,252,349,Chen2025_R,1,0.05,TRUE,0.00231462833673291,12.7959712255507,6.60166628732937,,20293473,5,rolling_v1|Chen2025_R|252|5|0.05|1|NA|1|TRUE|QS|20260821,ok,,1811.242
gfc_2005_2010,The global financial crisis period,104,gfc_2005_2010_w0104,2007-01-22,2008-01-18,2007-07-20,252,349,Chen2025_R,1,0.05,TRUE,0.0020596749974134,13.0296284981979,6.60166628732937,,20293504,5,rolling_v1|Chen2025_R|252|5|0.05|1|NA|1|TRUE|QS|20260821,ok,,1715.754
gfc_2005_2010,The global financial crisis period,105,gfc_2005_2010_w0105,2007-01-29,2008-01-28,2007-07-27,252,349,Chen2025_R,1,0.05,TRUE,0.00147783052140074,13.6941573090312,6.60166628732937,,20293535,5,rolling_v1|Chen2025_R|252|5|0.05|1|NA|1|TRUE|QS|20260821,ok,,1681.655
gfc_2005_2010,The global financial crisis period,106,gfc_2005_2010_w0106,2007-02-05,2008-02-04,2007-08-03,252,349,Chen2025_R,1,0.05,TRUE,0.000274246819531287,17.0639656227724,6.60166628732937,,20293566,5,rolling_v1|Chen2025_R|252|5|0.05|1|NA|1|TRUE|QS|20260821,ok,,1802.364
gfc_2005_2010,The global financial crisis period,107,gfc_2005_2010_w0107,2007-02-12,2008-02-11,2007-08-10,252,349,Chen2025_R,1,0.05,TRUE,0.000209957485010574,17.5982768135374,6.60166628732937,,20293597,5,rolling_v1|Chen2025_R|252|5|0.05|1|NA|1|TRUE|QS|20260821,ok,,1800.63
gfc_2005_2010,The global financial crisis period,108,gfc_2005_2010_w0108,2007-02-20,2008-02-19,2007-08-17,252,349,Chen2025_R,1,0.05,TRUE,0.000127188870805986,18.6008234027327,6.60166628732937,,20293628,5,rolling_v1|Chen2025_R|252|5|0.05|1|NA|1|TRUE|QS|20260821,ok,,1781.58100000001
gfc_2005_2010,The global financial crisis period,109,gfc_2005_2010_w0109,2007-02-27,2008-02-26,2007-08-24,252,349,Chen2025_R,1,0.05,TRUE,8.90893257058689e-05,19.3129287605025,6.60166628732937,,20293659,5,rolling_v1|Chen2025_R|252|5|0.05|1|NA|1|TRUE|QS|20260821,ok,,1880.67899999999
gfc_2005_2010,The global financial crisis period,110,gfc_2005_2010_w0110,2007-03-06,2008-03-04,2007-08-31,252,349,Chen2025_R,1,0.05,TRUE,0.000210441983364791,17.5936664414052,6.60166628732937,,20293410,5,rolling_v1|Chen2025_R|252|5|0.05|1|NA|1|TRUE|QS|20260821,ok,,1688.512
gfc_2005_2010,The global financial crisis period,111,gfc_2005_2010_w0111,2007-03-13,2008-03-11,2007-09-10,252,349,Chen2025_R,1,0.05,TRUE,0.00012519567024037,18.6324159523253,6.60166628732937,,20293441,5,rolling_v1|Chen2025_R|252|5|0.05|1|NA|1|TRUE|QS|20260821,ok,,1683.349
gfc_2005_2010,The global financial crisis period,112,gfc_2005_2010_w0112,2007-03-20,2008-03-18,2007-09-17,252,349,Chen2025_R,1,0.05,TRUE,0.000199511308315817,17.7003555412564,6.60166628732937,,20293472,5,rolling_v1|Chen2025_R|252|5|0.05|1|NA|1|TRUE|QS|20260821,ok,,1803.026
gfc_2005_2010,The global financial crisis period,113,gfc_2005_2010_w0113,2007-03-27,2008-03-26,2007-09-24,252,349,Chen2025_R,1,0.05,TRUE,8.31669332816718e-05,19.4505140707382,6.60166628732937,,20293503,5,rolling_v1|Chen2025_R|252|5|0.05|1|NA|1|TRUE|QS|20260821,ok,,1954.85799999999
gfc_2005_2010,The global financial crisis period,114,gfc_2005_2010_w0114,2007-04-03,2008-04-02,2007-10-01,252,349,Chen2025_R,1,0.05,TRUE,0.00016776763575205,18.0469693228379,6.60166628732937,,20293534,5,rolling_v1|Chen2025_R|252|5|0.05|1|NA|1|TRUE|QS|20260821,ok,,1933.545
gfc_2005_2010,The global financial crisis period,115,gfc_2005_2010_w0115,2007-04-11,2008-04-09,2007-10-08,252,349,Chen2025_R,1,0.05,TRUE,0.000496792549893593,15.8754549411217,6.60166628732937,,20293565,5,rolling_v1|Chen2025_R|252|5|0.05|1|NA|1|TRUE|QS|20260821,ok,,1808.429
gfc_2005_2010,The global financial crisis period,116,gfc_2005_2010_w0116,2007-04-18,2008-04-16,2007-10-15,252,349,Chen2025_R,1,0.05,TRUE,0.000899215006236106,14.6883530182139,6.60166628732937,,20293596,5,rolling_v1|Chen2025_R|252|5|0.05|1|NA|1|TRUE|QS|20260821,ok,,2176.575
gfc_2005_2010,The global financial crisis period,117,gfc_2005_2010_w0117,2007-04-25,2008-04-23,2007-10-22,252,349,Chen2025_R,1,0.05,TRUE,0.00132274834967451,13.9160395589462,6.60166628732937,,20293627,5,rolling_v1|Chen2025_R|252|5|0.05|1|NA|1|TRUE|QS|20260821,ok,,2109.829
gfc_2005_2010,The global financial crisis period,118,gfc_2005_2010_w0118,2007-05-02,2008-04-30,2007-10-29,252,349,Chen2025_R,1,0.05,TRUE,0.00289499076577057,12.3479240156875,6.60166628732937,,20293658,5,rolling_v1|Chen2025_R|252|5|0.05|1|NA|1|TRUE|QS|20260821,ok,,1973.59299999999
gfc_2005_2010,The global financial crisis period,119,gfc_2005_2010_w0119,2007-05-09,2008-05-07,2007-11-05,252,349,Chen2025_R,1,0.05,TRUE,0.00178855108957737,13.3121847719865,6.60166628732937,,20293689,5,rolling_v1|Chen2025_R|252|5|0.05|1|NA|1|TRUE|QS|20260821,ok,,1901.084
gfc_2005_2010,The global financial crisis period,120,gfc_2005_2010_w0120,2007-05-16,2008-05-14,2007-11-12,252,349,Chen2025_R,1,0.05,TRUE,0.00110697797090095,14.2724113508956,6.60166628732937,,20293440,5,rolling_v1|Chen2025_R|252|5|0.05|1|NA|1|TRUE|QS|20260821,ok,,1736.36900000001
gfc_2005_2010,The global financial crisis period,121,gfc_2005_2010_w0121,2007-05-23,2008-05-21,2007-11-19,252,349,Chen2025_R,1,0.05,TRUE,0.00315898475114247,12.1731218071803,6.60166628732937,,20293471,5,rolling_v1|Chen2025_R|252|5|0.05|1|NA|1|TRUE|QS|20260821,ok,,1896.61599999999
gfc_2005_2010,The global financial crisis period,122,gfc_2005_2010_w0122,2007-05-31,2008-05-29,2007-11-27,252,349,Chen2025_R,1,0.05,TRUE,0.00730974334681185,10.4910379156995,6.60166628732937,,20293502,5,rolling_v1|Chen2025_R|252|5|0.05|1|NA|1|TRUE|QS|20260821,ok,,1916.194
gfc_2005_2010,The global financial crisis period,123,gfc_2005_2010_w0123,2007-06-07,2008-06-05,2007-12-04,252,349,Chen2025_R,1,0.05,TRUE,0.00101054001860815,14.4548056617236,6.60166628732937,,20293533,5,rolling_v1|Chen2025_R|252|5|0.05|1|NA|1|TRUE|QS|20260821,ok,,1897.686
gfc_2005_2010,The global financial crisis period,124,gfc_2005_2010_w0124,2007-06-14,2008-06-12,2007-12-11,252,349,Chen2025_R,1,0.05,TRUE,0.00331998812239331,12.0735393466242,6.60166628732937,,20293564,5,rolling_v1|Chen2025_R|252|5|0.05|1|NA|1|TRUE|QS|20260821,ok,,1939.264
gfc_2005_2010,The global financial crisis period,125,gfc_2005_2010_w0125,2007-06-21,2008-06-19,2007-12-18,252,349,Chen2025_R,1,0.05,TRUE,0.000427059976814144,16.1780208406096,6.60166628732937,,20293595,5,rolling_v1|Chen2025_R|252|5|0.05|1|NA|1|TRUE|QS|20260821,ok,,1878.23999999999
gfc_2005_2010,The global financial crisis period,126,gfc_2005_2010_w0126,2007-06-28,2008-06-26,2007-12-26,252,349,Chen2025_R,1,0.05,TRUE,0.00130323527079275,13.9457827183137,6.60166628732937,,20293626,5,rolling_v1|Chen2025_R|252|5|0.05|1|NA|1|TRUE|QS|20260821,ok,,1795.63800000001
gfc_2005_2010,The global financial crisis period,127,gfc_2005_2010_w0127,2007-07-06,2008-07-03,2008-01-03,252,349,Chen2025_R,1,0.05,TRUE,0.00105432570840129,14.3699287107688,6.60166628732937,,20293657,5,rolling_v1|Chen2025_R|252|5|0.05|1|NA|1|TRUE|QS|20260821,ok,,1991.978
gfc_2005_2010,The global financial crisis period,128,gfc_2005_2010_w0128,2007-07-13,2008-07-11,2008-01-10,252,349,Chen2025_R,1,0.05,TRUE,0.00600946856945195,10.8840891362684,6.60166628732937,,20293688,5,rolling_v1|Chen2025_R|252|5|0.05|1|NA|1|TRUE|QS|20260821,ok,,1908.17200000001
gfc_2005_2010,The global financial crisis period,129,gfc_2005_2010_w0129,2007-07-20,2008-07-18,2008-01-17,252,349,Chen2025_R,1,0.05,TRUE,0.00722498979650477,10.5144478689512,6.60166628732937,,20293719,5,rolling_v1|Chen2025_R|252|5|0.05|1|NA|1|TRUE|QS|20260821,ok,,1807.04300000001
gfc_2005_2010,The global financial crisis period,130,gfc_2005_2010_w0130,2007-07-27,2008-07-25,2008-01-25,252,349,Chen2025_R,1,0.05,TRUE,0.0109775448926753,9.67405463208436,6.60166628732937,,20293470,5,rolling_v1|Chen2025_R|252|5|0.05|1|NA|1|TRUE|QS|20260821,ok,,1906.637
gfc_2005_2010,The global financial crisis period,131,gfc_2005_2010_w0131,2007-08-03,2008-08-01,2008-02-01,252,349,Chen2025_R,1,0.05,TRUE,0.00864387793195402,10.1544085412368,6.60166628732937,,20293501,5,rolling_v1|Chen2025_R|252|5|0.05|1|NA|1|TRUE|QS|20260821,ok,,1846.628
gfc_2005_2010,The global financial crisis period,132,gfc_2005_2010_w0132,2007-08-10,2008-08-08,2008-02-08,252,349,Chen2025_R,1,0.05,TRUE,0.00168467867316176,13.4319507903826,6.60166628732937,,20293532,5,rolling_v1|Chen2025_R|252|5|0.05|1|NA|1|TRUE|QS|20260821,ok,,1976.11199999999
gfc_2005_2010,The global financial crisis period,133,gfc_2005_2010_w0133,2007-08-17,2008-08-15,2008-02-15,252,349,Chen2025_R,1,0.05,TRUE,0.0051060540855025,11.210815573875,6.60166628732937,,20293563,5,rolling_v1|Chen2025_R|252|5|0.05|1|NA|1|TRUE|QS|20260821,ok,,2059.79000000001
gfc_2005_2010,The global financial crisis period,134,gfc_2005_2010_w0134,2007-08-24,2008-08-22,2008-02-25,252,349,Chen2025_R,1,0.05,TRUE,0.0123263440243236,9.44091869787531,6.60166628732937,,20293594,5,rolling_v1|Chen2025_R|252|5|0.05|1|NA|1|TRUE|QS|20260821,ok,,1959.424
gfc_2005_2010,The global financial crisis period,135,gfc_2005_2010_w0135,2007-08-31,2008-08-29,2008-03-03,252,349,Chen2025_R,1,0.05,FALSE,0.0565188727875793,6.34974025943102,6.60166628732937,,20293625,5,rolling_v1|Chen2025_R|252|5|0.05|1|NA|1|TRUE|QS|20260821,ok,,1957.321
gfc_2005_2010,The global financial crisis period,136,gfc_2005_2010_w0136,2007-09-10,2008-09-08,2008-03-10,252,349,Chen2025_R,1,0.05,FALSE,0.0709203883541922,5.88056049802038,6.60166628732937,,20293656,5,rolling_v1|Chen2025_R|252|5|0.05|1|NA|1|TRUE|QS|20260821,ok,,2083.34
gfc_2005_2010,The global financial crisis period,137,gfc_2005_2010_w0137,2007-09-17,2008-09-15,2008-03-17,252,349,Chen2025_R,1,0.05,TRUE,0.0378890721338872,7.16895967530456,6.60166628732937,,20293687,5,rolling_v1|Chen2025_R|252|5|0.05|1|NA|1|TRUE|QS|20260821,ok,,2073.07000000001
gfc_2005_2010,The global financial crisis period,138,gfc_2005_2010_w0138,2007-09-24,2008-09-22,2008-03-25,252,349,Chen2025_R,1,0.05,TRUE,0.00621570964913114,10.8163946758634,6.60166628732937,,20293718,5,rolling_v1|Chen2025_R|252|5|0.05|1|NA|1|TRUE|QS|20260821,ok,,1975.68800000001
gfc_2005_2010,The global financial crisis period,139,gfc_2005_2010_w0139,2007-10-01,2008-09-29,2008-04-01,252,349,Chen2025_R,1,0.05,TRUE,0.00817294729594364,10.2669262506247,6.60166628732937,,20293749,5,rolling_v1|Chen2025_R|252|5|0.05|1|NA|1|TRUE|QS|20260821,ok,,2081.70600000001
gfc_2005_2010,The global financial crisis period,140,gfc_2005_2010_w0140,2007-10-08,2008-10-06,2008-04-08,252,349,Chen2025_R,1,0.05,TRUE,0.00934776233713931,9.99712798586501,6.60166628732937,,20293500,5,rolling_v1|Chen2025_R|252|5|0.05|1|NA|1|TRUE|QS|20260821,ok,,2051.24400000001
gfc_2005_2010,The global financial crisis period,141,gfc_2005_2010_w0141,2007-10-15,2008-10-13,2008-04-15,252,349,Chen2025_R,1,0.05,TRUE,0.0333832371462871,7.42682145253316,6.60166628732937,,20293531,5,rolling_v1|Chen2025_R|252|5|0.05|1|NA|1|TRUE|QS|20260821,ok,,2039.561
gfc_2005_2010,The global financial crisis period,142,gfc_2005_2010_w0142,2007-10-22,2008-10-20,2008-04-22,252,349,Chen2025_R,1,0.05,FALSE,0.0520686182530775,6.51842660066757,6.60166628732937,,20293562,5,rolling_v1|Chen2025_R|252|5|0.05|1|NA|1|TRUE|QS|20260821,ok,,2050.13799999999
gfc_2005_2010,The global financial crisis period,143,gfc_2005_2010_w0143,2007-10-29,2008-10-27,2008-04-29,252,349,Chen2025_R,1,0.05,TRUE,0.0404360518050046,7.03620848782209,6.60166628732937,,20293593,5,rolling_v1|Chen2025_R|252|5|0.05|1|NA|1|TRUE|QS|20260821,ok,,2065.117
gfc_2005_2010,The global financial crisis period,144,gfc_2005_2010_w0144,2007-11-05,2008-11-03,2008-05-06,252,349,Chen2025_R,1,0.05,TRUE,0.0333322180255524,7.42993284307711,6.60166628732937,,20293624,5,rolling_v1|Chen2025_R|252|5|0.05|1|NA|1|TRUE|QS|20260821,ok,,2132.556
gfc_2005_2010,The global financial crisis period,145,gfc_2005_2010_w0145,2007-11-12,2008-11-10,2008-05-13,252,349,Chen2025_R,1,0.05,TRUE,0.0174301972918535,8.74281986436911,6.60166628732937,,20293655,5,rolling_v1|Chen2025_R|252|5|0.05|1|NA|1|TRUE|QS|20260821,ok,,2076.326
gfc_2005_2010,The global financial crisis period,146,gfc_2005_2010_w0146,2007-11-19,2008-11-17,2008-05-20,252,349,Chen2025_R,1,0.05,FALSE,0.0627442469135439,6.13420337765109,6.60166628732937,,20293686,5,rolling_v1|Chen2025_R|252|5|0.05|1|NA|1|TRUE|QS|20260821,ok,,1978.515
gfc_2005_2010,The global financial crisis period,147,gfc_2005_2010_w0147,2007-11-27,2008-11-24,2008-05-28,252,349,Chen2025_R,1,0.05,FALSE,0.0797704073532351,5.63592494211638,6.60166628732937,,20293717,5,rolling_v1|Chen2025_R|252|5|0.05|1|NA|1|TRUE|QS|20260821,ok,,2037.004
gfc_2005_2010,The global financial crisis period,148,gfc_2005_2010_w0148,2007-12-04,2008-12-02,2008-06-04,252,349,Chen2025_R,1,0.05,TRUE,0.00788184384159099,10.3397547624071,6.60166628732937,,20293748,5,rolling_v1|Chen2025_R|252|5|0.05|1|NA|1|TRUE|QS|20260821,ok,,2080.99399999999
gfc_2005_2010,The global financial crisis period,149,gfc_2005_2010_w0149,2007-12-11,2008-12-09,2008-06-11,252,349,Chen2025_R,1,0.05,TRUE,0.00298906201577607,12.2838742936224,6.60166628732937,,20293779,5,rolling_v1|Chen2025_R|252|5|0.05|1|NA|1|TRUE|QS|20260821,ok,,2151.431
gfc_2005_2010,The global financial crisis period,150,gfc_2005_2010_w0150,2007-12-18,2008-12-16,2008-06-18,252,349,Chen2025_R,1,0.05,TRUE,0.0237755489557327,8.11545645405216,6.60166628732937,,20293530,5,rolling_v1|Chen2025_R|252|5|0.05|1|NA|1|TRUE|QS|20260821,ok,,2149.29000000001
gfc_2005_2010,The global financial crisis period,151,gfc_2005_2010_w0151,2007-12-26,2008-12-23,2008-06-25,252,349,Chen2025_R,1,0.05,TRUE,0.0378594523309247,7.17055437554607,6.60166628732937,,20293561,5,rolling_v1|Chen2025_R|252|5|0.05|1|NA|1|TRUE|QS|20260821,ok,,2161.342
gfc_2005_2010,The global financial crisis period,152,gfc_2005_2010_w0152,2008-01-03,2008-12-31,2008-07-02,252,349,Chen2025_R,1,0.05,TRUE,0.0314983114416902,7.54499877536676,6.60166628732937,,20293592,5,rolling_v1|Chen2025_R|252|5|0.05|1|NA|1|TRUE|QS|20260821,ok,,2151.348
gfc_2005_2010,The global financial crisis period,153,gfc_2005_2010_w0153,2008-01-10,2009-01-08,2008-07-10,252,349,Chen2025_R,1,0.05,TRUE,0.00573329288603848,10.9784592301854,6.60166628732937,,20293623,5,rolling_v1|Chen2025_R|252|5|0.05|1|NA|1|TRUE|QS|20260821,ok,,2210.86499999999
gfc_2005_2010,The global financial crisis period,154,gfc_2005_2010_w0154,2008-01-17,2009-01-15,2008-07-17,252,349,Chen2025_R,1,0.05,TRUE,0.0131514129532773,9.31050389025716,6.60166628732937,,20293654,5,rolling_v1|Chen2025_R|252|5|0.05|1|NA|1|TRUE|QS|20260821,ok,,2091.947
gfc_2005_2010,The global financial crisis period,155,gfc_2005_2010_w0155,2008-01-25,2009-01-23,2008-07-24,252,349,Chen2025_R,1,0.05,TRUE,0.00222573795196248,12.874381493501,6.60166628732937,,20293685,5,rolling_v1|Chen2025_R|252|5|0.05|1|NA|1|TRUE|QS|20260821,ok,,2122.442
gfc_2005_2010,The global financial crisis period,156,gfc_2005_2010_w0156,2008-02-01,2009-01-30,2008-07-31,252,349,Chen2025_R,1,0.05,TRUE,0.00220650703002559,12.8917563373251,6.60166628732937,,20293716,5,rolling_v1|Chen2025_R|252|5|0.05|1|NA|1|TRUE|QS|20260821,ok,,2110.443
gfc_2005_2010,The global financial crisis period,157,gfc_2005_2010_w0157,2008-02-08,2009-02-06,2008-08-07,252,349,Chen2025_R,1,0.05,TRUE,0.00146624501008999,13.7099097700262,6.60166628732937,,20293747,5,rolling_v1|Chen2025_R|252|5|0.05|1|NA|1|TRUE|QS|20260821,ok,,2089.69499999999
gfc_2005_2010,The global financial crisis period,158,gfc_2005_2010_w0158,2008-02-15,2009-02-13,2008-08-14,252,349,Chen2025_R,1,0.05,TRUE,0.0020441744976561,13.0447523507276,6.60166628732937,,20293778,5,rolling_v1|Chen2025_R|252|5|0.05|1|NA|1|TRUE|QS|20260821,ok,,2193.016
gfc_2005_2010,The global financial crisis period,159,gfc_2005_2010_w0159,2008-02-25,2009-02-23,2008-08-21,252,349,Chen2025_R,1,0.05,TRUE,0.000792554813617228,14.9409807508947,6.60166628732937,,20293809,5,rolling_v1|Chen2025_R|252|5|0.05|1|NA|1|TRUE|QS|20260821,ok,,1967.542
gfc_2005_2010,The global financial crisis period,160,gfc_2005_2010_w0160,2008-03-03,2009-03-02,2008-08-28,252,349,Chen2025_R,1,0.05,TRUE,0.000458651381073877,16.0352573598724,6.60166628732937,,20293560,5,rolling_v1|Chen2025_R|252|5|0.05|1|NA|1|TRUE|QS|20260821,ok,,1842.769
gfc_2005_2010,The global financial crisis period,161,gfc_2005_2010_w0161,2008-03-10,2009-03-09,2008-09-05,252,349,Chen2025_R,1,0.05,TRUE,0.000440195380316481,16.11741927998,6.60166628732937,,20293591,5,rolling_v1|Chen2025_R|252|5|0.05|1|NA|1|TRUE|QS|20260821,ok,,2144.86500000001
gfc_2005_2010,The global financial crisis period,162,gfc_2005_2010_w0162,2008-03-17,2009-03-16,2008-09-12,252,349,Chen2025_R,1,0.05,TRUE,0.000263555030095907,17.1435089431057,6.60166628732937,,20293622,5,rolling_v1|Chen2025_R|252|5|0.05|1|NA|1|TRUE|QS|20260821,ok,,1897.822
gfc_2005_2010,The global financial crisis period,163,gfc_2005_2010_w0163,2008-03-25,2009-03-23,2008-09-19,252,349,Chen2025_R,1,0.05,TRUE,0.000433535962682293,16.1479137875212,6.60166628732937,,20293653,5,rolling_v1|Chen2025_R|252|5|0.05|1|NA|1|TRUE|QS|20260821,ok,,1834.113
gfc_2005_2010,The global financial crisis period,164,gfc_2005_2010_w0164,2008-04-01,2009-03-30,2008-09-26,252,349,Chen2025_R,1,0.05,TRUE,0.000541010802796208,15.7048772786816,6.60166628732937,,20293684,5,rolling_v1|Chen2025_R|252|5|0.05|1|NA|1|TRUE|QS|20260821,ok,,2158.189
gfc_2005_2010,The global financial crisis period,165,gfc_2005_2010_w0165,2008-04-08,2009-04-06,2008-10-03,252,349,Chen2025_R,1,0.05,TRUE,0.000888427613259291,14.7125018014103,6.60166628732937,,20293715,5,rolling_v1|Chen2025_R|252|5|0.05|1|NA|1|TRUE|QS|20260821,ok,,2134.91500000001
gfc_2005_2010,The global financial crisis period,166,gfc_2005_2010_w0166,2008-04-15,2009-04-14,2008-10-10,252,349,Chen2025_R,1,0.05,TRUE,0.00294861133200278,12.3111654576125,6.60166628732937,,20293746,5,rolling_v1|Chen2025_R|252|5|0.05|1|NA|1|TRUE|QS|20260821,ok,,2176.72499999999
gfc_2005_2010,The global financial crisis period,167,gfc_2005_2010_w0167,2008-04-22,2009-04-21,2008-10-17,252,349,Chen2025_R,1,0.05,TRUE,0.000897614371399916,14.6919178637918,6.60166628732937,,20293777,5,rolling_v1|Chen2025_R|252|5|0.05|1|NA|1|TRUE|QS|20260821,ok,,1857.156
gfc_2005_2010,The global financial crisis period,168,gfc_2005_2010_w0168,2008-04-29,2009-04-28,2008-10-24,252,349,Chen2025_R,1,0.05,TRUE,0.000520185035274584,15.7834074366623,6.60166628732937,,20293808,5,rolling_v1|Chen2025_R|252|5|0.05|1|NA|1|TRUE|QS|20260821,ok,,1702.13499999999
gfc_2005_2010,The global financial crisis period,169,gfc_2005_2010_w0169,2008-05-06,2009-05-05,2008-10-31,252,349,Chen2025_R,1,0.05,TRUE,0.00104914422844461,14.3797871214041,6.60166628732937,,20293839,5,rolling_v1|Chen2025_R|252|5|0.05|1|NA|1|TRUE|QS|20260821,ok,,2067.159
gfc_2005_2010,The global financial crisis period,170,gfc_2005_2010_w0170,2008-05-13,2009-05-12,2008-11-07,252,349,Chen2025_R,1,0.05,TRUE,0.00172297470718542,13.3869575784536,6.60166628732937,,20293590,5,rolling_v1|Chen2025_R|252|5|0.05|1|NA|1|TRUE|QS|20260821,ok,,1777.655
gfc_2005_2010,The global financial crisis period,171,gfc_2005_2010_w0171,2008-05-20,2009-05-19,2008-11-14,252,349,Chen2025_R,1,0.05,TRUE,0.000684126984839557,15.2353254816125,6.60166628732937,,20293621,5,rolling_v1|Chen2025_R|252|5|0.05|1|NA|1|TRUE|QS|20260821,ok,,1611.614
gfc_2005_2010,The global financial crisis period,172,gfc_2005_2010_w0172,2008-05-28,2009-05-27,2008-11-21,252,349,Chen2025_R,1,0.05,TRUE,0.000662998128770006,15.2980893881915,6.60166628732937,,20293652,5,rolling_v1|Chen2025_R|252|5|0.05|1|NA|1|TRUE|QS|20260821,ok,,1634.79800000001
gfc_2005_2010,The global financial crisis period,173,gfc_2005_2010_w0173,2008-06-04,2009-06-03,2008-12-01,252,349,Chen2025_R,1,0.05,TRUE,0.000843739238597218,14.8157658934609,6.60166628732937,,20293683,5,rolling_v1|Chen2025_R|252|5|0.05|1|NA|1|TRUE|QS|20260821,ok,,1903.40699999999
gfc_2005_2010,The global financial crisis period,174,gfc_2005_2010_w0174,2008-06-11,2009-06-10,2008-12-08,252,349,Chen2025_R,1,0.05,TRUE,0.000592027231905378,15.5245994645173,6.60166628732937,,20293714,5,rolling_v1|Chen2025_R|252|5|0.05|1|NA|1|TRUE|QS|20260821,ok,,1562.495
gfc_2005_2010,The global financial crisis period,175,gfc_2005_2010_w0175,2008-06-18,2009-06-17,2008-12-15,252,349,Chen2025_R,1,0.05,TRUE,0.00106669129946982,14.3465959532624,6.60166628732937,,20293745,5,rolling_v1|Chen2025_R|252|5|0.05|1|NA|1|TRUE|QS|20260821,ok,,1765.92599999999
gfc_2005_2010,The global financial crisis period,176,gfc_2005_2010_w0176,2008-06-25,2009-06-24,2008-12-22,252,349,Chen2025_R,1,0.05,TRUE,0.000905093723930374,14.6753144685496,6.60166628732937,,20293776,5,rolling_v1|Chen2025_R|252|5|0.05|1|NA|1|TRUE|QS|20260821,ok,,1742.94499999999
gfc_2005_2010,The global financial crisis period,177,gfc_2005_2010_w0177,2008-07-02,2009-07-01,2008-12-30,252,349,Chen2025_R,1,0.05,TRUE,0.00082787431453797,14.8537460474896,6.60166628732937,,20293807,5,rolling_v1|Chen2025_R|252|5|0.05|1|NA|1|TRUE|QS|20260821,ok,,1810.76700000001
gfc_2005_2010,The global financial crisis period,178,gfc_2005_2010_w0178,2008-07-10,2009-07-09,2009-01-07,252,349,Chen2025_R,1,0.05,TRUE,0.00236067054618886,12.7565319345405,6.60166628732937,,20293838,5,rolling_v1|Chen2025_R|252|5|0.05|1|NA|1|TRUE|QS|20260821,ok,,1918.731
gfc_2005_2010,The global financial crisis period,179,gfc_2005_2010_w0179,2008-07-17,2009-07-16,2009-01-14,252,349,Chen2025_R,1,0.05,TRUE,0.00109405705414693,14.2959060820719,6.60166628732937,,20293869,5,rolling_v1|Chen2025_R|252|5|0.05|1|NA|1|TRUE|QS|20260821,ok,,1823.728
gfc_2005_2010,The global financial crisis period,180,gfc_2005_2010_w0180,2008-07-24,2009-07-23,2009-01-22,252,349,Chen2025_R,1,0.05,TRUE,0.000402780275936957,16.2951116727655,6.60166628732937,,20293620,5,rolling_v1|Chen2025_R|252|5|0.05|1|NA|1|TRUE|QS|20260821,ok,,1757.178
gfc_2005_2010,The global financial crisis period,181,gfc_2005_2010_w0181,2008-07-31,2009-07-30,2009-01-29,252,349,Chen2025_R,1,0.05,TRUE,0.000810562933719,14.896028095992,6.60166628732937,,20293651,5,rolling_v1|Chen2025_R|252|5|0.05|1|NA|1|TRUE|QS|20260821,ok,,2017.26700000001
gfc_2005_2010,The global financial crisis period,182,gfc_2005_2010_w0182,2008-08-07,2009-08-06,2009-02-05,252,349,Chen2025_R,1,0.05,TRUE,0.00340223430303102,12.0245145525477,6.60166628732937,,20293682,5,rolling_v1|Chen2025_R|252|5|0.05|1|NA|1|TRUE|QS|20260821,ok,,2148.40599999999
gfc_2005_2010,The global financial crisis period,183,gfc_2005_2010_w0183,2008-08-14,2009-08-13,2009-02-12,252,349,Chen2025_R,1,0.05,TRUE,0.00271500678729896,12.4764793574327,6.60166628732937,,20293713,5,rolling_v1|Chen2025_R|252|5|0.05|1|NA|1|TRUE|QS|20260821,ok,,1911.481
gfc_2005_2010,The global financial crisis period,184,gfc_2005_2010_w0184,2008-08-21,2009-08-20,2009-02-20,252,349,Chen2025_R,1,0.05,TRUE,0.00198932625382138,13.0992033390778,6.60166628732937,,20293744,5,rolling_v1|Chen2025_R|252|5|0.05|1|NA|1|TRUE|QS|20260821,ok,,1873.808
gfc_2005_2010,The global financial crisis period,185,gfc_2005_2010_w0185,2008-08-28,2009-08-27,2009-02-27,252,349,Chen2025_R,1,0.05,TRUE,0.00279996415177538,12.4147698826523,6.60166628732937,,20293775,5,rolling_v1|Chen2025_R|252|5|0.05|1|NA|1|TRUE|QS|20260821,ok,,1898.90000000001
gfc_2005_2010,The global financial crisis period,186,gfc_2005_2010_w0186,2008-09-05,2009-09-03,2009-03-06,252,349,Chen2025_R,1,0.05,TRUE,0.00545852209577951,11.0769592201456,6.60166628732937,,20293806,5,rolling_v1|Chen2025_R|252|5|0.05|1|NA|1|TRUE|QS|20260821,ok,,2184.368
gfc_2005_2010,The global financial crisis period,187,gfc_2005_2010_w0187,2008-09-12,2009-09-11,2009-03-13,252,349,Chen2025_R,1,0.05,TRUE,0.00775459856246617,10.372434515097,6.60166628732937,,20293837,5,rolling_v1|Chen2025_R|252|5|0.05|1|NA|1|TRUE|QS|20260821,ok,,1999.545
gfc_2005_2010,The global financial crisis period,188,gfc_2005_2010_w0188,2008-09-19,2009-09-18,2009-03-20,252,349,Chen2025_R,1,0.05,TRUE,0.00761473505132331,10.4089769556174,6.60166628732937,,20293868,5,rolling_v1|Chen2025_R|252|5|0.05|1|NA|1|TRUE|QS|20260821,ok,,2079.05
gfc_2005_2010,The global financial crisis period,189,gfc_2005_2010_w0189,2008-09-26,2009-09-25,2009-03-27,252,349,Chen2025_R,1,0.05,TRUE,0.00181452026762998,13.28332821873,6.60166628732937,,20293899,5,rolling_v1|Chen2025_R|252|5|0.05|1|NA|1|TRUE|QS|20260821,ok,,2136.41800000001
gfc_2005_2010,The global financial crisis period,190,gfc_2005_2010_w0190,2008-10-03,2009-10-02,2009-04-03,252,349,Chen2025_R,1,0.05,TRUE,0.000869676577634326,14.755184127917,6.60166628732937,,20293650,5,rolling_v1|Chen2025_R|252|5|0.05|1|NA|1|TRUE|QS|20260821,ok,,2128.74799999999
gfc_2005_2010,The global financial crisis period,191,gfc_2005_2010_w0191,2008-10-10,2009-10-09,2009-04-13,252,349,Chen2025_R,1,0.05,TRUE,0.00214685862420579,12.9466262283618,6.60166628732937,,20293681,5,rolling_v1|Chen2025_R|252|5|0.05|1|NA|1|TRUE|QS|20260821,ok,,1988.401
gfc_2005_2010,The global financial crisis period,192,gfc_2005_2010_w0192,2008-10-17,2009-10-16,2009-04-20,252,349,Chen2025_R,1,0.05,TRUE,0.00335546897011203,12.0522430912451,6.60166628732937,,20293712,5,rolling_v1|Chen2025_R|252|5|0.05|1|NA|1|TRUE|QS|20260821,ok,,1932.64499999999
gfc_2005_2010,The global financial crisis period,193,gfc_2005_2010_w0193,2008-10-24,2009-10-23,2009-04-27,252,349,Chen2025_R,1,0.05,TRUE,0.00387491403181086,11.7638582079197,6.60166628732937,,20293743,5,rolling_v1|Chen2025_R|252|5|0.05|1|NA|1|TRUE|QS|20260821,ok,,1939.857
gfc_2005_2010,The global financial crisis period,194,gfc_2005_2010_w0194,2008-10-31,2009-10-30,2009-05-04,252,349,Chen2025_R,1,0.05,TRUE,0.0036654505949197,11.8752127397558,6.60166628732937,,20293774,5,rolling_v1|Chen2025_R|252|5|0.05|1|NA|1|TRUE|QS|20260821,ok,,1990.037
gfc_2005_2010,The global financial crisis period,195,gfc_2005_2010_w0195,2008-11-07,2009-11-06,2009-05-11,252,349,Chen2025_R,1,0.05,TRUE,0.00642470312007749,10.7500435333783,6.60166628732937,,20293805,5,rolling_v1|Chen2025_R|252|5|0.05|1|NA|1|TRUE|QS|20260821,ok,,2036.284
gfc_2005_2010,The global financial crisis period,196,gfc_2005_2010_w0196,2008-11-14,2009-11-13,2009-05-18,252,349,Chen2025_R,1,0.05,TRUE,0.00724395588438345,10.5091855311704,6.60166628732937,,20293836,5,rolling_v1|Chen2025_R|252|5|0.05|1|NA|1|TRUE|QS|20260821,ok,,2048.51700000001
gfc_2005_2010,The global financial crisis period,197,gfc_2005_2010_w0197,2008-11-21,2009-11-20,2009-05-26,252,349,Chen2025_R,1,0.05,TRUE,0.0179063448872502,8.68843472393873,6.60166628732937,,20293867,5,rolling_v1|Chen2025_R|252|5|0.05|1|NA|1|TRUE|QS|20260821,ok,,1752.349
gfc_2005_2010,The global financial crisis period,198,gfc_2005_2010_w0198,2008-12-01,2009-11-30,2009-06-02,252,349,Chen2025_R,1,0.05,TRUE,0.00255336258825728,12.5994079588051,6.60166628732937,,20293898,5,rolling_v1|Chen2025_R|252|5|0.05|1|NA|1|TRUE|QS|20260821,ok,,1993.27800000001
gfc_2005_2010,The global financial crisis period,199,gfc_2005_2010_w0199,2008-12-08,2009-12-07,2009-06-09,252,349,Chen2025_R,1,0.05,TRUE,0.00496010991950708,11.2689601521904,6.60166628732937,,20293929,5,rolling_v1|Chen2025_R|252|5|0.05|1|NA|1|TRUE|QS|20260821,ok,,1949.78899999999
gfc_2005_2010,The global financial crisis period,200,gfc_2005_2010_w0200,2008-12-15,2009-12-14,2009-06-16,252,349,Chen2025_R,1,0.05,TRUE,0.00736556560865919,10.4757663887777,6.60166628732937,,20293409,5,rolling_v1|Chen2025_R|252|5|0.05|1|NA|1|TRUE|QS|20260821,ok,,1872.90400000001
gfc_2005_2010,The global financial crisis period,201,gfc_2005_2010_w0201,2008-12-22,2009-12-21,2009-06-23,252,349,Chen2025_R,1,0.05,TRUE,0.0074908383419544,10.4419105840972,6.60166628732937,,20293440,5,rolling_v1|Chen2025_R|252|5|0.05|1|NA|1|TRUE|QS|20260821,ok,,2115.33
gfc_2005_2010,The global financial crisis period,202,gfc_2005_2010_w0202,2008-12-30,2009-12-29,2009-06-30,252,349,Chen2025_R,1,0.05,TRUE,0.0113907366921932,9.59974026758791,6.60166628732937,,20293471,5,rolling_v1|Chen2025_R|252|5|0.05|1|NA|1|TRUE|QS|20260821,ok,,1803.19100000001
gfc_2005_2010,The global financial crisis period,203,gfc_2005_2010_w0203,2009-01-07,2010-01-06,2009-07-08,252,349,Chen2025_R,1,0.05,TRUE,0.00742334113623666,10.4600814549772,6.60166628732937,,20293502,5,rolling_v1|Chen2025_R|252|5|0.05|1|NA|1|TRUE|QS|20260821,ok,,1671.74799999999
gfc_2005_2010,The global financial crisis period,204,gfc_2005_2010_w0204,2009-01-14,2010-01-13,2009-07-15,252,349,Chen2025_R,1,0.05,TRUE,0.0023021008916809,12.8068377607148,6.60166628732937,,20293533,5,rolling_v1|Chen2025_R|252|5|0.05|1|NA|1|TRUE|QS|20260821,ok,,1884.102
gfc_2005_2010,The global financial crisis period,205,gfc_2005_2010_w0205,2009-01-22,2010-01-21,2009-07-22,252,349,Chen2025_R,1,0.05,TRUE,0.00423929878399747,11.5837437922643,6.60166628732937,,20293564,5,rolling_v1|Chen2025_R|252|5|0.05|1|NA|1|TRUE|QS|20260821,ok,,1803.268
gfc_2005_2010,The global financial crisis period,206,gfc_2005_2010_w0206,2009-01-29,2010-01-28,2009-07-29,252,349,Chen2025_R,1,0.05,TRUE,0.0118410839171051,9.52173607877238,6.60166628732937,,20293595,5,rolling_v1|Chen2025_R|252|5|0.05|1|NA|1|TRUE|QS|20260821,ok,,1845.28799999999
gfc_2005_2010,The global financial crisis period,207,gfc_2005_2010_w0207,2009-02-05,2010-02-04,2009-08-05,252,349,Chen2025_R,1,0.05,TRUE,0.015486188645268,8.98130215097696,6.60166628732937,,20293626,5,rolling_v1|Chen2025_R|252|5|0.05|1|NA|1|TRUE|QS|20260821,ok,,1989.516
gfc_2005_2010,The global financial crisis period,208,gfc_2005_2010_w0208,2009-02-12,2010-02-11,2009-08-12,252,349,Chen2025_R,1,0.05,TRUE,0.0298485637507458,7.65428632369688,6.60166628732937,,20293657,5,rolling_v1|Chen2025_R|252|5|0.05|1|NA|1|TRUE|QS|20260821,ok,,1922.223
gfc_2005_2010,The global financial crisis period,209,gfc_2005_2010_w0209,2009-02-20,2010-02-19,2009-08-19,252,349,Chen2025_R,1,0.05,TRUE,0.0138956749943697,9.1996542603228,6.60166628732937,,20293688,5,rolling_v1|Chen2025_R|252|5|0.05|1|NA|1|TRUE|QS|20260821,ok,,2089.255
gfc_2005_2010,The global financial crisis period,210,gfc_2005_2010_w0210,2009-02-27,2010-02-26,2009-08-26,252,349,Chen2025_R,1,0.05,TRUE,0.0211557968529602,8.35161375950823,6.60166628732937,,20293439,5,rolling_v1|Chen2025_R|252|5|0.05|1|NA|1|TRUE|QS|20260821,ok,,1981.66799999999
gfc_2005_2010,The global financial crisis period,211,gfc_2005_2010_w0211,2009-03-06,2010-03-05,2009-09-02,252,349,Chen2025_R,1,0.05,TRUE,0.00601756058111763,10.881389727764,6.60166628732937,,20293470,5,rolling_v1|Chen2025_R|252|5|0.05|1|NA|1|TRUE|QS|20260821,ok,,2052.23999999999
gfc_2005_2010,The global financial crisis period,212,gfc_2005_2010_w0212,2009-03-13,2010-03-12,2009-09-10,252,349,Chen2025_R,1,0.05,TRUE,0.00314225754378683,12.1837569586569,6.60166628732937,,20293501,5,rolling_v1|Chen2025_R|252|5|0.05|1|NA|1|TRUE|QS|20260821,ok,,1942.773
gfc_2005_2010,The global financial crisis period,213,gfc_2005_2010_w0213,2009-03-20,2010-03-19,2009-09-17,252,349,Chen2025_R,1,0.05,TRUE,0.00249994149553335,12.6417491381289,6.60166628732937,,20293532,5,rolling_v1|Chen2025_R|252|5|0.05|1|NA|1|TRUE|QS|20260821,ok,,1817.219
gfc_2005_2010,The global financial crisis period,214,gfc_2005_2010_w0214,2009-03-27,2010-03-26,2009-09-24,252,349,Chen2025_R,1,0.05,TRUE,0.00853612908486013,10.1796044284879,6.60166628732937,,20293563,5,rolling_v1|Chen2025_R|252|5|0.05|1|NA|1|TRUE|QS|20260821,ok,,2044.542
gfc_2005_2010,The global financial crisis period,215,gfc_2005_2010_w0215,2009-04-03,2010-04-05,2009-10-01,252,349,Chen2025_R,1,0.05,TRUE,0.00330055944935733,12.0852972712876,6.60166628732937,,20293594,5,rolling_v1|Chen2025_R|252|5|0.05|1|NA|1|TRUE|QS|20260821,ok,,1885.41500000001
gfc_2005_2010,The global financial crisis period,216,gfc_2005_2010_w0216,2009-04-13,2010-04-12,2009-10-08,252,349,Chen2025_R,1,0.05,TRUE,0.00070338384870639,15.1797877990362,6.60166628732937,,20293625,5,rolling_v1|Chen2025_R|252|5|0.05|1|NA|1|TRUE|QS|20260821,ok,,1979.894
gfc_2005_2010,The global financial crisis period,217,gfc_2005_2010_w0217,2009-04-20,2010-04-19,2009-10-15,252,349,Chen2025_R,1,0.05,TRUE,0.000657902049100137,15.3135267053165,6.60166628732937,,20293656,5,rolling_v1|Chen2025_R|252|5|0.05|1|NA|1|TRUE|QS|20260821,ok,,1944.379
gfc_2005_2010,The global financial crisis period,218,gfc_2005_2010_w0218,2009-04-27,2010-04-26,2009-10-22,252,349,Chen2025_R,1,0.05,TRUE,0.00780017526129179,10.3606682958347,6.60166628732937,,20293687,5,rolling_v1|Chen2025_R|252|5|0.05|1|NA|1|TRUE|QS|20260821,ok,,1975.84199999999
gfc_2005_2010,The global financial crisis period,219,gfc_2005_2010_w0219,2009-05-04,2010-05-03,2009-10-29,252,349,Chen2025_R,1,0.05,TRUE,0.0188313030031906,8.58676451793586,6.60166628732937,,20293718,5,rolling_v1|Chen2025_R|252|5|0.05|1|NA|1|TRUE|QS|20260821,ok,,1821.107
gfc_2005_2010,The global financial crisis period,220,gfc_2005_2010_w0220,2009-05-11,2010-05-10,2009-11-05,252,349,Chen2025_R,1,0.05,FALSE,0.192085712388235,3.75139360562958,6.60166628732937,,20293469,5,rolling_v1|Chen2025_R|252|5|0.05|1|NA|1|TRUE|QS|20260821,ok,,1844.246
gfc_2005_2010,The global financial crisis period,221,gfc_2005_2010_w0221,2009-05-18,2010-05-17,2009-11-12,252,349,Chen2025_R,1,0.05,FALSE,0.404649625379864,1.97450061713697,6.60166628732937,,20293500,5,rolling_v1|Chen2025_R|252|5|0.05|1|NA|1|TRUE|QS|20260821,ok,,1913.431
gfc_2005_2010,The global financial crisis period,222,gfc_2005_2010_w0222,2009-05-26,2010-05-24,2009-11-19,252,349,Chen2025_R,1,0.05,FALSE,0.435217076985997,1.78090900493233,6.60166628732937,,20293531,5,rolling_v1|Chen2025_R|252|5|0.05|1|NA|1|TRUE|QS|20260821,ok,,1938.391
gfc_2005_2010,The global financial crisis period,223,gfc_2005_2010_w0223,2009-06-02,2010-06-01,2009-11-27,252,349,Chen2025_R,1,0.05,FALSE,0.238352273297828,3.26318959651048,6.60166628732937,,20293562,5,rolling_v1|Chen2025_R|252|5|0.05|1|NA|1|TRUE|QS|20260821,ok,,2235.91099999999
gfc_2005_2010,The global financial crisis period,224,gfc_2005_2010_w0224,2009-06-09,2010-06-08,2009-12-04,252,349,Chen2025_R,1,0.05,FALSE,0.348272033830127,2.35794175616558,6.60166628732937,,20293593,5,rolling_v1|Chen2025_R|252|5|0.05|1|NA|1|TRUE|QS|20260821,ok,,1808.02800000001
gfc_2005_2010,The global financial crisis period,225,gfc_2005_2010_w0225,2009-06-16,2010-06-15,2009-12-11,252,349,Chen2025_R,1,0.05,FALSE,0.161649585918343,4.13219538294314,6.60166628732937,,20293624,5,rolling_v1|Chen2025_R|252|5|0.05|1|NA|1|TRUE|QS|20260821,ok,,2039.399
gfc_2005_2010,The global financial crisis period,226,gfc_2005_2010_w0226,2009-06-23,2010-06-22,2009-12-18,252,349,Chen2025_R,1,0.05,FALSE,0.0712688413404926,5.87038745238631,6.60166628732937,,20293655,5,rolling_v1|Chen2025_R|252|5|0.05|1|NA|1|TRUE|QS|20260821,ok,,2174.25899999999
gfc_2005_2010,The global financial crisis period,227,gfc_2005_2010_w0227,2009-06-30,2010-06-29,2009-12-28,252,349,Chen2025_R,1,0.05,TRUE,0.0254961856996195,7.97395736532785,6.60166628732937,,20293686,5,rolling_v1|Chen2025_R|252|5|0.05|1|NA|1|TRUE|QS|20260821,ok,,1877.833
gfc_2005_2010,The global financial crisis period,228,gfc_2005_2010_w0228,2009-07-08,2010-07-07,2010-01-05,252,349,Chen2025_R,1,0.05,TRUE,0.0240642021275089,8.09102662134931,6.60166628732937,,20293717,5,rolling_v1|Chen2025_R|252|5|0.05|1|NA|1|TRUE|QS|20260821,ok,,1919.97
gfc_2005_2010,The global financial crisis period,229,gfc_2005_2010_w0229,2009-07-15,2010-07-14,2010-01-12,252,349,Chen2025_R,1,0.05,TRUE,0.0147670000580455,9.07713774276416,6.60166628732937,,20293748,5,rolling_v1|Chen2025_R|252|5|0.05|1|NA|1|TRUE|QS|20260821,ok,,1616.402
gfc_2005_2010,The global financial crisis period,230,gfc_2005_2010_w0230,2009-07-22,2010-07-21,2010-01-20,252,349,Chen2025_R,1,0.05,FALSE,0.0733571863379164,5.81040198199299,6.60166628732937,,20293499,5,rolling_v1|Chen2025_R|252|5|0.05|1|NA|1|TRUE|QS|20260821,ok,,2107.356
gfc_2005_2010,The global financial crisis period,231,gfc_2005_2010_w0231,2009-07-29,2010-07-28,2010-01-27,252,349,Chen2025_R,1,0.05,FALSE,0.132701591912954,4.55989716307065,6.60166628732937,,20293530,5,rolling_v1|Chen2025_R|252|5|0.05|1|NA|1|TRUE|QS|20260821,ok,,2202.465
gfc_2005_2010,The global financial crisis period,232,gfc_2005_2010_w0232,2009-08-05,2010-08-04,2010-02-03,252,349,Chen2025_R,1,0.05,FALSE,0.166541168563364,4.06689505927189,6.60166628732937,,20293561,5,rolling_v1|Chen2025_R|252|5|0.05|1|NA|1|TRUE|QS|20260821,ok,,2030.81299999999
gfc_2005_2010,The global financial crisis period,233,gfc_2005_2010_w0233,2009-08-12,2010-08-11,2010-02-10,252,349,Chen2025_R,1,0.05,FALSE,0.593714763544512,0.870442284398256,6.60166628732937,,20293592,5,rolling_v1|Chen2025_R|252|5|0.05|1|NA|1|TRUE|QS|20260821,ok,,2157.31200000001
gfc_2005_2010,The global financial crisis period,234,gfc_2005_2010_w0234,2009-08-19,2010-08-18,2010-02-18,252,349,Chen2025_R,1,0.05,FALSE,0.418713337428079,1.88436870703236,6.60166628732937,,20293623,5,rolling_v1|Chen2025_R|252|5|0.05|1|NA|1|TRUE|QS|20260821,ok,,2033.07700000001
gfc_2005_2010,The global financial crisis period,235,gfc_2005_2010_w0235,2009-08-26,2010-08-25,2010-02-25,252,349,Chen2025_R,1,0.05,FALSE,0.745184713712345,0.035722146061091,6.60166628732937,,20293654,5,rolling_v1|Chen2025_R|252|5|0.05|1|NA|1|TRUE|QS|20260821,ok,,2166.611
gfc_2005_2010,The global financial crisis period,236,gfc_2005_2010_w0236,2009-09-02,2010-09-01,2010-03-04,252,349,Chen2025_R,1,0.05,FALSE,0.728210769142139,0.132354121113967,6.60166628732937,,20293685,5,rolling_v1|Chen2025_R|252|5|0.05|1|NA|1|TRUE|QS|20260821,ok,,2150.89199999999
gfc_2005_2010,The global financial crisis period,237,gfc_2005_2010_w0237,2009-09-10,2010-09-09,2010-03-11,252,349,Chen2025_R,1,0.05,FALSE,0.617467252902761,0.740960288386689,6.60166628732937,,20293716,5,rolling_v1|Chen2025_R|252|5|0.05|1|NA|1|TRUE|QS|20260821,ok,,2040.792
gfc_2005_2010,The global financial crisis period,238,gfc_2005_2010_w0238,2009-09-17,2010-09-16,2010-03-18,252,349,Chen2025_R,1,0.05,FALSE,0.648393460020294,0.572777933083896,6.60166628732937,,20293747,5,rolling_v1|Chen2025_R|252|5|0.05|1|NA|1|TRUE|QS|20260821,ok,,1707.56
gfc_2005_2010,The global financial crisis period,239,gfc_2005_2010_w0239,2009-09-24,2010-09-23,2010-03-25,252,349,Chen2025_R,1,0.05,FALSE,0.586548326785793,0.909649835511144,6.60166628732937,,20293778,5,rolling_v1|Chen2025_R|252|5|0.05|1|NA|1|TRUE|QS|20260821,ok,,2232.50200000001
gfc_2005_2010,The global financial crisis period,240,gfc_2005_2010_w0240,2009-10-01,2010-09-30,2010-04-01,252,349,Chen2025_R,1,0.05,FALSE,0.487716975897749,1.46558290826979,6.60166628732937,,20293529,5,rolling_v1|Chen2025_R|252|5|0.05|1|NA|1|TRUE|QS|20260821,ok,,2139.162
gfc_2005_2010,The global financial crisis period,241,gfc_2005_2010_w0241,2009-10-08,2010-10-07,2010-04-09,252,349,Chen2025_R,1,0.05,FALSE,0.540614719057116,1.16367772701329,6.60166628732937,,20293560,5,rolling_v1|Chen2025_R|252|5|0.05|1|NA|1|TRUE|QS|20260821,ok,,2189.394
gfc_2005_2010,The global financial crisis period,242,gfc_2005_2010_w0242,2009-10-15,2010-10-14,2010-04-16,252,349,Chen2025_R,1,0.05,FALSE,0.338993071363008,2.42509808538628,6.60166628732937,,20293591,5,rolling_v1|Chen2025_R|252|5|0.05|1|NA|1|TRUE|QS|20260821,ok,,1760.32400000001
gfc_2005_2010,The global financial crisis period,243,gfc_2005_2010_w0243,2009-10-22,2010-10-21,2010-04-23,252,349,Chen2025_R,1,0.05,FALSE,0.310314532685624,2.64158294313147,6.60166628732937,,20293622,5,rolling_v1|Chen2025_R|252|5|0.05|1|NA|1|TRUE|QS|20260821,ok,,1733.856
gfc_2005_2010,The global financial crisis period,244,gfc_2005_2010_w0244,2009-10-29,2010-10-28,2010-04-30,252,349,Chen2025_R,1,0.05,FALSE,0.066317691642566,6.0196462655706,6.60166628732937,,20293653,5,rolling_v1|Chen2025_R|252|5|0.05|1|NA|1|TRUE|QS|20260821,ok,,1891.51700000001
gfc_2005_2010,The global financial crisis period,245,gfc_2005_2010_w0245,2009-11-05,2010-11-04,2010-05-07,252,349,Chen2025_R,1,0.05,FALSE,0.476348226045446,1.53231519520596,6.60166628732937,,20293684,5,rolling_v1|Chen2025_R|252|5|0.05|1|NA|1|TRUE|QS|20260821,ok,,1827.436
gfc_2005_2010,The global financial crisis period,246,gfc_2005_2010_w0246,2009-11-12,2010-11-11,2010-05-14,252,349,Chen2025_R,1,0.05,FALSE,0.840018339589291,-0.550300525507391,6.60166628732937,,20293715,5,rolling_v1|Chen2025_R|252|5|0.05|1|NA|1|TRUE|QS|20260821,ok,,1869.05100000001
gfc_2005_2010,The global financial crisis period,247,gfc_2005_2010_w0247,2009-11-19,2010-11-18,2010-05-21,252,349,Chen2025_R,1,0.05,FALSE,0.826207827024874,-0.457835899410351,6.60166628732937,,20293746,5,rolling_v1|Chen2025_R|252|5|0.05|1|NA|1|TRUE|QS|20260821,ok,,1926.36900000001
gfc_2005_2010,The global financial crisis period,248,gfc_2005_2010_w0248,2009-11-27,2010-11-26,2010-05-28,252,349,Chen2025_R,1,0.05,FALSE,0.632352500291285,0.660014824634691,6.60166628732937,,20293777,5,rolling_v1|Chen2025_R|252|5|0.05|1|NA|1|TRUE|QS|20260821,ok,,1834.113
gfc_2005_2010,The global financial crisis period,249,gfc_2005_2010_w0249,2009-12-04,2010-12-03,2010-06-07,252,349,Chen2025_R,1,0.05,FALSE,0.807281119185416,-0.336055463892463,6.60166628732937,,20293808,5,rolling_v1|Chen2025_R|252|5|0.05|1|NA|1|TRUE|QS|20260821,ok,,1922.93700000001
gfc_2005_2010,The global financial crisis period,250,gfc_2005_2010_w0250,2009-12-11,2010-12-10,2010-06-14,252,349,Chen2025_R,1,0.05,FALSE,0.708479698561036,0.242950231468162,6.60166628732937,,20293559,5,rolling_v1|Chen2025_R|252|5|0.05|1|NA|1|TRUE|QS|20260821,ok,,1802.905
gfc_2005_2010,The global financial crisis period,251,gfc_2005_2010_w0251,2009-12-18,2010-12-17,2010-06-21,252,349,Chen2025_R,1,0.05,FALSE,0.805693427971301,-0.326064543223754,6.60166628732937,,20293590,5,rolling_v1|Chen2025_R|252|5|0.05|1|NA|1|TRUE|QS|20260821,ok,,1945.27500000001
gfc_2005_2010,The global financial crisis period,252,gfc_2005_2010_w0252,2009-12-28,2010-12-27,2010-06-28,252,349,Chen2025_R,1,0.05,FALSE,0.706032667407188,0.256559123857163,6.60166628732937,,20293621,5,rolling_v1|Chen2025_R|252|5|0.05|1|NA|1|TRUE|QS|20260821,ok,,1766.54699999999
gfc_2005_2010,The global financial crisis period,1,gfc_2005_2010_w0001,2005-01-03,2005-12-30,2005-07-01,252,349,Chen2025_tau_star,1,0.05,TRUE,3.2420669040693e-05,21.3346721785465,6.60166628732937,,20314342,5,rolling_v1|Chen2025_tau_star|252|5|0.05|1|NA|1|TRUE|QS|20260821,ok,,90.1649999999936
gfc_2005_2010,The global financial crisis period,2,gfc_2005_2010_w0002,2005-01-10,2006-01-09,2005-07-11,252,349,Chen2025_tau_star,1,0.05,TRUE,0.000103372517916218,19.0155152430597,6.60166628732937,,20314380,5,rolling_v1|Chen2025_tau_star|252|5|0.05|1|NA|1|TRUE|QS|20260821,ok,,116.073000000004
gfc_2005_2010,The global financial crisis period,3,gfc_2005_2010_w0003,2005-01-18,2006-01-17,2005-07-18,252,349,Chen2025_tau_star,1,0.05,TRUE,0.000229287798894041,17.4221116390319,6.60166628732937,,20314418,5,rolling_v1|Chen2025_tau_star|252|5|0.05|1|NA|1|TRUE|QS|20260821,ok,,134.277000000002
gfc_2005_2010,The global financial crisis period,4,gfc_2005_2010_w0004,2005-01-25,2006-01-24,2005-07-25,252,349,Chen2025_tau_star,1,0.05,TRUE,0.000123857985822361,18.6539017734961,6.60166628732937,,20314456,5,rolling_v1|Chen2025_tau_star|252|5|0.05|1|NA|1|TRUE|QS|20260821,ok,,90.101999999999
gfc_2005_2010,The global financial crisis period,5,gfc_2005_2010_w0005,2005-02-01,2006-01-31,2005-08-01,252,349,Chen2025_tau_star,1,0.05,TRUE,5.73175394856289e-05,20.1950262340501,6.60166628732937,,20314494,5,rolling_v1|Chen2025_tau_star|252|5|0.05|1|NA|1|TRUE|QS|20260821,ok,,89.4799999999959
gfc_2005_2010,The global financial crisis period,6,gfc_2005_2010_w0006,2005-02-08,2006-02-07,2005-08-08,252,349,Chen2025_tau_star,1,0.05,TRUE,3.08999189770921e-05,21.4307588812574,6.60166628732937,,20314532,5,rolling_v1|Chen2025_tau_star|252|5|0.05|1|NA|1|TRUE|QS|20260821,ok,,88.4979999999923
gfc_2005_2010,The global financial crisis period,7,gfc_2005_2010_w0007,2005-02-15,2006-02-14,2005-08-15,252,349,Chen2025_tau_star,1,0.05,TRUE,2.02783360991153e-05,22.2731703687416,6.60166628732937,,20314570,5,rolling_v1|Chen2025_tau_star|252|5|0.05|1|NA|1|TRUE|QS|20260821,ok,,132.146999999997
gfc_2005_2010,The global financial crisis period,8,gfc_2005_2010_w0008,2005-02-23,2006-02-22,2005-08-22,252,349,Chen2025_tau_star,1,0.05,TRUE,4.81881252234318e-06,25.1472370202501,6.60166628732937,,20314608,5,rolling_v1|Chen2025_tau_star|252|5|0.05|1|NA|1|TRUE|QS|20260821,ok,,134.286000000007
gfc_2005_2010,The global financial crisis period,9,gfc_2005_2010_w0009,2005-03-02,2006-03-01,2005-08-29,252,349,Chen2025_tau_star,1,0.05,TRUE,6.49585300022301e-07,29.1551384949216,6.60166628732937,,20314646,5,rolling_v1|Chen2025_tau_star|252|5|0.05|1|NA|1|TRUE|QS|20260821,ok,,130.499000000011
gfc_2005_2010,The global financial crisis period,10,gfc_2005_2010_w0010,2005-03-09,2006-03-08,2005-09-06,252,349,Chen2025_tau_star,1,0.05,TRUE,1.66682117765308e-08,36.4808006083599,6.60166628732937,,20314341,5,rolling_v1|Chen2025_tau_star|252|5|0.05|1|NA|1|TRUE|QS|20260821,ok,,102.860000000001
gfc_2005_2010,The global financial crisis period,11,gfc_2005_2010_w0011,2005-03-16,2006-03-15,2005-09-13,252,349,Chen2025_tau_star,1,0.05,TRUE,9.69370271283946e-08,32.9596842405673,6.60166628732937,,20314379,5,rolling_v1|Chen2025_tau_star|252|5|0.05|1|NA|1|TRUE|QS|20260821,ok,,123.016999999993
gfc_2005_2010,The global financial crisis period,12,gfc_2005_2010_w0012,2005-03-23,2006-03-22,2005-09-20,252,349,Chen2025_tau_star,1,0.05,TRUE,6.76371011629734e-07,29.0743232682455,6.60166628732937,,20314417,5,rolling_v1|Chen2025_tau_star|252|5|0.05|1|NA|1|TRUE|QS|20260821,ok,,135.672999999995
gfc_2005_2010,The global financial crisis period,13,gfc_2005_2010_w0013,2005-03-31,2006-03-29,2005-09-27,252,349,Chen2025_tau_star,1,0.05,TRUE,1.10303243130936e-06,28.0961695168244,6.60166628732937,,20314455,5,rolling_v1|Chen2025_tau_star|252|5|0.05|1|NA|1|TRUE|QS|20260821,ok,,129.260999999999
gfc_2005_2010,The global financial crisis period,14,gfc_2005_2010_w0014,2005-04-07,2006-04-05,2005-10-04,252,349,Chen2025_tau_star,1,0.05,TRUE,2.06120836203789e-06,26.8457100552791,6.60166628732937,,20314493,5,rolling_v1|Chen2025_tau_star|252|5|0.05|1|NA|1|TRUE|QS|20260821,ok,,101.857000000004
gfc_2005_2010,The global financial crisis period,15,gfc_2005_2010_w0015,2005-04-14,2006-04-12,2005-10-11,252,349,Chen2025_tau_star,1,0.05,TRUE,4.83411000000883e-06,25.1408979960414,6.60166628732937,,20314531,5,rolling_v1|Chen2025_tau_star|252|5|0.05|1|NA|1|TRUE|QS|20260821,ok,,117.922000000006
gfc_2005_2010,The global financial crisis period,16,gfc_2005_2010_w0016,2005-04-21,2006-04-20,2005-10-18,252,349,Chen2025_tau_star,1,0.05,TRUE,1.57076990202406e-05,22.783979246151,6.60166628732937,,20314569,5,rolling_v1|Chen2025_tau_star|252|5|0.05|1|NA|1|TRUE|QS|20260821,ok,,133.117999999988
gfc_2005_2010,The global financial crisis period,17,gfc_2005_2010_w0017,2005-04-28,2006-04-27,2005-10-25,252,349,Chen2025_tau_star,1,0.05,TRUE,0.000574350065434332,15.5852442565735,6.60166628732937,,20314607,5,rolling_v1|Chen2025_tau_star|252|5|0.05|1|NA|1|TRUE|QS|20260821,ok,,134.703000000009
gfc_2005_2010,The global financial crisis period,18,gfc_2005_2010_w0018,2005-05-05,2006-05-04,2005-11-01,252,349,Chen2025_tau_star,1,0.05,TRUE,0.00553228602290024,11.050039034493,6.60166628732937,,20314645,5,rolling_v1|Chen2025_tau_star|252|5|0.05|1|NA|1|TRUE|QS|20260821,ok,,89.0869999999995
gfc_2005_2010,The global financial crisis period,19,gfc_2005_2010_w0019,2005-05-12,2006-05-11,2005-11-08,252,349,Chen2025_tau_star,1,0.05,TRUE,0.019919108588446,8.4733409105682,6.60166628732937,,20314683,5,rolling_v1|Chen2025_tau_star|252|5|0.05|1|NA|1|TRUE|QS|20260821,ok,,132.261999999988
gfc_2005_2010,The global financial crisis period,20,gfc_2005_2010_w0020,2005-05-19,2006-05-18,2005-11-15,252,349,Chen2025_tau_star,1,0.05,TRUE,0.0131812858551158,9.30593591839548,6.60166628732937,,20314378,5,rolling_v1|Chen2025_tau_star|252|5|0.05|1|NA|1|TRUE|QS|20260821,ok,,135.638999999996
gfc_2005_2010,The global financial crisis period,21,gfc_2005_2010_w0021,2005-05-26,2006-05-25,2005-11-22,252,349,Chen2025_tau_star,1,0.05,TRUE,0.00385631325998026,11.7735005971204,6.60166628732937,,20314416,5,rolling_v1|Chen2025_tau_star|252|5|0.05|1|NA|1|TRUE|QS|20260821,ok,,102.644
gfc_2005_2010,The global financial crisis period,22,gfc_2005_2010_w0022,2005-06-03,2006-06-02,2005-11-30,252,349,Chen2025_tau_star,1,0.05,TRUE,0.0217348604168076,8.29701716052085,6.60166628732937,,20314454,5,rolling_v1|Chen2025_tau_star|252|5|0.05|1|NA|1|TRUE|QS|20260821,ok,,90.8690000000061
gfc_2005_2010,The global financial crisis period,23,gfc_2005_2010_w0023,2005-06-10,2006-06-09,2005-12-07,252,349,Chen2025_tau_star,1,0.05,FALSE,0.0598560469819803,6.23149660807709,6.60166628732937,,20314492,5,rolling_v1|Chen2025_tau_star|252|5|0.05|1|NA|1|TRUE|QS|20260821,ok,,120.892000000007
gfc_2005_2010,The global financial crisis period,24,gfc_2005_2010_w0024,2005-06-17,2006-06-16,2005-12-14,252,349,Chen2025_tau_star,1,0.05,FALSE,0.283029333936935,2.86218164486376,6.60166628732937,,20314530,5,rolling_v1|Chen2025_tau_star|252|5|0.05|1|NA|1|TRUE|QS|20260821,ok,,104.683999999994
gfc_2005_2010,The global financial crisis period,25,gfc_2005_2010_w0025,2005-06-24,2006-06-23,2005-12-21,252,349,Chen2025_tau_star,1,0.05,FALSE,0.142127495765532,4.4119955543331,6.60166628732937,,20314568,5,rolling_v1|Chen2025_tau_star|252|5|0.05|1|NA|1|TRUE|QS|20260821,ok,,96.4389999999985
gfc_2005_2010,The global financial crisis period,26,gfc_2005_2010_w0026,2005-07-01,2006-06-30,2005-12-29,252,349,Chen2025_tau_star,1,0.05,FALSE,0.247080495468384,3.18026826544937,6.60166628732937,,20314606,5,rolling_v1|Chen2025_tau_star|252|5|0.05|1|NA|1|TRUE|QS|20260821,ok,,89.1699999999983
gfc_2005_2010,The global financial crisis period,27,gfc_2005_2010_w0027,2005-07-11,2006-07-10,2006-01-06,252,349,Chen2025_tau_star,1,0.05,FALSE,0.0747456407860859,5.77142087286382,6.60166628732937,,20314644,5,rolling_v1|Chen2025_tau_star|252|5|0.05|1|NA|1|TRUE|QS|20260821,ok,,114.134000000005
gfc_2005_2010,The global financial crisis period,28,gfc_2005_2010_w0028,2005-07-18,2006-07-17,2006-01-13,252,349,Chen2025_tau_star,1,0.05,TRUE,0.0467120021530534,6.74113655769121,6.60166628732937,,20314682,5,rolling_v1|Chen2025_tau_star|252|5|0.05|1|NA|1|TRUE|QS|20260821,ok,,87.9550000000018
gfc_2005_2010,The global financial crisis period,29,gfc_2005_2010_w0029,2005-07-25,2006-07-24,2006-01-23,252,349,Chen2025_tau_star,1,0.05,FALSE,0.0552829909144561,6.39525543175181,6.60166628732937,,20314720,5,rolling_v1|Chen2025_tau_star|252|5|0.05|1|NA|1|TRUE|QS|20260821,ok,,88.5199999999895
gfc_2005_2010,The global financial crisis period,30,gfc_2005_2010_w0030,2005-08-01,2006-07-31,2006-01-30,252,349,Chen2025_tau_star,1,0.05,TRUE,0.0245577216771223,8.04992090754371,6.60166628732937,,20314415,5,rolling_v1|Chen2025_tau_star|252|5|0.05|1|NA|1|TRUE|QS|20260821,ok,,101.470000000001
gfc_2005_2010,The global financial crisis period,31,gfc_2005_2010_w0031,2005-08-08,2006-08-07,2006-02-06,252,349,Chen2025_tau_star,1,0.05,FALSE,0.0618321369465762,6.1644529429171,6.60166628732937,,20314453,5,rolling_v1|Chen2025_tau_star|252|5|0.05|1|NA|1|TRUE|QS|20260821,ok,,132.357000000004
gfc_2005_2010,The global financial crisis period,32,gfc_2005_2010_w0032,2005-08-15,2006-08-14,2006-02-13,252,349,Chen2025_tau_star,1,0.05,FALSE,0.0578638033934641,6.30129290965814,6.60166628732937,,20314491,5,rolling_v1|Chen2025_tau_star|252|5|0.05|1|NA|1|TRUE|QS|20260821,ok,,132.375
gfc_2005_2010,The global financial crisis period,33,gfc_2005_2010_w0033,2005-08-22,2006-08-21,2006-02-21,252,349,Chen2025_tau_star,1,0.05,FALSE,0.23697835270281,3.27647227991028,6.60166628732937,,20314529,5,rolling_v1|Chen2025_tau_star|252|5|0.05|1|NA|1|TRUE|QS|20260821,ok,,117.398000000001
gfc_2005_2010,The global financial crisis period,34,gfc_2005_2010_w0034,2005-08-29,2006-08-28,2006-02-28,252,349,Chen2025_tau_star,1,0.05,FALSE,0.197870633915777,3.68512357154313,6.60166628732937,,20314567,5,rolling_v1|Chen2025_tau_star|252|5|0.05|1|NA|1|TRUE|QS|20260821,ok,,87.7189999999973
gfc_2005_2010,The global financial crisis period,35,gfc_2005_2010_w0035,2005-09-06,2006-09-05,2006-03-07,252,349,Chen2025_tau_star,1,0.05,FALSE,0.177980110981368,3.92065204802317,6.60166628732937,,20314605,5,rolling_v1|Chen2025_tau_star|252|5|0.05|1|NA|1|TRUE|QS|20260821,ok,,90.2899999999936
gfc_2005_2010,The global financial crisis period,36,gfc_2005_2010_w0036,2005-09-13,2006-09-12,2006-03-14,252,349,Chen2025_tau_star,1,0.05,FALSE,0.355012833959528,2.30995334027206,6.60166628732937,,20314643,5,rolling_v1|Chen2025_tau_star|252|5|0.05|1|NA|1|TRUE|QS|20260821,ok,,134.671999999991
gfc_2005_2010,The global financial crisis period,37,gfc_2005_2010_w0037,2005-09-20,2006-09-19,2006-03-21,252,349,Chen2025_tau_star,1,0.05,FALSE,0.490476622101463,1.44949679180526,6.60166628732937,,20314681,5,rolling_v1|Chen2025_tau_star|252|5|0.05|1|NA|1|TRUE|QS|20260821,ok,,134.15400000001
gfc_2005_2010,The global financial crisis period,38,gfc_2005_2010_w0038,2005-09-27,2006-09-26,2006-03-28,252,349,Chen2025_tau_star,1,0.05,FALSE,0.391044402623983,2.06359447543817,6.60166628732937,,20314719,5,rolling_v1|Chen2025_tau_star|252|5|0.05|1|NA|1|TRUE|QS|20260821,ok,,99.8540000000066
gfc_2005_2010,The global financial crisis period,39,gfc_2005_2010_w0039,2005-10-04,2006-10-03,2006-04-04,252,349,Chen2025_tau_star,1,0.05,FALSE,0.560904764095756,1.05077929157936,6.60166628732937,,20314757,5,rolling_v1|Chen2025_tau_star|252|5|0.05|1|NA|1|TRUE|QS|20260821,ok,,87.843000000008
gfc_2005_2010,The global financial crisis period,40,gfc_2005_2010_w0040,2005-10-11,2006-10-10,2006-04-11,252,349,Chen2025_tau_star,1,0.05,FALSE,0.419141120272737,1.88165652020931,6.60166628732937,,20314452,5,rolling_v1|Chen2025_tau_star|252|5|0.05|1|NA|1|TRUE|QS|20260821,ok,,88.4210000000021
gfc_2005_2010,The global financial crisis period,41,gfc_2005_2010_w0041,2005-10-18,2006-10-17,2006-04-19,252,349,Chen2025_tau_star,1,0.05,FALSE,0.470902408694266,1.56455867008851,6.60166628732937,,20314490,5,rolling_v1|Chen2025_tau_star|252|5|0.05|1|NA|1|TRUE|QS|20260821,ok,,114.601999999999
gfc_2005_2010,The global financial crisis period,42,gfc_2005_2010_w0042,2005-10-25,2006-10-24,2006-04-26,252,349,Chen2025_tau_star,1,0.05,FALSE,0.448413280073714,1.69981073849837,6.60166628732937,,20314528,5,rolling_v1|Chen2025_tau_star|252|5|0.05|1|NA|1|TRUE|QS|20260821,ok,,109.505000000005
gfc_2005_2010,The global financial crisis period,43,gfc_2005_2010_w0043,2005-11-01,2006-10-31,2006-05-03,252,349,Chen2025_tau_star,1,0.05,FALSE,0.647878009606385,0.575582909724287,6.60166628732937,,20314566,5,rolling_v1|Chen2025_tau_star|252|5|0.05|1|NA|1|TRUE|QS|20260821,ok,,91.4229999999952
gfc_2005_2010,The global financial crisis period,44,gfc_2005_2010_w0044,2005-11-08,2006-11-07,2006-05-10,252,349,Chen2025_tau_star,1,0.05,FALSE,0.65649988000412,0.528637261173008,6.60166628732937,,20314604,5,rolling_v1|Chen2025_tau_star|252|5|0.05|1|NA|1|TRUE|QS|20260821,ok,,131.75499999999
gfc_2005_2010,The global financial crisis period,45,gfc_2005_2010_w0045,2005-11-15,2006-11-14,2006-05-17,252,349,Chen2025_tau_star,1,0.05,FALSE,0.541047924456591,1.16125344249415,6.60166628732937,,20314642,5,rolling_v1|Chen2025_tau_star|252|5|0.05|1|NA|1|TRUE|QS|20260821,ok,,105.21699999999
gfc_2005_2010,The global financial crisis period,46,gfc_2005_2010_w0046,2005-11-22,2006-11-21,2006-05-24,252,349,Chen2025_tau_star,1,0.05,FALSE,0.737472938942995,0.0798192642602631,6.60166628732937,,20314680,5,rolling_v1|Chen2025_tau_star|252|5|0.05|1|NA|1|TRUE|QS|20260821,ok,,104.650999999998
gfc_2005_2010,The global financial crisis period,47,gfc_2005_2010_w0047,2005-11-30,2006-11-29,2006-06-01,252,349,Chen2025_tau_star,1,0.05,FALSE,0.855363737411592,-0.657422239294042,6.60166628732937,,20314718,5,rolling_v1|Chen2025_tau_star|252|5|0.05|1|NA|1|TRUE|QS|20260821,ok,,132.705999999991
gfc_2005_2010,The global financial crisis period,48,gfc_2005_2010_w0048,2005-12-07,2006-12-06,2006-06-08,252,349,Chen2025_tau_star,1,0.05,FALSE,0.958688471419183,-1.65664182926182,6.60166628732937,,20314756,5,rolling_v1|Chen2025_tau_star|252|5|0.05|1|NA|1|TRUE|QS|20260821,ok,,130.672999999995
gfc_2005_2010,The global financial crisis period,49,gfc_2005_2010_w0049,2005-12-14,2006-12-13,2006-06-15,252,349,Chen2025_tau_star,1,0.05,FALSE,0.951523222486387,-1.55365049211879,6.60166628732937,,20314794,5,rolling_v1|Chen2025_tau_star|252|5|0.05|1|NA|1|TRUE|QS|20260821,ok,,87.7070000000094
gfc_2005_2010,The global financial crisis period,50,gfc_2005_2010_w0050,2005-12-21,2006-12-20,2006-06-22,252,349,Chen2025_tau_star,1,0.05,FALSE,0.963309173038445,-1.72973542896067,6.60166628732937,,20314489,5,rolling_v1|Chen2025_tau_star|252|5|0.05|1|NA|1|TRUE|QS|20260821,ok,,120.138999999996
gfc_2005_2010,The global financial crisis period,51,gfc_2005_2010_w0051,2005-12-29,2006-12-28,2006-06-29,252,349,Chen2025_tau_star,1,0.05,FALSE,0.958485435793573,-1.65356239582271,6.60166628732937,,20314527,5,rolling_v1|Chen2025_tau_star|252|5|0.05|1|NA|1|TRUE|QS|20260821,ok,,132.194000000003
gfc_2005_2010,The global financial crisis period,52,gfc_2005_2010_w0052,2006-01-06,2007-01-08,2006-07-07,252,349,Chen2025_tau_star,1,0.05,FALSE,0.514223886231331,1.31271548093925,6.60166628732937,,20314565,5,rolling_v1|Chen2025_tau_star|252|5|0.05|1|NA|1|TRUE|QS|20260821,ok,,118.875999999989
gfc_2005_2010,The global financial crisis period,53,gfc_2005_2010_w0053,2006-01-13,2007-01-16,2006-07-14,252,349,Chen2025_tau_star,1,0.05,FALSE,0.595430879418826,0.861065243203595,6.60166628732937,,20314603,5,rolling_v1|Chen2025_tau_star|252|5|0.05|1|NA|1|TRUE|QS|20260821,ok,,104.328000000009
gfc_2005_2010,The global financial crisis period,54,gfc_2005_2010_w0054,2006-01-23,2007-01-23,2006-07-21,252,349,Chen2025_tau_star,1,0.05,FALSE,0.413658079793948,1.9165483864418,6.60166628732937,,20314641,5,rolling_v1|Chen2025_tau_star|252|5|0.05|1|NA|1|TRUE|QS|20260821,ok,,132.906000000003
gfc_2005_2010,The global financial crisis period,55,gfc_2005_2010_w0055,2006-01-30,2007-01-30,2006-07-28,252,349,Chen2025_tau_star,1,0.05,FALSE,0.886829503757364,-0.896327618293692,6.60166628732937,,20314679,5,rolling_v1|Chen2025_tau_star|252|5|0.05|1|NA|1|TRUE|QS|20260821,ok,,132.524000000005
gfc_2005_2010,The global financial crisis period,56,gfc_2005_2010_w0056,2006-02-06,2007-02-06,2006-08-04,252,349,Chen2025_tau_star,1,0.05,FALSE,0.913825564324191,-1.13202787269346,6.60166628732937,,20314717,5,rolling_v1|Chen2025_tau_star|252|5|0.05|1|NA|1|TRUE|QS|20260821,ok,,98.4119999999966
gfc_2005_2010,The global financial crisis period,57,gfc_2005_2010_w0057,2006-02-13,2007-02-13,2006-08-11,252,349,Chen2025_tau_star,1,0.05,FALSE,0.896491526633758,-0.976610752389152,6.60166628732937,,20314755,5,rolling_v1|Chen2025_tau_star|252|5|0.05|1|NA|1|TRUE|QS|20260821,ok,,105.763999999996
gfc_2005_2010,The global financial crisis period,58,gfc_2005_2010_w0058,2006-02-21,2007-02-21,2006-08-18,252,349,Chen2025_tau_star,1,0.05,FALSE,0.831917164723894,-0.495653525664994,6.60166628732937,,20314793,5,rolling_v1|Chen2025_tau_star|252|5|0.05|1|NA|1|TRUE|QS|20260821,ok,,87.528999999995
gfc_2005_2010,The global financial crisis period,59,gfc_2005_2010_w0059,2006-02-28,2007-02-28,2006-08-25,252,349,Chen2025_tau_star,1,0.05,FALSE,0.56361152517798,1.03580947433049,6.60166628732937,,20314831,5,rolling_v1|Chen2025_tau_star|252|5|0.05|1|NA|1|TRUE|QS|20260821,ok,,134.274999999994
gfc_2005_2010,The global financial crisis period,60,gfc_2005_2010_w0060,2006-03-07,2007-03-07,2006-09-01,252,349,Chen2025_tau_star,1,0.05,FALSE,0.456453184814016,1.65105094752649,6.60166628732937,,20314526,5,rolling_v1|Chen2025_tau_star|252|5|0.05|1|NA|1|TRUE|QS|20260821,ok,,104.513000000006
gfc_2005_2010,The global financial crisis period,61,gfc_2005_2010_w0061,2006-03-14,2007-03-14,2006-09-11,252,349,Chen2025_tau_star,1,0.05,FALSE,0.594861850748335,0.864174004580222,6.60166628732937,,20314564,5,rolling_v1|Chen2025_tau_star|252|5|0.05|1|NA|1|TRUE|QS|20260821,ok,,134.873999999996
gfc_2005_2010,The global financial crisis period,62,gfc_2005_2010_w0062,2006-03-21,2007-03-21,2006-09-18,252,349,Chen2025_tau_star,1,0.05,FALSE,0.82599774003556,-0.456454642323116,6.60166628732937,,20314602,5,rolling_v1|Chen2025_tau_star|252|5|0.05|1|NA|1|TRUE|QS|20260821,ok,,124.5
gfc_2005_2010,The global financial crisis period,63,gfc_2005_2010_w0063,2006-03-28,2007-03-28,2006-09-25,252,349,Chen2025_tau_star,1,0.05,FALSE,0.669136393615299,0.459687280074534,6.60166628732937,,20314640,5,rolling_v1|Chen2025_tau_star|252|5|0.05|1|NA|1|TRUE|QS|20260821,ok,,88.544000000009
gfc_2005_2010,The global financial crisis period,64,gfc_2005_2010_w0064,2006-04-04,2007-04-04,2006-10-02,252,349,Chen2025_tau_star,1,0.05,FALSE,0.764254876902491,-0.0749484517133459,6.60166628732937,,20314678,5,rolling_v1|Chen2025_tau_star|252|5|0.05|1|NA|1|TRUE|QS|20260821,ok,,132.474000000002
gfc_2005_2010,The global financial crisis period,65,gfc_2005_2010_w0065,2006-04-11,2007-04-12,2006-10-09,252,349,Chen2025_tau_star,1,0.05,FALSE,0.442896128990963,1.73355043575704,6.60166628732937,,20314716,5,rolling_v1|Chen2025_tau_star|252|5|0.05|1|NA|1|TRUE|QS|20260821,ok,,132.027000000002
gfc_2005_2010,The global financial crisis period,66,gfc_2005_2010_w0066,2006-04-19,2007-04-19,2006-10-16,252,349,Chen2025_tau_star,1,0.05,FALSE,0.7531763728963,-0.0103557641885734,6.60166628732937,,20314754,5,rolling_v1|Chen2025_tau_star|252|5|0.05|1|NA|1|TRUE|QS|20260821,ok,,114.192999999999
gfc_2005_2010,The global financial crisis period,67,gfc_2005_2010_w0067,2006-04-26,2007-04-26,2006-10-23,252,349,Chen2025_tau_star,1,0.05,FALSE,0.365755566353205,2.23478164671498,6.60166628732937,,20314792,5,rolling_v1|Chen2025_tau_star|252|5|0.05|1|NA|1|TRUE|QS|20260821,ok,,114.607999999993
gfc_2005_2010,The global financial crisis period,68,gfc_2005_2010_w0068,2006-05-03,2007-05-03,2006-10-30,252,349,Chen2025_tau_star,1,0.05,FALSE,0.577492937508815,0.959322213290577,6.60166628732937,,20314830,5,rolling_v1|Chen2025_tau_star|252|5|0.05|1|NA|1|TRUE|QS|20260821,ok,,87.5219999999972
gfc_2005_2010,The global financial crisis period,69,gfc_2005_2010_w0069,2006-05-10,2007-05-10,2006-11-06,252,349,Chen2025_tau_star,1,0.05,FALSE,0.671181102554123,0.448509146175842,6.60166628732937,,20314868,5,rolling_v1|Chen2025_tau_star|252|5|0.05|1|NA|1|TRUE|QS|20260821,ok,,88.2630000000063
gfc_2005_2010,The global financial crisis period,70,gfc_2005_2010_w0070,2006-05-17,2007-05-17,2006-11-13,252,349,Chen2025_tau_star,1,0.05,FALSE,0.96053089401067,-1.68507316983023,6.60166628732937,,20314563,5,rolling_v1|Chen2025_tau_star|252|5|0.05|1|NA|1|TRUE|QS|20260821,ok,,116.532000000007
gfc_2005_2010,The global financial crisis period,71,gfc_2005_2010_w0071,2006-05-24,2007-05-24,2006-11-20,252,349,Chen2025_tau_star,1,0.05,FALSE,0.663120431139673,0.492538759797029,6.60166628732937,,20314601,5,rolling_v1|Chen2025_tau_star|252|5|0.05|1|NA|1|TRUE|QS|20260821,ok,,105.260999999999
gfc_2005_2010,The global financial crisis period,72,gfc_2005_2010_w0072,2006-06-01,2007-06-01,2006-11-28,252,349,Chen2025_tau_star,1,0.05,FALSE,0.401577058456729,1.99445176789316,6.60166628732937,,20314639,5,rolling_v1|Chen2025_tau_star|252|5|0.05|1|NA|1|TRUE|QS|20260821,ok,,126.356
gfc_2005_2010,The global financial crisis period,73,gfc_2005_2010_w0073,2006-06-08,2007-06-08,2006-12-05,252,349,Chen2025_tau_star,1,0.05,FALSE,0.539893725440396,1.16771396815823,6.60166628732937,,20314677,5,rolling_v1|Chen2025_tau_star|252|5|0.05|1|NA|1|TRUE|QS|20260821,ok,,87.5769999999902
gfc_2005_2010,The global financial crisis period,74,gfc_2005_2010_w0074,2006-06-15,2007-06-15,2006-12-12,252,349,Chen2025_tau_star,1,0.05,FALSE,0.402402787881555,1.9890805656225,6.60166628732937,,20314715,5,rolling_v1|Chen2025_tau_star|252|5|0.05|1|NA|1|TRUE|QS|20260821,ok,,102.679999999993
gfc_2005_2010,The global financial crisis period,75,gfc_2005_2010_w0075,2006-06-22,2007-06-22,2006-12-19,252,349,Chen2025_tau_star,1,0.05,FALSE,0.240152379041907,3.24588324108182,6.60166628732937,,20314753,5,rolling_v1|Chen2025_tau_star|252|5|0.05|1|NA|1|TRUE|QS|20260821,ok,,88.5959999999905
gfc_2005_2010,The global financial crisis period,76,gfc_2005_2010_w0076,2006-06-29,2007-06-29,2006-12-27,252,349,Chen2025_tau_star,1,0.05,FALSE,0.14433403887834,4.37867482761036,6.60166628732937,,20314791,5,rolling_v1|Chen2025_tau_star|252|5|0.05|1|NA|1|TRUE|QS|20260821,ok,,113.697999999989
gfc_2005_2010,The global financial crisis period,77,gfc_2005_2010_w0077,2006-07-07,2007-07-09,2007-01-05,252,349,Chen2025_tau_star,1,0.05,FALSE,0.0636310432895946,6.10519794002011,6.60166628732937,,20314829,5,rolling_v1|Chen2025_tau_star|252|5|0.05|1|NA|1|TRUE|QS|20260821,ok,,135.495999999999
gfc_2005_2010,The global financial crisis period,78,gfc_2005_2010_w0078,2006-07-14,2007-07-16,2007-01-12,252,349,Chen2025_tau_star,1,0.05,TRUE,0.0223749576901535,8.2383151987313,6.60166628732937,,20314867,5,rolling_v1|Chen2025_tau_star|252|5|0.05|1|NA|1|TRUE|QS|20260821,ok,,113.196000000011
gfc_2005_2010,The global financial crisis period,79,gfc_2005_2010_w0079,2006-07-21,2007-07-23,2007-01-22,252,349,Chen2025_tau_star,1,0.05,TRUE,0.042431620925097,6.93779713755274,6.60166628732937,,20314905,5,rolling_v1|Chen2025_tau_star|252|5|0.05|1|NA|1|TRUE|QS|20260821,ok,,110.214999999997
gfc_2005_2010,The global financial crisis period,80,gfc_2005_2010_w0080,2006-07-28,2007-07-30,2007-01-29,252,349,Chen2025_tau_star,1,0.05,TRUE,0.0372259438714468,7.20495788949571,6.60166628732937,,20314600,5,rolling_v1|Chen2025_tau_star|252|5|0.05|1|NA|1|TRUE|QS|20260821,ok,,113.846999999994
gfc_2005_2010,The global financial crisis period,81,gfc_2005_2010_w0081,2006-08-04,2007-08-06,2007-02-05,252,349,Chen2025_tau_star,1,0.05,FALSE,0.0539918494752949,6.44387277274146,6.60166628732937,,20314638,5,rolling_v1|Chen2025_tau_star|252|5|0.05|1|NA|1|TRUE|QS|20260821,ok,,88.1089999999968
gfc_2005_2010,The global financial crisis period,82,gfc_2005_2010_w0082,2006-08-11,2007-08-13,2007-02-12,252,349,Chen2025_tau_star,1,0.05,TRUE,0.0459152742685283,6.77637197976316,6.60166628732937,,20314676,5,rolling_v1|Chen2025_tau_star|252|5|0.05|1|NA|1|TRUE|QS|20260821,ok,,95.8920000000071
gfc_2005_2010,The global financial crisis period,83,gfc_2005_2010_w0083,2006-08-18,2007-08-20,2007-02-20,252,349,Chen2025_tau_star,1,0.05,FALSE,0.0547557956817682,6.41497218517281,6.60166628732937,,20314714,5,rolling_v1|Chen2025_tau_star|252|5|0.05|1|NA|1|TRUE|QS|20260821,ok,,87.3470000000089
gfc_2005_2010,The global financial crisis period,84,gfc_2005_2010_w0084,2006-08-25,2007-08-27,2007-02-27,252,349,Chen2025_tau_star,1,0.05,FALSE,0.130421617923242,4.59712187534041,6.60166628732937,,20314752,5,rolling_v1|Chen2025_tau_star|252|5|0.05|1|NA|1|TRUE|QS|20260821,ok,,133.019
gfc_2005_2010,The global financial crisis period,85,gfc_2005_2010_w0085,2006-09-01,2007-09-04,2007-03-06,252,349,Chen2025_tau_star,1,0.05,FALSE,0.346649731697744,2.36958960635675,6.60166628732937,,20314790,5,rolling_v1|Chen2025_tau_star|252|5|0.05|1|NA|1|TRUE|QS|20260821,ok,,87.7099999999919
gfc_2005_2010,The global financial crisis period,86,gfc_2005_2010_w0086,2006-09-11,2007-09-11,2007-03-13,252,349,Chen2025_tau_star,1,0.05,FALSE,0.158227925918634,4.17893900401508,6.60166628732937,,20314828,5,rolling_v1|Chen2025_tau_star|252|5|0.05|1|NA|1|TRUE|QS|20260821,ok,,88.1350000000093
gfc_2005_2010,The global financial crisis period,87,gfc_2005_2010_w0087,2006-09-18,2007-09-18,2007-03-20,252,349,Chen2025_tau_star,1,0.05,FALSE,0.146770304425253,4.34242130713609,6.60166628732937,,20314866,5,rolling_v1|Chen2025_tau_star|252|5|0.05|1|NA|1|TRUE|QS|20260821,ok,,115.720000000001
gfc_2005_2010,The global financial crisis period,88,gfc_2005_2010_w0088,2006-09-25,2007-09-25,2007-03-27,252,349,Chen2025_tau_star,1,0.05,FALSE,0.114923341960349,4.86741652689215,6.60166628732937,,20314904,5,rolling_v1|Chen2025_tau_star|252|5|0.05|1|NA|1|TRUE|QS|20260821,ok,,110.466
gfc_2005_2010,The global financial crisis period,89,gfc_2005_2010_w0089,2006-10-02,2007-10-02,2007-04-03,252,349,Chen2025_tau_star,1,0.05,FALSE,0.105012379935776,5.05871009418839,6.60166628732937,,20314942,5,rolling_v1|Chen2025_tau_star|252|5|0.05|1|NA|1|TRUE|QS|20260821,ok,,87.653999999995
gfc_2005_2010,The global financial crisis period,90,gfc_2005_2010_w0090,2006-10-09,2007-10-09,2007-04-11,252,349,Chen2025_tau_star,1,0.05,FALSE,0.227712773792494,3.36777852880613,6.60166628732937,,20314637,5,rolling_v1|Chen2025_tau_star|252|5|0.05|1|NA|1|TRUE|QS|20260821,ok,,114.066999999995
gfc_2005_2010,The global financial crisis period,91,gfc_2005_2010_w0091,2006-10-16,2007-10-16,2007-04-18,252,349,Chen2025_tau_star,1,0.05,FALSE,0.205892286221552,3.59597083120198,6.60166628732937,,20314675,5,rolling_v1|Chen2025_tau_star|252|5|0.05|1|NA|1|TRUE|QS|20260821,ok,,114.327999999994
gfc_2005_2010,The global financial crisis period,92,gfc_2005_2010_w0092,2006-10-23,2007-10-23,2007-04-25,252,349,Chen2025_tau_star,1,0.05,TRUE,0.0407100022164645,7.02242080640047,6.60166628732937,,20314713,5,rolling_v1|Chen2025_tau_star|252|5|0.05|1|NA|1|TRUE|QS|20260821,ok,,87.9279999999999
gfc_2005_2010,The global financial crisis period,93,gfc_2005_2010_w0093,2006-10-30,2007-10-30,2007-05-02,252,349,Chen2025_tau_star,1,0.05,FALSE,0.0706062953684835,5.88977166985414,6.60166628732937,,20314751,5,rolling_v1|Chen2025_tau_star|252|5|0.05|1|NA|1|TRUE|QS|20260821,ok,,119.819000000003
gfc_2005_2010,The global financial crisis period,94,gfc_2005_2010_w0094,2006-11-06,2007-11-06,2007-05-09,252,349,Chen2025_tau_star,1,0.05,TRUE,0.0192696589408328,8.54029659191565,6.60166628732937,,20314789,5,rolling_v1|Chen2025_tau_star|252|5|0.05|1|NA|1|TRUE|QS|20260821,ok,,87.4259999999922
gfc_2005_2010,The global financial crisis period,95,gfc_2005_2010_w0095,2006-11-13,2007-11-13,2007-05-16,252,349,Chen2025_tau_star,1,0.05,TRUE,0.00243302775434473,12.69607790695,6.60166628732937,,20314827,5,rolling_v1|Chen2025_tau_star|252|5|0.05|1|NA|1|TRUE|QS|20260821,ok,,114.950000000012
gfc_2005_2010,The global financial crisis period,96,gfc_2005_2010_w0096,2006-11-20,2007-11-20,2007-05-23,252,349,Chen2025_tau_star,1,0.05,TRUE,0.00241433577803441,12.7115211609045,6.60166628732937,,20314865,5,rolling_v1|Chen2025_tau_star|252|5|0.05|1|NA|1|TRUE|QS|20260821,ok,,87.0149999999994
gfc_2005_2010,The global financial crisis period,97,gfc_2005_2010_w0097,2006-11-28,2007-11-28,2007-05-31,252,349,Chen2025_tau_star,1,0.05,TRUE,0.000681300896956092,15.2436073021631,6.60166628732937,,20314903,5,rolling_v1|Chen2025_tau_star|252|5|0.05|1|NA|1|TRUE|QS|20260821,ok,,87.2519999999931
gfc_2005_2010,The global financial crisis period,98,gfc_2005_2010_w0098,2006-12-05,2007-12-05,2007-06-07,252,349,Chen2025_tau_star,1,0.05,TRUE,0.000934599761356104,14.6111251914135,6.60166628732937,,20314941,5,rolling_v1|Chen2025_tau_star|252|5|0.05|1|NA|1|TRUE|QS|20260821,ok,,111.835000000006
gfc_2005_2010,The global financial crisis period,99,gfc_2005_2010_w0099,2006-12-12,2007-12-12,2007-06-14,252,349,Chen2025_tau_star,1,0.05,TRUE,0.001127493231361,14.2356647456372,6.60166628732937,,20314979,5,rolling_v1|Chen2025_tau_star|252|5|0.05|1|NA|1|TRUE|QS|20260821,ok,,87.0460000000021
gfc_2005_2010,The global financial crisis period,100,gfc_2005_2010_w0100,2006-12-19,2007-12-19,2007-06-21,252,349,Chen2025_tau_star,1,0.05,TRUE,0.00122569132376545,14.0685499679697,6.60166628732937,,20314340,5,rolling_v1|Chen2025_tau_star|252|5|0.05|1|NA|1|TRUE|QS|20260821,ok,,87.7390000000014
gfc_2005_2010,The global financial crisis period,101,gfc_2005_2010_w0101,2006-12-27,2007-12-27,2007-06-28,252,349,Chen2025_tau_star,1,0.05,TRUE,0.0012877112589876,13.9697650950074,6.60166628732937,,20314378,5,rolling_v1|Chen2025_tau_star|252|5|0.05|1|NA|1|TRUE|QS|20260821,ok,,131.182000000001
gfc_2005_2010,The global financial crisis period,102,gfc_2005_2010_w0102,2007-01-05,2008-01-04,2007-07-06,252,349,Chen2025_tau_star,1,0.05,TRUE,0.00158215460170463,13.5576279685156,6.60166628732937,,20314416,5,rolling_v1|Chen2025_tau_star|252|5|0.05|1|NA|1|TRUE|QS|20260821,ok,,104.731
gfc_2005_2010,The global financial crisis period,103,gfc_2005_2010_w0103,2007-01-12,2008-01-11,2007-07-13,252,349,Chen2025_tau_star,1,0.05,TRUE,0.00101765223703388,14.4407717715032,6.60166628732937,,20314454,5,rolling_v1|Chen2025_tau_star|252|5|0.05|1|NA|1|TRUE|QS|20260821,ok,,100.919000000009
gfc_2005_2010,The global financial crisis period,104,gfc_2005_2010_w0104,2007-01-22,2008-01-18,2007-07-20,252,349,Chen2025_tau_star,1,0.05,TRUE,0.000851279158821835,14.7979651019128,6.60166628732937,,20314492,5,rolling_v1|Chen2025_tau_star|252|5|0.05|1|NA|1|TRUE|QS|20260821,ok,,89.0139999999956
gfc_2005_2010,The global financial crisis period,105,gfc_2005_2010_w0105,2007-01-29,2008-01-28,2007-07-27,252,349,Chen2025_tau_star,1,0.05,TRUE,0.000553312819631677,15.6598964266661,6.60166628732937,,20314530,5,rolling_v1|Chen2025_tau_star|252|5|0.05|1|NA|1|TRUE|QS|20260821,ok,,87.5559999999969
gfc_2005_2010,The global financial crisis period,106,gfc_2005_2010_w0106,2007-02-05,2008-02-04,2007-08-03,252,349,Chen2025_tau_star,1,0.05,TRUE,0.000105216577841219,18.9801499401216,6.60166628732937,,20314568,5,rolling_v1|Chen2025_tau_star|252|5|0.05|1|NA|1|TRUE|QS|20260821,ok,,87.0749999999971
gfc_2005_2010,The global financial crisis period,107,gfc_2005_2010_w0107,2007-02-12,2008-02-11,2007-08-10,252,349,Chen2025_tau_star,1,0.05,TRUE,8.89000581601946e-05,19.3171824083421,6.60166628732937,,20314606,5,rolling_v1|Chen2025_tau_star|252|5|0.05|1|NA|1|TRUE|QS|20260821,ok,,86.9250000000029
gfc_2005_2010,The global financial crisis period,108,gfc_2005_2010_w0108,2007-02-20,2008-02-19,2007-08-17,252,349,Chen2025_tau_star,1,0.05,TRUE,4.97810922662818e-05,20.4769766459115,6.60166628732937,,20314644,5,rolling_v1|Chen2025_tau_star|252|5|0.05|1|NA|1|TRUE|QS|20260821,ok,,87.0470000000059
gfc_2005_2010,The global financial crisis period,109,gfc_2005_2010_w0109,2007-02-27,2008-02-26,2007-08-24,252,349,Chen2025_tau_star,1,0.05,TRUE,3.37699645788624e-05,21.2531195637272,6.60166628732937,,20314682,5,rolling_v1|Chen2025_tau_star|252|5|0.05|1|NA|1|TRUE|QS|20260821,ok,,133.289999999994
gfc_2005_2010,The global financial crisis period,110,gfc_2005_2010_w0110,2007-03-06,2008-03-04,2007-08-31,252,349,Chen2025_tau_star,1,0.05,TRUE,7.92934401198941e-05,19.5459068033186,6.60166628732937,,20314377,5,rolling_v1|Chen2025_tau_star|252|5|0.05|1|NA|1|TRUE|QS|20260821,ok,,100.057000000001
gfc_2005_2010,The global financial crisis period,111,gfc_2005_2010_w0111,2007-03-13,2008-03-11,2007-09-10,252,349,Chen2025_tau_star,1,0.05,TRUE,4.56223249152998e-05,20.6514569256008,6.60166628732937,,20314415,5,rolling_v1|Chen2025_tau_star|252|5|0.05|1|NA|1|TRUE|QS|20260821,ok,,88.1490000000049
gfc_2005_2010,The global financial crisis period,112,gfc_2005_2010_w0112,2007-03-20,2008-03-18,2007-09-17,252,349,Chen2025_tau_star,1,0.05,TRUE,8.27151419982478e-05,19.4614088256317,6.60166628732937,,20314453,5,rolling_v1|Chen2025_tau_star|252|5|0.05|1|NA|1|TRUE|QS|20260821,ok,,133.308999999994
gfc_2005_2010,The global financial crisis period,113,gfc_2005_2010_w0113,2007-03-27,2008-03-26,2007-09-24,252,349,Chen2025_tau_star,1,0.05,TRUE,3.28508902676295e-05,21.3083063627203,6.60166628732937,,20314491,5,rolling_v1|Chen2025_tau_star|252|5|0.05|1|NA|1|TRUE|QS|20260821,ok,,135.122000000003
gfc_2005_2010,The global financial crisis period,114,gfc_2005_2010_w0114,2007-04-03,2008-04-02,2007-10-01,252,349,Chen2025_tau_star,1,0.05,TRUE,7.55541766054236e-05,19.6425214089047,6.60166628732937,,20314529,5,rolling_v1|Chen2025_tau_star|252|5|0.05|1|NA|1|TRUE|QS|20260821,ok,,87.346000000005
gfc_2005_2010,The global financial crisis period,115,gfc_2005_2010_w0115,2007-04-11,2008-04-09,2007-10-08,252,349,Chen2025_tau_star,1,0.05,TRUE,0.000267509954633597,17.1137158069425,6.60166628732937,,20314567,5,rolling_v1|Chen2025_tau_star|252|5|0.05|1|NA|1|TRUE|QS|20260821,ok,,116.720000000001
gfc_2005_2010,The global financial crisis period,116,gfc_2005_2010_w0116,2007-04-18,2008-04-16,2007-10-15,252,349,Chen2025_tau_star,1,0.05,TRUE,0.000595580432474441,15.5126282832856,6.60166628732937,,20314605,5,rolling_v1|Chen2025_tau_star|252|5|0.05|1|NA|1|TRUE|QS|20260821,ok,,105.048999999999
gfc_2005_2010,The global financial crisis period,117,gfc_2005_2010_w0117,2007-04-25,2008-04-23,2007-10-22,252,349,Chen2025_tau_star,1,0.05,TRUE,0.000910827118543614,14.66267951586,6.60166628732937,,20314643,5,rolling_v1|Chen2025_tau_star|252|5|0.05|1|NA|1|TRUE|QS|20260821,ok,,87.4669999999897
gfc_2005_2010,The global financial crisis period,118,gfc_2005_2010_w0118,2007-05-02,2008-04-30,2007-10-29,252,349,Chen2025_tau_star,1,0.05,TRUE,0.00141362061356407,13.783063444785,6.60166628732937,,20314681,5,rolling_v1|Chen2025_tau_star|252|5|0.05|1|NA|1|TRUE|QS|20260821,ok,,89.0790000000125
gfc_2005_2010,The global financial crisis period,119,gfc_2005_2010_w0119,2007-05-09,2008-05-07,2007-11-05,252,349,Chen2025_tau_star,1,0.05,TRUE,0.00126257045428434,14.0092237400816,6.60166628732937,,20314719,5,rolling_v1|Chen2025_tau_star|252|5|0.05|1|NA|1|TRUE|QS|20260821,ok,,92.7750000000087
gfc_2005_2010,The global financial crisis period,120,gfc_2005_2010_w0120,2007-05-16,2008-05-14,2007-11-12,252,349,Chen2025_tau_star,1,0.05,TRUE,0.000696772820908168,15.1986810915951,6.60166628732937,,20314414,5,rolling_v1|Chen2025_tau_star|252|5|0.05|1|NA|1|TRUE|QS|20260821,ok,,116.803
gfc_2005_2010,The global financial crisis period,121,gfc_2005_2010_w0121,2007-05-23,2008-05-21,2007-11-19,252,349,Chen2025_tau_star,1,0.05,TRUE,0.00213561612929413,12.9571384478898,6.60166628732937,,20314452,5,rolling_v1|Chen2025_tau_star|252|5|0.05|1|NA|1|TRUE|QS|20260821,ok,,131.796999999991
gfc_2005_2010,The global financial crisis period,122,gfc_2005_2010_w0122,2007-05-31,2008-05-29,2007-11-27,252,349,Chen2025_tau_star,1,0.05,TRUE,0.00346165954043054,11.9898234642333,6.60166628732937,,20314490,5,rolling_v1|Chen2025_tau_star|252|5|0.05|1|NA|1|TRUE|QS|20260821,ok,,88.4250000000029
gfc_2005_2010,The global financial crisis period,123,gfc_2005_2010_w0123,2007-06-07,2008-06-05,2007-12-04,252,349,Chen2025_tau_star,1,0.05,TRUE,0.000609996032459407,15.4647818480821,6.60166628732937,,20314528,5,rolling_v1|Chen2025_tau_star|252|5|0.05|1|NA|1|TRUE|QS|20260821,ok,,88.8059999999969
gfc_2005_2010,The global financial crisis period,124,gfc_2005_2010_w0124,2007-06-14,2008-06-12,2007-12-11,252,349,Chen2025_tau_star,1,0.05,TRUE,0.00186858761702481,13.2245505821543,6.60166628732937,,20314566,5,rolling_v1|Chen2025_tau_star|252|5|0.05|1|NA|1|TRUE|QS|20260821,ok,,103.830000000002
gfc_2005_2010,The global financial crisis period,125,gfc_2005_2010_w0125,2007-06-21,2008-06-19,2007-12-18,252,349,Chen2025_tau_star,1,0.05,TRUE,0.000212228474059569,17.5767578535501,6.60166628732937,,20314604,5,rolling_v1|Chen2025_tau_star|252|5|0.05|1|NA|1|TRUE|QS|20260821,ok,,87.4729999999981
gfc_2005_2010,The global financial crisis period,126,gfc_2005_2010_w0126,2007-06-28,2008-06-26,2007-12-26,252,349,Chen2025_tau_star,1,0.05,TRUE,0.00066948834357494,15.2785997213243,6.60166628732937,,20314642,5,rolling_v1|Chen2025_tau_star|252|5|0.05|1|NA|1|TRUE|QS|20260821,ok,,87.054999999993
gfc_2005_2010,The global financial crisis period,127,gfc_2005_2010_w0127,2007-07-06,2008-07-03,2008-01-03,252,349,Chen2025_tau_star,1,0.05,TRUE,0.000535948499319379,15.7236846907618,6.60166628732937,,20314680,5,rolling_v1|Chen2025_tau_star|252|5|0.05|1|NA|1|TRUE|QS|20260821,ok,,134.016000000003
gfc_2005_2010,The global financial crisis period,128,gfc_2005_2010_w0128,2007-07-13,2008-07-11,2008-01-10,252,349,Chen2025_tau_star,1,0.05,TRUE,0.00367215302641158,11.8715522716448,6.60166628732937,,20314718,5,rolling_v1|Chen2025_tau_star|252|5|0.05|1|NA|1|TRUE|QS|20260821,ok,,104.668999999994
gfc_2005_2010,The global financial crisis period,129,gfc_2005_2010_w0129,2007-07-20,2008-07-18,2008-01-17,252,349,Chen2025_tau_star,1,0.05,TRUE,0.00444567108860828,11.4884707518199,6.60166628732937,,20314756,5,rolling_v1|Chen2025_tau_star|252|5|0.05|1|NA|1|TRUE|QS|20260821,ok,,87.3610000000044
gfc_2005_2010,The global financial crisis period,130,gfc_2005_2010_w0130,2007-07-27,2008-07-25,2008-01-25,252,349,Chen2025_tau_star,1,0.05,TRUE,0.00576150902584248,10.9686121108344,6.60166628732937,,20314451,5,rolling_v1|Chen2025_tau_star|252|5|0.05|1|NA|1|TRUE|QS|20260821,ok,,133.684999999998
gfc_2005_2010,The global financial crisis period,131,gfc_2005_2010_w0131,2007-08-03,2008-08-01,2008-02-01,252,349,Chen2025_tau_star,1,0.05,TRUE,0.0048238897297541,11.324791532547,6.60166628732937,,20314489,5,rolling_v1|Chen2025_tau_star|252|5|0.05|1|NA|1|TRUE|QS|20260821,ok,,112.73000000001
gfc_2005_2010,The global financial crisis period,132,gfc_2005_2010_w0132,2007-08-10,2008-08-08,2008-02-08,252,349,Chen2025_tau_star,1,0.05,TRUE,0.000818452369340593,14.876647768561,6.60166628732937,,20314527,5,rolling_v1|Chen2025_tau_star|252|5|0.05|1|NA|1|TRUE|QS|20260821,ok,,131.729000000007
gfc_2005_2010,The global financial crisis period,133,gfc_2005_2010_w0133,2007-08-17,2008-08-15,2008-02-15,252,349,Chen2025_tau_star,1,0.05,TRUE,0.00279997191408282,12.4147643303032,6.60166628732937,,20314565,5,rolling_v1|Chen2025_tau_star|252|5|0.05|1|NA|1|TRUE|QS|20260821,ok,,131.370999999999
gfc_2005_2010,The global financial crisis period,134,gfc_2005_2010_w0134,2007-08-24,2008-08-22,2008-02-25,252,349,Chen2025_tau_star,1,0.05,TRUE,0.00919046062672115,10.031228382265,6.60166628732937,,20314603,5,rolling_v1|Chen2025_tau_star|252|5|0.05|1|NA|1|TRUE|QS|20260821,ok,,134.137000000002
gfc_2005_2010,The global financial crisis period,135,gfc_2005_2010_w0135,2007-08-31,2008-08-29,2008-03-03,252,349,Chen2025_tau_star,1,0.05,TRUE,0.0426530129446215,6.9271594756454,6.60166628732937,,20314641,5,rolling_v1|Chen2025_tau_star|252|5|0.05|1|NA|1|TRUE|QS|20260821,ok,,86.9379999999947
gfc_2005_2010,The global financial crisis period,136,gfc_2005_2010_w0136,2007-09-10,2008-09-08,2008-03-10,252,349,Chen2025_tau_star,1,0.05,FALSE,0.0573605571885776,6.31929188388182,6.60166628732937,,20314679,5,rolling_v1|Chen2025_tau_star|252|5|0.05|1|NA|1|TRUE|QS|20260821,ok,,87.1619999999966
gfc_2005_2010,The global financial crisis period,137,gfc_2005_2010_w0137,2007-09-17,2008-09-15,2008-03-17,252,349,Chen2025_tau_star,1,0.05,TRUE,0.0283163076585773,7.76125439799132,6.60166628732937,,20314717,5,rolling_v1|Chen2025_tau_star|252|5|0.05|1|NA|1|TRUE|QS|20260821,ok,,86.6049999999959
gfc_2005_2010,The global financial crisis period,138,gfc_2005_2010_w0138,2007-09-24,2008-09-22,2008-03-25,252,349,Chen2025_tau_star,1,0.05,TRUE,0.00421169374453676,11.596837480939,6.60166628732937,,20314755,5,rolling_v1|Chen2025_tau_star|252|5|0.05|1|NA|1|TRUE|QS|20260821,ok,,86.8169999999955
gfc_2005_2010,The global financial crisis period,139,gfc_2005_2010_w0139,2007-10-01,2008-09-29,2008-04-01,252,349,Chen2025_tau_star,1,0.05,TRUE,0.00518985739148449,11.1781727934973,6.60166628732937,,20314793,5,rolling_v1|Chen2025_tau_star|252|5|0.05|1|NA|1|TRUE|QS|20260821,ok,,131.495999999999
gfc_2005_2010,The global financial crisis period,140,gfc_2005_2010_w0140,2007-10-08,2008-10-06,2008-04-08,252,349,Chen2025_tau_star,1,0.05,TRUE,0.00846492768795408,10.1964284645833,6.60166628732937,,20314488,5,rolling_v1|Chen2025_tau_star|252|5|0.05|1|NA|1|TRUE|QS|20260821,ok,,130.315000000002
gfc_2005_2010,The global financial crisis period,141,gfc_2005_2010_w0141,2007-10-15,2008-10-13,2008-04-15,252,349,Chen2025_tau_star,1,0.05,TRUE,0.0304964856384377,7.61067219767168,6.60166628732937,,20314526,5,rolling_v1|Chen2025_tau_star|252|5|0.05|1|NA|1|TRUE|QS|20260821,ok,,86.7449999999954
gfc_2005_2010,The global financial crisis period,142,gfc_2005_2010_w0142,2007-10-22,2008-10-20,2008-04-22,252,349,Chen2025_tau_star,1,0.05,TRUE,0.0312158066063677,7.56330757858446,6.60166628732937,,20314564,5,rolling_v1|Chen2025_tau_star|252|5|0.05|1|NA|1|TRUE|QS|20260821,ok,,87.0439999999944
gfc_2005_2010,The global financial crisis period,143,gfc_2005_2010_w0143,2007-10-29,2008-10-27,2008-04-29,252,349,Chen2025_tau_star,1,0.05,TRUE,0.0301864336847549,7.63142799802179,6.60166628732937,,20314602,5,rolling_v1|Chen2025_tau_star|252|5|0.05|1|NA|1|TRUE|QS|20260821,ok,,87.3070000000007
gfc_2005_2010,The global financial crisis period,144,gfc_2005_2010_w0144,2007-11-05,2008-11-03,2008-05-06,252,349,Chen2025_tau_star,1,0.05,TRUE,0.0227367047629287,8.20587012042865,6.60166628732937,,20314640,5,rolling_v1|Chen2025_tau_star|252|5|0.05|1|NA|1|TRUE|QS|20260821,ok,,132.894
gfc_2005_2010,The global financial crisis period,145,gfc_2005_2010_w0145,2007-11-12,2008-11-10,2008-05-13,252,349,Chen2025_tau_star,1,0.05,TRUE,0.0120991025479578,9.47836324245866,6.60166628732937,,20314678,5,rolling_v1|Chen2025_tau_star|252|5|0.05|1|NA|1|TRUE|QS|20260821,ok,,131.774000000005
gfc_2005_2010,The global financial crisis period,146,gfc_2005_2010_w0146,2007-11-19,2008-11-17,2008-05-20,252,349,Chen2025_tau_star,1,0.05,TRUE,0.0421694042135951,6.95046680655936,6.60166628732937,,20314716,5,rolling_v1|Chen2025_tau_star|252|5|0.05|1|NA|1|TRUE|QS|20260821,ok,,86.8450000000012
gfc_2005_2010,The global financial crisis period,147,gfc_2005_2010_w0147,2007-11-27,2008-11-24,2008-05-28,252,349,Chen2025_tau_star,1,0.05,TRUE,0.0484383628850594,6.66675671844704,6.60166628732937,,20314754,5,rolling_v1|Chen2025_tau_star|252|5|0.05|1|NA|1|TRUE|QS|20260821,ok,,86.7229999999981
gfc_2005_2010,The global financial crisis period,148,gfc_2005_2010_w0148,2007-12-04,2008-12-02,2008-06-04,252,349,Chen2025_tau_star,1,0.05,TRUE,0.00379423384680043,11.8060210901196,6.60166628732937,,20314792,5,rolling_v1|Chen2025_tau_star|252|5|0.05|1|NA|1|TRUE|QS|20260821,ok,,115.398000000001
gfc_2005_2010,The global financial crisis period,149,gfc_2005_2010_w0149,2007-12-11,2008-12-09,2008-06-11,252,349,Chen2025_tau_star,1,0.05,TRUE,0.00122035272392596,14.0772855036439,6.60166628732937,,20314830,5,rolling_v1|Chen2025_tau_star|252|5|0.05|1|NA|1|TRUE|QS|20260821,ok,,102.631999999998
gfc_2005_2010,The global financial crisis period,150,gfc_2005_2010_w0150,2007-12-18,2008-12-16,2008-06-18,252,349,Chen2025_tau_star,1,0.05,TRUE,0.0105182645577476,9.75999523671274,6.60166628732937,,20314525,5,rolling_v1|Chen2025_tau_star|252|5|0.05|1|NA|1|TRUE|QS|20260821,ok,,86.221000000005
gfc_2005_2010,The global financial crisis period,151,gfc_2005_2010_w0151,2007-12-26,2008-12-23,2008-06-25,252,349,Chen2025_tau_star,1,0.05,TRUE,0.0196297723506371,8.50289928187827,6.60166628732937,,20314563,5,rolling_v1|Chen2025_tau_star|252|5|0.05|1|NA|1|TRUE|QS|20260821,ok,,86.7329999999929
gfc_2005_2010,The global financial crisis period,152,gfc_2005_2010_w0152,2008-01-03,2008-12-31,2008-07-02,252,349,Chen2025_tau_star,1,0.05,TRUE,0.0160353793231643,8.91104780886801,6.60166628732937,,20314601,5,rolling_v1|Chen2025_tau_star|252|5|0.05|1|NA|1|TRUE|QS|20260821,ok,,132.744999999995
gfc_2005_2010,The global financial crisis period,153,gfc_2005_2010_w0153,2008-01-10,2009-01-08,2008-07-10,252,349,Chen2025_tau_star,1,0.05,TRUE,0.00297725063693688,12.2918048574177,6.60166628732937,,20314639,5,rolling_v1|Chen2025_tau_star|252|5|0.05|1|NA|1|TRUE|QS|20260821,ok,,101.637999999992
gfc_2005_2010,The global financial crisis period,154,gfc_2005_2010_w0154,2008-01-17,2009-01-15,2008-07-17,252,349,Chen2025_tau_star,1,0.05,TRUE,0.00587186045390049,10.9305570170556,6.60166628732937,,20314677,5,rolling_v1|Chen2025_tau_star|252|5|0.05|1|NA|1|TRUE|QS|20260821,ok,,86.9499999999971
gfc_2005_2010,The global financial crisis period,155,gfc_2005_2010_w0155,2008-01-25,2009-01-23,2008-07-24,252,349,Chen2025_tau_star,1,0.05,TRUE,0.000869339794929791,14.7559591159801,6.60166628732937,,20314715,5,rolling_v1|Chen2025_tau_star|252|5|0.05|1|NA|1|TRUE|QS|20260821,ok,,124.775999999998
gfc_2005_2010,The global financial crisis period,156,gfc_2005_2010_w0156,2008-02-01,2009-01-30,2008-07-31,252,349,Chen2025_tau_star,1,0.05,TRUE,0.000954591158214834,14.5687756496414,6.60166628732937,,20314753,5,rolling_v1|Chen2025_tau_star|252|5|0.05|1|NA|1|TRUE|QS|20260821,ok,,86.8220000000001
gfc_2005_2010,The global financial crisis period,157,gfc_2005_2010_w0157,2008-02-08,2009-02-06,2008-08-07,252,349,Chen2025_tau_star,1,0.05,TRUE,0.000525922467518107,15.7614632639869,6.60166628732937,,20314791,5,rolling_v1|Chen2025_tau_star|252|5|0.05|1|NA|1|TRUE|QS|20260821,ok,,86.3359999999957
gfc_2005_2010,The global financial crisis period,158,gfc_2005_2010_w0158,2008-02-15,2009-02-13,2008-08-14,252,349,Chen2025_tau_star,1,0.05,TRUE,0.000820779631188703,14.8709665280937,6.60166628732937,,20314829,5,rolling_v1|Chen2025_tau_star|252|5|0.05|1|NA|1|TRUE|QS|20260821,ok,,116.180999999997
gfc_2005_2010,The global financial crisis period,159,gfc_2005_2010_w0159,2008-02-25,2009-02-23,2008-08-21,252,349,Chen2025_tau_star,1,0.05,TRUE,0.00030344829384726,16.8615709590073,6.60166628732937,,20314867,5,rolling_v1|Chen2025_tau_star|252|5|0.05|1|NA|1|TRUE|QS|20260821,ok,,106.495999999999
gfc_2005_2010,The global financial crisis period,160,gfc_2005_2010_w0160,2008-03-03,2009-03-02,2008-08-28,252,349,Chen2025_tau_star,1,0.05,TRUE,0.000152763877016152,18.2343572479289,6.60166628732937,,20314562,5,rolling_v1|Chen2025_tau_star|252|5|0.05|1|NA|1|TRUE|QS|20260821,ok,,86.8220000000001
gfc_2005_2010,The global financial crisis period,161,gfc_2005_2010_w0161,2008-03-10,2009-03-09,2008-09-05,252,349,Chen2025_tau_star,1,0.05,TRUE,0.000157126680900849,18.1780350387835,6.60166628732937,,20314600,5,rolling_v1|Chen2025_tau_star|252|5|0.05|1|NA|1|TRUE|QS|20260821,ok,,132.430999999997
gfc_2005_2010,The global financial crisis period,162,gfc_2005_2010_w0162,2008-03-17,2009-03-16,2008-09-12,252,349,Chen2025_tau_star,1,0.05,TRUE,9.4224281030991e-05,19.2008468596296,6.60166628732937,,20314638,5,rolling_v1|Chen2025_tau_star|252|5|0.05|1|NA|1|TRUE|QS|20260821,ok,,86.4350000000122
gfc_2005_2010,The global financial crisis period,163,gfc_2005_2010_w0163,2008-03-25,2009-03-23,2008-09-19,252,349,Chen2025_tau_star,1,0.05,TRUE,0.000155374029720314,18.2004709109827,6.60166628732937,,20314676,5,rolling_v1|Chen2025_tau_star|252|5|0.05|1|NA|1|TRUE|QS|20260821,ok,,111.555000000008
gfc_2005_2010,The global financial crisis period,164,gfc_2005_2010_w0164,2008-04-01,2009-03-30,2008-09-26,252,349,Chen2025_tau_star,1,0.05,TRUE,0.000184425716467131,17.8576189420181,6.60166628732937,,20314714,5,rolling_v1|Chen2025_tau_star|252|5|0.05|1|NA|1|TRUE|QS|20260821,ok,,104.25
gfc_2005_2010,The global financial crisis period,165,gfc_2005_2010_w0165,2008-04-08,2009-04-06,2008-10-03,252,349,Chen2025_tau_star,1,0.05,TRUE,0.000308006261267816,16.8317486362596,6.60166628732937,,20314752,5,rolling_v1|Chen2025_tau_star|252|5|0.05|1|NA|1|TRUE|QS|20260821,ok,,88.900999999998
gfc_2005_2010,The global financial crisis period,166,gfc_2005_2010_w0166,2008-04-15,2009-04-14,2008-10-10,252,349,Chen2025_tau_star,1,0.05,TRUE,0.00124597520857077,14.0357026779526,6.60166628732937,,20314790,5,rolling_v1|Chen2025_tau_star|252|5|0.05|1|NA|1|TRUE|QS|20260821,ok,,114.278000000006
gfc_2005_2010,The global financial crisis period,167,gfc_2005_2010_w0167,2008-04-22,2009-04-21,2008-10-17,252,349,Chen2025_tau_star,1,0.05,TRUE,0.000550913549793769,15.6685900652867,6.60166628732937,,20314828,5,rolling_v1|Chen2025_tau_star|252|5|0.05|1|NA|1|TRUE|QS|20260821,ok,,88.0840000000026
gfc_2005_2010,The global financial crisis period,168,gfc_2005_2010_w0168,2008-04-29,2009-04-28,2008-10-24,252,349,Chen2025_tau_star,1,0.05,TRUE,0.000323462005199747,16.7338100837799,6.60166628732937,,20314866,5,rolling_v1|Chen2025_tau_star|252|5|0.05|1|NA|1|TRUE|QS|20260821,ok,,86.8899999999994
gfc_2005_2010,The global financial crisis period,169,gfc_2005_2010_w0169,2008-05-06,2009-05-05,2008-10-31,252,349,Chen2025_tau_star,1,0.05,TRUE,0.000759985412845805,15.024938200049,6.60166628732937,,20314904,5,rolling_v1|Chen2025_tau_star|252|5|0.05|1|NA|1|TRUE|QS|20260821,ok,,91.3610000000044
gfc_2005_2010,The global financial crisis period,170,gfc_2005_2010_w0170,2008-05-13,2009-05-12,2008-11-07,252,349,Chen2025_tau_star,1,0.05,TRUE,0.000695881863754153,15.2012410015696,6.60166628732937,,20314599,5,rolling_v1|Chen2025_tau_star|252|5|0.05|1|NA|1|TRUE|QS|20260821,ok,,97.9089999999997
gfc_2005_2010,The global financial crisis period,171,gfc_2005_2010_w0171,2008-05-20,2009-05-19,2008-11-14,252,349,Chen2025_tau_star,1,0.05,TRUE,0.000294100310323761,16.9241609673703,6.60166628732937,,20314637,5,rolling_v1|Chen2025_tau_star|252|5|0.05|1|NA|1|TRUE|QS|20260821,ok,,102.288
gfc_2005_2010,The global financial crisis period,172,gfc_2005_2010_w0172,2008-05-28,2009-05-27,2008-11-21,252,349,Chen2025_tau_star,1,0.05,TRUE,0.000288031450547471,16.9658694842225,6.60166628732937,,20314675,5,rolling_v1|Chen2025_tau_star|252|5|0.05|1|NA|1|TRUE|QS|20260821,ok,,88.9760000000097
gfc_2005_2010,The global financial crisis period,173,gfc_2005_2010_w0173,2008-06-04,2009-06-03,2008-12-01,252,349,Chen2025_tau_star,1,0.05,TRUE,0.000400453086615324,16.3067031400392,6.60166628732937,,20314713,5,rolling_v1|Chen2025_tau_star|252|5|0.05|1|NA|1|TRUE|QS|20260821,ok,,133.907999999996
gfc_2005_2010,The global financial crisis period,174,gfc_2005_2010_w0174,2008-06-11,2009-06-10,2008-12-08,252,349,Chen2025_tau_star,1,0.05,TRUE,0.000272694307875558,17.0753213470296,6.60166628732937,,20314751,5,rolling_v1|Chen2025_tau_star|252|5|0.05|1|NA|1|TRUE|QS|20260821,ok,,85.8539999999921
gfc_2005_2010,The global financial crisis period,175,gfc_2005_2010_w0175,2008-06-18,2009-06-17,2008-12-15,252,349,Chen2025_tau_star,1,0.05,TRUE,0.000483182484935394,15.9310248295843,6.60166628732937,,20314789,5,rolling_v1|Chen2025_tau_star|252|5|0.05|1|NA|1|TRUE|QS|20260821,ok,,85.8160000000062
gfc_2005_2010,The global financial crisis period,176,gfc_2005_2010_w0176,2008-06-25,2009-06-24,2008-12-22,252,349,Chen2025_tau_star,1,0.05,TRUE,0.000398806712960958,16.314944290481,6.60166628732937,,20314827,5,rolling_v1|Chen2025_tau_star|252|5|0.05|1|NA|1|TRUE|QS|20260821,ok,,102.701000000001
gfc_2005_2010,The global financial crisis period,177,gfc_2005_2010_w0177,2008-07-02,2009-07-01,2008-12-30,252,349,Chen2025_tau_star,1,0.05,TRUE,0.000333875236970552,16.670428221104,6.60166628732937,,20314865,5,rolling_v1|Chen2025_tau_star|252|5|0.05|1|NA|1|TRUE|QS|20260821,ok,,100.938000000009
gfc_2005_2010,The global financial crisis period,178,gfc_2005_2010_w0178,2008-07-10,2009-07-09,2009-01-07,252,349,Chen2025_tau_star,1,0.05,TRUE,0.00109105453511629,14.3014054124305,6.60166628732937,,20314903,5,rolling_v1|Chen2025_tau_star|252|5|0.05|1|NA|1|TRUE|QS|20260821,ok,,115.788
gfc_2005_2010,The global financial crisis period,179,gfc_2005_2010_w0179,2008-07-17,2009-07-16,2009-01-14,252,349,Chen2025_tau_star,1,0.05,TRUE,0.000479211796937848,15.9475322687001,6.60166628732937,,20314941,5,rolling_v1|Chen2025_tau_star|252|5|0.05|1|NA|1|TRUE|QS|20260821,ok,,133.96699999999
gfc_2005_2010,The global financial crisis period,180,gfc_2005_2010_w0180,2008-07-24,2009-07-23,2009-01-22,252,349,Chen2025_tau_star,1,0.05,TRUE,0.000166412513681185,18.0631910251789,6.60166628732937,,20314636,5,rolling_v1|Chen2025_tau_star|252|5|0.05|1|NA|1|TRUE|QS|20260821,ok,,86.1150000000052
gfc_2005_2010,The global financial crisis period,181,gfc_2005_2010_w0181,2008-07-31,2009-07-30,2009-01-29,252,349,Chen2025_tau_star,1,0.05,TRUE,0.000360809222243522,16.5152373448891,6.60166628732937,,20314674,5,rolling_v1|Chen2025_tau_star|252|5|0.05|1|NA|1|TRUE|QS|20260821,ok,,135.618999999992
gfc_2005_2010,The global financial crisis period,182,gfc_2005_2010_w0182,2008-08-07,2009-08-06,2009-02-05,252,349,Chen2025_tau_star,1,0.05,TRUE,0.00163960116954416,13.486239578898,6.60166628732937,,20314712,5,rolling_v1|Chen2025_tau_star|252|5|0.05|1|NA|1|TRUE|QS|20260821,ok,,86.8929999999964
gfc_2005_2010,The global financial crisis period,183,gfc_2005_2010_w0183,2008-08-14,2009-08-13,2009-02-12,252,349,Chen2025_tau_star,1,0.05,TRUE,0.00128938375671182,13.9671674776846,6.60166628732937,,20314750,5,rolling_v1|Chen2025_tau_star|252|5|0.05|1|NA|1|TRUE|QS|20260821,ok,,107.341
gfc_2005_2010,The global financial crisis period,184,gfc_2005_2010_w0184,2008-08-21,2009-08-20,2009-02-20,252,349,Chen2025_tau_star,1,0.05,TRUE,0.000931602638881495,14.6175521994347,6.60166628732937,,20314788,5,rolling_v1|Chen2025_tau_star|252|5|0.05|1|NA|1|TRUE|QS|20260821,ok,,86.2380000000121
gfc_2005_2010,The global financial crisis period,185,gfc_2005_2010_w0185,2008-08-28,2009-08-27,2009-02-27,252,349,Chen2025_tau_star,1,0.05,TRUE,0.00132980559984017,13.9053902721613,6.60166628732937,,20314826,5,rolling_v1|Chen2025_tau_star|252|5|0.05|1|NA|1|TRUE|QS|20260821,ok,,88.5090000000055
gfc_2005_2010,The global financial crisis period,186,gfc_2005_2010_w0186,2008-09-05,2009-09-03,2009-03-06,252,349,Chen2025_tau_star,1,0.05,TRUE,0.00240759125909891,12.7171227969699,6.60166628732937,,20314864,5,rolling_v1|Chen2025_tau_star|252|5|0.05|1|NA|1|TRUE|QS|20260821,ok,,86.3579999999929
gfc_2005_2010,The global financial crisis period,187,gfc_2005_2010_w0187,2008-09-12,2009-09-11,2009-03-13,252,349,Chen2025_tau_star,1,0.05,TRUE,0.00362095926034882,11.8996819534274,6.60166628732937,,20314902,5,rolling_v1|Chen2025_tau_star|252|5|0.05|1|NA|1|TRUE|QS|20260821,ok,,110.665999999997
gfc_2005_2010,The global financial crisis period,188,gfc_2005_2010_w0188,2008-09-19,2009-09-18,2009-03-20,252,349,Chen2025_tau_star,1,0.05,TRUE,0.00249977305364451,12.6418840681271,6.60166628732937,,20314940,5,rolling_v1|Chen2025_tau_star|252|5|0.05|1|NA|1|TRUE|QS|20260821,ok,,110.896999999997
gfc_2005_2010,The global financial crisis period,189,gfc_2005_2010_w0189,2008-09-26,2009-09-25,2009-03-27,252,349,Chen2025_tau_star,1,0.05,TRUE,0.000719409121300323,15.1347168598742,6.60166628732937,,20314978,5,rolling_v1|Chen2025_tau_star|252|5|0.05|1|NA|1|TRUE|QS|20260821,ok,,128.665000000008
gfc_2005_2010,The global financial crisis period,190,gfc_2005_2010_w0190,2008-10-03,2009-10-02,2009-04-03,252,349,Chen2025_tau_star,1,0.05,TRUE,0.000348508508783737,16.584623055345,6.60166628732937,,20314673,5,rolling_v1|Chen2025_tau_star|252|5|0.05|1|NA|1|TRUE|QS|20260821,ok,,102.345000000001
gfc_2005_2010,The global financial crisis period,191,gfc_2005_2010_w0191,2008-10-10,2009-10-09,2009-04-13,252,349,Chen2025_tau_star,1,0.05,TRUE,0.000975661426851107,14.5250895918597,6.60166628732937,,20314711,5,rolling_v1|Chen2025_tau_star|252|5|0.05|1|NA|1|TRUE|QS|20260821,ok,,87.3119999999908
gfc_2005_2010,The global financial crisis period,192,gfc_2005_2010_w0192,2008-10-17,2009-10-16,2009-04-20,252,349,Chen2025_tau_star,1,0.05,TRUE,0.0015077494231155,13.6540414682445,6.60166628732937,,20314749,5,rolling_v1|Chen2025_tau_star|252|5|0.05|1|NA|1|TRUE|QS|20260821,ok,,100.919999999998
gfc_2005_2010,The global financial crisis period,193,gfc_2005_2010_w0193,2008-10-24,2009-10-23,2009-04-27,252,349,Chen2025_tau_star,1,0.05,TRUE,0.00161512051099662,13.5163509913155,6.60166628732937,,20314787,5,rolling_v1|Chen2025_tau_star|252|5|0.05|1|NA|1|TRUE|QS|20260821,ok,,134.404999999999
gfc_2005_2010,The global financial crisis period,194,gfc_2005_2010_w0194,2008-10-31,2009-10-30,2009-05-04,252,349,Chen2025_tau_star,1,0.05,TRUE,0.0014828035751414,13.6874334199583,6.60166628732937,,20314825,5,rolling_v1|Chen2025_tau_star|252|5|0.05|1|NA|1|TRUE|QS|20260821,ok,,86.2419999999984
gfc_2005_2010,The global financial crisis period,195,gfc_2005_2010_w0195,2008-11-07,2009-11-06,2009-05-11,252,349,Chen2025_tau_star,1,0.05,TRUE,0.00293201739054088,12.3224693109426,6.60166628732937,,20314863,5,rolling_v1|Chen2025_tau_star|252|5|0.05|1|NA|1|TRUE|QS|20260821,ok,,130.170000000013
gfc_2005_2010,The global financial crisis period,196,gfc_2005_2010_w0196,2008-11-14,2009-11-13,2009-05-18,252,349,Chen2025_tau_star,1,0.05,TRUE,0.00337785385645862,12.0389226213393,6.60166628732937,,20314901,5,rolling_v1|Chen2025_tau_star|252|5|0.05|1|NA|1|TRUE|QS|20260821,ok,,86.2630000000063
gfc_2005_2010,The global financial crisis period,197,gfc_2005_2010_w0197,2008-11-21,2009-11-20,2009-05-26,252,349,Chen2025_tau_star,1,0.05,TRUE,0.00677782034804344,10.6426781721108,6.60166628732937,,20314939,5,rolling_v1|Chen2025_tau_star|252|5|0.05|1|NA|1|TRUE|QS|20260821,ok,,86.3289999999979
gfc_2005_2010,The global financial crisis period,198,gfc_2005_2010_w0198,2008-12-01,2009-11-30,2009-06-02,252,349,Chen2025_tau_star,1,0.05,TRUE,0.000859108212994147,14.7796477100818,6.60166628732937,,20314977,5,rolling_v1|Chen2025_tau_star|252|5|0.05|1|NA|1|TRUE|QS|20260821,ok,,86.0599999999977
gfc_2005_2010,The global financial crisis period,199,gfc_2005_2010_w0199,2008-12-08,2009-12-07,2009-06-09,252,349,Chen2025_tau_star,1,0.05,TRUE,0.00224229825104869,12.8595392615442,6.60166628732937,,20315015,5,rolling_v1|Chen2025_tau_star|252|5|0.05|1|NA|1|TRUE|QS|20260821,ok,,134.516000000003
gfc_2005_2010,The global financial crisis period,200,gfc_2005_2010_w0200,2008-12-15,2009-12-14,2009-06-16,252,349,Chen2025_tau_star,1,0.05,TRUE,0.0037440020630091,11.8327262720799,6.60166628732937,,20314376,5,rolling_v1|Chen2025_tau_star|252|5|0.05|1|NA|1|TRUE|QS|20260821,ok,,134.992000000013
gfc_2005_2010,The global financial crisis period,201,gfc_2005_2010_w0201,2008-12-22,2009-12-21,2009-06-23,252,349,Chen2025_tau_star,1,0.05,TRUE,0.00340410663003609,12.0234123320991,6.60166628732937,,20314414,5,rolling_v1|Chen2025_tau_star|252|5|0.05|1|NA|1|TRUE|QS|20260821,ok,,111.375
gfc_2005_2010,The global financial crisis period,202,gfc_2005_2010_w0202,2008-12-30,2009-12-29,2009-06-30,252,349,Chen2025_tau_star,1,0.05,TRUE,0.00539030510650452,11.1021799176898,6.60166628732937,,20314452,5,rolling_v1|Chen2025_tau_star|252|5|0.05|1|NA|1|TRUE|QS|20260821,ok,,134.398000000001
gfc_2005_2010,The global financial crisis period,203,gfc_2005_2010_w0203,2009-01-07,2010-01-06,2009-07-08,252,349,Chen2025_tau_star,1,0.05,TRUE,0.0033562503322097,12.0517766373817,6.60166628732937,,20314490,5,rolling_v1|Chen2025_tau_star|252|5|0.05|1|NA|1|TRUE|QS|20260821,ok,,132.922999999995
gfc_2005_2010,The global financial crisis period,204,gfc_2005_2010_w0204,2009-01-14,2010-01-13,2009-07-15,252,349,Chen2025_tau_star,1,0.05,TRUE,0.00096978347413561,14.5371810815267,6.60166628732937,,20314528,5,rolling_v1|Chen2025_tau_star|252|5|0.05|1|NA|1|TRUE|QS|20260821,ok,,101.489000000001
gfc_2005_2010,The global financial crisis period,205,gfc_2005_2010_w0205,2009-01-22,2010-01-21,2009-07-22,252,349,Chen2025_tau_star,1,0.05,TRUE,0.00184693492731912,13.2478830513004,6.60166628732937,,20314566,5,rolling_v1|Chen2025_tau_star|252|5|0.05|1|NA|1|TRUE|QS|20260821,ok,,102.797999999995
gfc_2005_2010,The global financial crisis period,206,gfc_2005_2010_w0206,2009-01-29,2010-01-28,2009-07-29,252,349,Chen2025_tau_star,1,0.05,TRUE,0.00583587642121113,10.9428873199281,6.60166628732937,,20314604,5,rolling_v1|Chen2025_tau_star|252|5|0.05|1|NA|1|TRUE|QS|20260821,ok,,129.737999999998
gfc_2005_2010,The global financial crisis period,207,gfc_2005_2010_w0207,2009-02-05,2010-02-04,2009-08-05,252,349,Chen2025_tau_star,1,0.05,TRUE,0.00800345256646019,10.3090100372938,6.60166628732937,,20314642,5,rolling_v1|Chen2025_tau_star|252|5|0.05|1|NA|1|TRUE|QS|20260821,ok,,100.946000000011
gfc_2005_2010,The global financial crisis period,208,gfc_2005_2010_w0208,2009-02-12,2010-02-11,2009-08-12,252,349,Chen2025_tau_star,1,0.05,TRUE,0.0162609891068397,8.88287623003188,6.60166628732937,,20314680,5,rolling_v1|Chen2025_tau_star|252|5|0.05|1|NA|1|TRUE|QS|20260821,ok,,85.7980000000098
gfc_2005_2010,The global financial crisis period,209,gfc_2005_2010_w0209,2009-02-20,2010-02-19,2009-08-19,252,349,Chen2025_tau_star,1,0.05,TRUE,0.0106839555331924,9.72856825681241,6.60166628732937,,20314718,5,rolling_v1|Chen2025_tau_star|252|5|0.05|1|NA|1|TRUE|QS|20260821,ok,,87.8870000000025
gfc_2005_2010,The global financial crisis period,210,gfc_2005_2010_w0210,2009-02-27,2010-02-26,2009-08-26,252,349,Chen2025_tau_star,1,0.05,TRUE,0.0155789844051807,8.96925957513053,6.60166628732937,,20314413,5,rolling_v1|Chen2025_tau_star|252|5|0.05|1|NA|1|TRUE|QS|20260821,ok,,102.154999999999
gfc_2005_2010,The global financial crisis period,211,gfc_2005_2010_w0211,2009-03-06,2010-03-05,2009-09-02,252,349,Chen2025_tau_star,1,0.05,TRUE,0.00436657928602584,11.5244519414459,6.60166628732937,,20314451,5,rolling_v1|Chen2025_tau_star|252|5|0.05|1|NA|1|TRUE|QS|20260821,ok,,102.407999999996
gfc_2005_2010,The global financial crisis period,212,gfc_2005_2010_w0212,2009-03-13,2010-03-12,2009-09-10,252,349,Chen2025_tau_star,1,0.05,TRUE,0.00112285006988047,14.2439226549005,6.60166628732937,,20314489,5,rolling_v1|Chen2025_tau_star|252|5|0.05|1|NA|1|TRUE|QS|20260821,ok,,101.688000000009
gfc_2005_2010,The global financial crisis period,213,gfc_2005_2010_w0213,2009-03-20,2010-03-19,2009-09-17,252,349,Chen2025_tau_star,1,0.05,TRUE,0.0009640579874067,14.5490295682829,6.60166628732937,,20314527,5,rolling_v1|Chen2025_tau_star|252|5|0.05|1|NA|1|TRUE|QS|20260821,ok,,133.847999999998
gfc_2005_2010,The global financial crisis period,214,gfc_2005_2010_w0214,2009-03-27,2010-03-26,2009-09-24,252,349,Chen2025_tau_star,1,0.05,TRUE,0.00368375041256371,11.865234195963,6.60166628732937,,20314565,5,rolling_v1|Chen2025_tau_star|252|5|0.05|1|NA|1|TRUE|QS|20260821,ok,,133.093000000008
gfc_2005_2010,The global financial crisis period,215,gfc_2005_2010_w0215,2009-04-03,2010-04-05,2009-10-01,252,349,Chen2025_tau_star,1,0.05,TRUE,0.00113202522007785,14.2276372701688,6.60166628732937,,20314603,5,rolling_v1|Chen2025_tau_star|252|5|0.05|1|NA|1|TRUE|QS|20260821,ok,,101.805000000008
gfc_2005_2010,The global financial crisis period,216,gfc_2005_2010_w0216,2009-04-13,2010-04-12,2009-10-08,252,349,Chen2025_tau_star,1,0.05,TRUE,0.000221632842390415,17.490030952612,6.60166628732937,,20314641,5,rolling_v1|Chen2025_tau_star|252|5|0.05|1|NA|1|TRUE|QS|20260821,ok,,134.588999999993
gfc_2005_2010,The global financial crisis period,217,gfc_2005_2010_w0217,2009-04-20,2010-04-19,2009-10-15,252,349,Chen2025_tau_star,1,0.05,TRUE,0.000223113107450333,17.4767160689801,6.60166628732937,,20314679,5,rolling_v1|Chen2025_tau_star|252|5|0.05|1|NA|1|TRUE|QS|20260821,ok,,116.630999999994
gfc_2005_2010,The global financial crisis period,218,gfc_2005_2010_w0218,2009-04-27,2010-04-26,2009-10-22,252,349,Chen2025_tau_star,1,0.05,TRUE,0.00409808223482858,11.6516430167444,6.60166628732937,,20314717,5,rolling_v1|Chen2025_tau_star|252|5|0.05|1|NA|1|TRUE|QS|20260821,ok,,103.091
gfc_2005_2010,The global financial crisis period,219,gfc_2005_2010_w0219,2009-05-04,2010-05-03,2009-10-29,252,349,Chen2025_tau_star,1,0.05,TRUE,0.0082528325182335,10.2473920405742,6.60166628732937,,20314755,5,rolling_v1|Chen2025_tau_star|252|5|0.05|1|NA|1|TRUE|QS|20260821,ok,,119.050999999992
gfc_2005_2010,The global financial crisis period,220,gfc_2005_2010_w0220,2009-05-11,2010-05-10,2009-11-05,252,349,Chen2025_tau_star,1,0.05,FALSE,0.145214092024611,4.36551496307671,6.60166628732937,,20314450,5,rolling_v1|Chen2025_tau_star|252|5|0.05|1|NA|1|TRUE|QS|20260821,ok,,104.617000000013
gfc_2005_2010,The global financial crisis period,221,gfc_2005_2010_w0221,2009-05-18,2010-05-17,2009-11-12,252,349,Chen2025_tau_star,1,0.05,FALSE,0.283796739713221,2.85575463684256,6.60166628732937,,20314488,5,rolling_v1|Chen2025_tau_star|252|5|0.05|1|NA|1|TRUE|QS|20260821,ok,,133.830999999991
gfc_2005_2010,The global financial crisis period,222,gfc_2005_2010_w0222,2009-05-26,2010-05-24,2009-11-19,252,349,Chen2025_tau_star,1,0.05,FALSE,0.282192769642619,2.869203591046,6.60166628732937,,20314526,5,rolling_v1|Chen2025_tau_star|252|5|0.05|1|NA|1|TRUE|QS|20260821,ok,,132.811000000002
gfc_2005_2010,The global financial crisis period,223,gfc_2005_2010_w0223,2009-06-02,2010-06-01,2009-11-27,252,349,Chen2025_tau_star,1,0.05,FALSE,0.163867357566688,4.10237213857334,6.60166628732937,,20314564,5,rolling_v1|Chen2025_tau_star|252|5|0.05|1|NA|1|TRUE|QS|20260821,ok,,111.949000000008
gfc_2005_2010,The global financial crisis period,224,gfc_2005_2010_w0224,2009-06-09,2010-06-08,2009-12-04,252,349,Chen2025_tau_star,1,0.05,FALSE,0.222039730306454,3.42524452751469,6.60166628732937,,20314602,5,rolling_v1|Chen2025_tau_star|252|5|0.05|1|NA|1|TRUE|QS|20260821,ok,,133.286000000007
gfc_2005_2010,The global financial crisis period,225,gfc_2005_2010_w0225,2009-06-16,2010-06-15,2009-12-11,252,349,Chen2025_tau_star,1,0.05,FALSE,0.111497509063262,4.93172850415785,6.60166628732937,,20314640,5,rolling_v1|Chen2025_tau_star|252|5|0.05|1|NA|1|TRUE|QS|20260821,ok,,133.914000000004
gfc_2005_2010,The global financial crisis period,226,gfc_2005_2010_w0226,2009-06-23,2010-06-22,2009-12-18,252,349,Chen2025_tau_star,1,0.05,TRUE,0.0478653713961013,6.69115337275441,6.60166628732937,,20314678,5,rolling_v1|Chen2025_tau_star|252|5|0.05|1|NA|1|TRUE|QS|20260821,ok,,124.47099999999
gfc_2005_2010,The global financial crisis period,227,gfc_2005_2010_w0227,2009-06-30,2010-06-29,2009-12-28,252,349,Chen2025_tau_star,1,0.05,TRUE,0.0145783680992594,9.10304105695926,6.60166628732937,,20314716,5,rolling_v1|Chen2025_tau_star|252|5|0.05|1|NA|1|TRUE|QS|20260821,ok,,134.202000000005
gfc_2005_2010,The global financial crisis period,228,gfc_2005_2010_w0228,2009-07-08,2010-07-07,2010-01-05,252,349,Chen2025_tau_star,1,0.05,TRUE,0.0137192736116912,9.22538464315702,6.60166628732937,,20314754,5,rolling_v1|Chen2025_tau_star|252|5|0.05|1|NA|1|TRUE|QS|20260821,ok,,133.30799999999
gfc_2005_2010,The global financial crisis period,229,gfc_2005_2010_w0229,2009-07-15,2010-07-14,2010-01-12,252,349,Chen2025_tau_star,1,0.05,TRUE,0.00790002376217051,10.3351286605039,6.60166628732937,,20314792,5,rolling_v1|Chen2025_tau_star|252|5|0.05|1|NA|1|TRUE|QS|20260821,ok,,117.172000000006
gfc_2005_2010,The global financial crisis period,230,gfc_2005_2010_w0230,2009-07-22,2010-07-21,2010-01-20,252,349,Chen2025_tau_star,1,0.05,TRUE,0.0410418129969236,7.0058421422936,6.60166628732937,,20314487,5,rolling_v1|Chen2025_tau_star|252|5|0.05|1|NA|1|TRUE|QS|20260821,ok,,98.7130000000034
gfc_2005_2010,The global financial crisis period,231,gfc_2005_2010_w0231,2009-07-29,2010-07-28,2010-01-27,252,349,Chen2025_tau_star,1,0.05,FALSE,0.0783777973181465,5.67264018960693,6.60166628732937,,20314525,5,rolling_v1|Chen2025_tau_star|252|5|0.05|1|NA|1|TRUE|QS|20260821,ok,,130.763000000006
gfc_2005_2010,The global financial crisis period,232,gfc_2005_2010_w0232,2009-08-05,2010-08-04,2010-02-03,252,349,Chen2025_tau_star,1,0.05,FALSE,0.100232817956847,5.15710532455222,6.60166628732937,,20314563,5,rolling_v1|Chen2025_tau_star|252|5|0.05|1|NA|1|TRUE|QS|20260821,ok,,128.226999999999
gfc_2005_2010,The global financial crisis period,233,gfc_2005_2010_w0233,2009-08-12,2010-08-11,2010-02-10,252,349,Chen2025_tau_star,1,0.05,FALSE,0.425004567721723,1.84464885277036,6.60166628732937,,20314601,5,rolling_v1|Chen2025_tau_star|252|5|0.05|1|NA|1|TRUE|QS|20260821,ok,,88.2829999999958
gfc_2005_2010,The global financial crisis period,234,gfc_2005_2010_w0234,2009-08-19,2010-08-18,2010-02-18,252,349,Chen2025_tau_star,1,0.05,FALSE,0.317851239178107,2.58328971791468,6.60166628732937,,20314639,5,rolling_v1|Chen2025_tau_star|252|5|0.05|1|NA|1|TRUE|QS|20260821,ok,,129.721999999994
gfc_2005_2010,The global financial crisis period,235,gfc_2005_2010_w0235,2009-08-26,2010-08-25,2010-02-25,252,349,Chen2025_tau_star,1,0.05,FALSE,0.52363544082206,1.25924227143813,6.60166628732937,,20314677,5,rolling_v1|Chen2025_tau_star|252|5|0.05|1|NA|1|TRUE|QS|20260821,ok,,113.856
gfc_2005_2010,The global financial crisis period,236,gfc_2005_2010_w0236,2009-09-02,2010-09-01,2010-03-04,252,349,Chen2025_tau_star,1,0.05,FALSE,0.567418777757345,1.01478553283737,6.60166628732937,,20314715,5,rolling_v1|Chen2025_tau_star|252|5|0.05|1|NA|1|TRUE|QS|20260821,ok,,100.861000000004
gfc_2005_2010,The global financial crisis period,237,gfc_2005_2010_w0237,2009-09-10,2010-09-09,2010-03-11,252,349,Chen2025_tau_star,1,0.05,FALSE,0.45666215456515,1.64978984621333,6.60166628732937,,20314753,5,rolling_v1|Chen2025_tau_star|252|5|0.05|1|NA|1|TRUE|QS|20260821,ok,,91.2920000000013
gfc_2005_2010,The global financial crisis period,238,gfc_2005_2010_w0238,2009-09-17,2010-09-16,2010-03-18,252,349,Chen2025_tau_star,1,0.05,FALSE,0.462239075003636,1.61624706510655,6.60166628732937,,20314791,5,rolling_v1|Chen2025_tau_star|252|5|0.05|1|NA|1|TRUE|QS|20260821,ok,,134.296000000002
gfc_2005_2010,The global financial crisis period,239,gfc_2005_2010_w0239,2009-09-24,2010-09-23,2010-03-25,252,349,Chen2025_tau_star,1,0.05,FALSE,0.553743796008985,1.09048093956437,6.60166628732937,,20314829,5,rolling_v1|Chen2025_tau_star|252|5|0.05|1|NA|1|TRUE|QS|20260821,ok,,129.870999999999
gfc_2005_2010,The global financial crisis period,240,gfc_2005_2010_w0240,2009-10-01,2010-09-30,2010-04-01,252,349,Chen2025_tau_star,1,0.05,FALSE,0.309106690390386,2.65102468445895,6.60166628732937,,20314524,5,rolling_v1|Chen2025_tau_star|252|5|0.05|1|NA|1|TRUE|QS|20260821,ok,,135.588000000003
gfc_2005_2010,The global financial crisis period,241,gfc_2005_2010_w0241,2009-10-08,2010-10-07,2010-04-09,252,349,Chen2025_tau_star,1,0.05,FALSE,0.369022672253871,2.21222427306036,6.60166628732937,,20314562,5,rolling_v1|Chen2025_tau_star|252|5|0.05|1|NA|1|TRUE|QS|20260821,ok,,89.4830000000075
gfc_2005_2010,The global financial crisis period,242,gfc_2005_2010_w0242,2009-10-15,2010-10-14,2010-04-16,252,349,Chen2025_tau_star,1,0.05,FALSE,0.240467305872555,3.2428666532231,6.60166628732937,,20314600,5,rolling_v1|Chen2025_tau_star|252|5|0.05|1|NA|1|TRUE|QS|20260821,ok,,102.278999999995
gfc_2005_2010,The global financial crisis period,243,gfc_2005_2010_w0243,2009-10-22,2010-10-21,2010-04-23,252,349,Chen2025_tau_star,1,0.05,FALSE,0.292573581774047,2.78320569884042,6.60166628732937,,20314638,5,rolling_v1|Chen2025_tau_star|252|5|0.05|1|NA|1|TRUE|QS|20260821,ok,,122.559999999998
gfc_2005_2010,The global financial crisis period,244,gfc_2005_2010_w0244,2009-10-29,2010-10-28,2010-04-30,252,349,Chen2025_tau_star,1,0.05,TRUE,0.0350303952700785,7.32880139021211,6.60166628732937,,20314676,5,rolling_v1|Chen2025_tau_star|252|5|0.05|1|NA|1|TRUE|QS|20260821,ok,,120.20199999999
gfc_2005_2010,The global financial crisis period,245,gfc_2005_2010_w0245,2009-11-05,2010-11-04,2010-05-07,252,349,Chen2025_tau_star,1,0.05,FALSE,0.274788882352598,2.93208268907881,6.60166628732937,,20314714,5,rolling_v1|Chen2025_tau_star|252|5|0.05|1|NA|1|TRUE|QS|20260821,ok,,107.168000000005
gfc_2005_2010,The global financial crisis period,246,gfc_2005_2010_w0246,2009-11-12,2010-11-11,2010-05-14,252,349,Chen2025_tau_star,1,0.05,FALSE,0.859910948489051,-0.690194114614712,6.60166628732937,,20314752,5,rolling_v1|Chen2025_tau_star|252|5|0.05|1|NA|1|TRUE|QS|20260821,ok,,86.502999999997
gfc_2005_2010,The global financial crisis period,247,gfc_2005_2010_w0247,2009-11-19,2010-11-18,2010-05-21,252,349,Chen2025_tau_star,1,0.05,FALSE,0.800879561189125,-0.295963788828661,6.60166628732937,,20314790,5,rolling_v1|Chen2025_tau_star|252|5|0.05|1|NA|1|TRUE|QS|20260821,ok,,127.682000000001
gfc_2005_2010,The global financial crisis period,248,gfc_2005_2010_w0248,2009-11-27,2010-11-26,2010-05-28,252,349,Chen2025_tau_star,1,0.05,FALSE,0.567886602831568,1.01220467433603,6.60166628732937,,20314828,5,rolling_v1|Chen2025_tau_star|252|5|0.05|1|NA|1|TRUE|QS|20260821,ok,,133.392999999996
gfc_2005_2010,The global financial crisis period,249,gfc_2005_2010_w0249,2009-12-04,2010-12-03,2010-06-07,252,349,Chen2025_tau_star,1,0.05,FALSE,0.864295389081767,-0.72229144737253,6.60166628732937,,20314866,5,rolling_v1|Chen2025_tau_star|252|5|0.05|1|NA|1|TRUE|QS|20260821,ok,,132.18299999999
gfc_2005_2010,The global financial crisis period,250,gfc_2005_2010_w0250,2009-12-11,2010-12-10,2010-06-14,252,349,Chen2025_tau_star,1,0.05,FALSE,0.710822123939337,0.229902889642138,6.60166628732937,,20314561,5,rolling_v1|Chen2025_tau_star|252|5|0.05|1|NA|1|TRUE|QS|20260821,ok,,134.758000000002
gfc_2005_2010,The global financial crisis period,251,gfc_2005_2010_w0251,2009-12-18,2010-12-17,2010-06-21,252,349,Chen2025_tau_star,1,0.05,FALSE,0.722764593839598,0.163047761223329,6.60166628732937,,20314599,5,rolling_v1|Chen2025_tau_star|252|5|0.05|1|NA|1|TRUE|QS|20260821,ok,,132.643000000011
gfc_2005_2010,The global financial crisis period,252,gfc_2005_2010_w0252,2009-12-28,2010-12-27,2010-06-28,252,349,Chen2025_tau_star,1,0.05,FALSE,0.635805143914189,0.64124397211569,6.60166628732937,,20314637,5,rolling_v1|Chen2025_tau_star|252|5|0.05|1|NA|1|TRUE|QS|20260821,ok,,133.997000000003
gfc_2005_2010,The global financial crisis period,1,gfc_2005_2010_w0001,2005-01-03,2005-12-30,2005-07-01,252,349,Feng2022_T_FC,1,0.05,TRUE,0.00413803735511597,15.2889026435828,9.48772903678115,,20300344,5,rolling_v1|Feng2022_T_FC|252|5|0.05|1|NA|1|TRUE|QS|20260821,ok,,0.0869999999995343
gfc_2005_2010,The global financial crisis period,2,gfc_2005_2010_w0002,2005-01-10,2006-01-09,2005-07-11,252,349,Feng2022_T_FC,1,0.05,TRUE,0.000494336286516026,20.0224164258646,9.48772903678115,,20300378,5,rolling_v1|Feng2022_T_FC|252|5|0.05|1|NA|1|TRUE|QS|20260821,ok,,0.10899999999674
gfc_2005_2010,The global financial crisis period,3,gfc_2005_2010_w0003,2005-01-18,2006-01-17,2005-07-18,252,349,Feng2022_T_FC,1,0.05,TRUE,0.000532489455095289,19.8588085175469,9.48772903678115,,20300412,5,rolling_v1|Feng2022_T_FC|252|5|0.05|1|NA|1|TRUE|QS|20260821,ok,,0.080999999991036
gfc_2005_2010,The global financial crisis period,4,gfc_2005_2010_w0004,2005-01-25,2006-01-24,2005-07-25,252,349,Feng2022_T_FC,1,0.05,TRUE,0.000746711415266895,19.1131625066593,9.48772903678115,,20300446,5,rolling_v1|Feng2022_T_FC|252|5|0.05|1|NA|1|TRUE|QS|20260821,ok,,0.0760000000009313
gfc_2005_2010,The global financial crisis period,5,gfc_2005_2010_w0005,2005-02-01,2006-01-31,2005-08-01,252,349,Feng2022_T_FC,1,0.05,TRUE,0.00756103245692678,13.9181164137522,9.48772903678115,,20300480,5,rolling_v1|Feng2022_T_FC|252|5|0.05|1|NA|1|TRUE|QS|20260821,ok,,0.0760000000009313
gfc_2005_2010,The global financial crisis period,6,gfc_2005_2010_w0006,2005-02-08,2006-02-07,2005-08-08,252,349,Feng2022_T_FC,1,0.05,TRUE,0.00736644413892918,13.9777388339644,9.48772903678115,,20300514,5,rolling_v1|Feng2022_T_FC|252|5|0.05|1|NA|1|TRUE|QS|20260821,ok,,0.0760000000009313
gfc_2005_2010,The global financial crisis period,7,gfc_2005_2010_w0007,2005-02-15,2006-02-14,2005-08-15,252,349,Feng2022_T_FC,1,0.05,TRUE,0.0165302414740496,12.1130301458599,9.48772903678115,,20300548,5,rolling_v1|Feng2022_T_FC|252|5|0.05|1|NA|1|TRUE|QS|20260821,ok,,0.077000000004773
gfc_2005_2010,The global financial crisis period,8,gfc_2005_2010_w0008,2005-02-23,2006-02-22,2005-08-22,252,349,Feng2022_T_FC,1,0.05,TRUE,0.0156273573457119,12.2438157479404,9.48772903678115,,20300582,5,rolling_v1|Feng2022_T_FC|252|5|0.05|1|NA|1|TRUE|QS|20260821,ok,,0.0760000000009313
gfc_2005_2010,The global financial crisis period,9,gfc_2005_2010_w0009,2005-03-02,2006-03-01,2005-08-29,252,349,Feng2022_T_FC,1,0.05,TRUE,0.0085535722473475,13.6356216988392,9.48772903678115,,20300616,5,rolling_v1|Feng2022_T_FC|252|5|0.05|1|NA|1|TRUE|QS|20260821,ok,,0.0760000000009313
gfc_2005_2010,The global financial crisis period,10,gfc_2005_2010_w0010,2005-03-09,2006-03-08,2005-09-06,252,349,Feng2022_T_FC,1,0.05,TRUE,0.000202075208705617,21.9820588649471,9.48772903678115,,20300343,5,rolling_v1|Feng2022_T_FC|252|5|0.05|1|NA|1|TRUE|QS|20260821,ok,,0.0760000000009313
gfc_2005_2010,The global financial crisis period,11,gfc_2005_2010_w0011,2005-03-16,2006-03-15,2005-09-13,252,349,Feng2022_T_FC,1,0.05,TRUE,0.000733678938865157,19.1520581395909,9.48772903678115,,20300377,5,rolling_v1|Feng2022_T_FC|252|5|0.05|1|NA|1|TRUE|QS|20260821,ok,,0.077000000004773
gfc_2005_2010,The global financial crisis period,12,gfc_2005_2010_w0012,2005-03-23,2006-03-22,2005-09-20,252,349,Feng2022_T_FC,1,0.05,TRUE,0.000619925738119452,19.5238506755828,9.48772903678115,,20300411,5,rolling_v1|Feng2022_T_FC|252|5|0.05|1|NA|1|TRUE|QS|20260821,ok,,0.0769999999902211
gfc_2005_2010,The global financial crisis period,13,gfc_2005_2010_w0013,2005-03-31,2006-03-29,2005-09-27,252,349,Feng2022_T_FC,1,0.05,TRUE,0.00150334053997902,17.5609024853716,9.48772903678115,,20300445,5,rolling_v1|Feng2022_T_FC|252|5|0.05|1|NA|1|TRUE|QS|20260821,ok,,0.0769999999902211
gfc_2005_2010,The global financial crisis period,14,gfc_2005_2010_w0014,2005-04-07,2006-04-05,2005-10-04,252,349,Feng2022_T_FC,1,0.05,TRUE,0.00151461075306906,17.544262803536,9.48772903678115,,20300479,5,rolling_v1|Feng2022_T_FC|252|5|0.05|1|NA|1|TRUE|QS|20260821,ok,,0.0769999999902211
gfc_2005_2010,The global financial crisis period,15,gfc_2005_2010_w0015,2005-04-14,2006-04-12,2005-10-11,252,349,Feng2022_T_FC,1,0.05,TRUE,0.000850449154742052,18.8255596207534,9.48772903678115,,20300513,5,rolling_v1|Feng2022_T_FC|252|5|0.05|1|NA|1|TRUE|QS|20260821,ok,,0.0760000000009313
gfc_2005_2010,The global financial crisis period,16,gfc_2005_2010_w0016,2005-04-21,2006-04-20,2005-10-18,252,349,Feng2022_T_FC,1,0.05,TRUE,0.000441493468008496,20.2709682182804,9.48772903678115,,20300547,5,rolling_v1|Feng2022_T_FC|252|5|0.05|1|NA|1|TRUE|QS|20260821,ok,,0.0759999999863794
gfc_2005_2010,The global financial crisis period,17,gfc_2005_2010_w0017,2005-04-28,2006-04-27,2005-10-25,252,349,Feng2022_T_FC,1,0.05,TRUE,0.00206112350980021,16.8564206950157,9.48772903678115,,20300581,5,rolling_v1|Feng2022_T_FC|252|5|0.05|1|NA|1|TRUE|QS|20260821,ok,,0.0760000000009313
gfc_2005_2010,The global financial crisis period,18,gfc_2005_2010_w0018,2005-05-05,2006-05-04,2005-11-01,252,349,Feng2022_T_FC,1,0.05,TRUE,0.000784647120959571,19.0036511500579,9.48772903678115,,20300615,5,rolling_v1|Feng2022_T_FC|252|5|0.05|1|NA|1|TRUE|QS|20260821,ok,,0.0769999999902211
gfc_2005_2010,The global financial crisis period,19,gfc_2005_2010_w0019,2005-05-12,2006-05-11,2005-11-08,252,349,Feng2022_T_FC,1,0.05,TRUE,0.000978588966615559,18.5147961222731,9.48772903678115,,20300649,5,rolling_v1|Feng2022_T_FC|252|5|0.05|1|NA|1|TRUE|QS|20260821,ok,,0.0760000000009313
gfc_2005_2010,The global financial crisis period,20,gfc_2005_2010_w0020,2005-05-19,2006-05-18,2005-11-15,252,349,Feng2022_T_FC,1,0.05,TRUE,0.00176782855790037,17.199478445589,9.48772903678115,,20300376,5,rolling_v1|Feng2022_T_FC|252|5|0.05|1|NA|1|TRUE|QS|20260821,ok,,0.0760000000009313
gfc_2005_2010,The global financial crisis period,21,gfc_2005_2010_w0021,2005-05-26,2006-05-25,2005-11-22,252,349,Feng2022_T_FC,1,0.05,TRUE,0.00190542312611519,17.0320576012036,9.48772903678115,,20300410,5,rolling_v1|Feng2022_T_FC|252|5|0.05|1|NA|1|TRUE|QS|20260821,ok,,0.077000000004773
gfc_2005_2010,The global financial crisis period,22,gfc_2005_2010_w0022,2005-06-03,2006-06-02,2005-11-30,252,349,Feng2022_T_FC,1,0.05,TRUE,0.00277668167339669,16.1882551852483,9.48772903678115,,20300444,5,rolling_v1|Feng2022_T_FC|252|5|0.05|1|NA|1|TRUE|QS|20260821,ok,,0.0780000000086147
gfc_2005_2010,The global financial crisis period,23,gfc_2005_2010_w0023,2005-06-10,2006-06-09,2005-12-07,252,349,Feng2022_T_FC,1,0.05,TRUE,0.0013772533944742,17.7559424077513,9.48772903678115,,20300478,5,rolling_v1|Feng2022_T_FC|252|5|0.05|1|NA|1|TRUE|QS|20260821,ok,,0.0999999999912689
gfc_2005_2010,The global financial crisis period,24,gfc_2005_2010_w0024,2005-06-17,2006-06-16,2005-12-14,252,349,Feng2022_T_FC,1,0.05,TRUE,0.00130598549307376,17.8741390319863,9.48772903678115,,20300512,5,rolling_v1|Feng2022_T_FC|252|5|0.05|1|NA|1|TRUE|QS|20260821,ok,,0.0780000000086147
gfc_2005_2010,The global financial crisis period,25,gfc_2005_2010_w0025,2005-06-24,2006-06-23,2005-12-21,252,349,Feng2022_T_FC,1,0.05,TRUE,0.00172621366844304,17.2526531982839,9.48772903678115,,20300546,5,rolling_v1|Feng2022_T_FC|252|5|0.05|1|NA|1|TRUE|QS|20260821,ok,,0.0859999999956926
gfc_2005_2010,The global financial crisis period,26,gfc_2005_2010_w0026,2005-07-01,2006-06-30,2005-12-29,252,349,Feng2022_T_FC,1,0.05,TRUE,0.00193687712047807,16.9954625870122,9.48772903678115,,20300580,5,rolling_v1|Feng2022_T_FC|252|5|0.05|1|NA|1|TRUE|QS|20260821,ok,,0.0780000000086147
gfc_2005_2010,The global financial crisis period,27,gfc_2005_2010_w0027,2005-07-11,2006-07-10,2006-01-06,252,349,Feng2022_T_FC,1,0.05,TRUE,0.00472775711301916,14.9872392420899,9.48772903678115,,20300614,5,rolling_v1|Feng2022_T_FC|252|5|0.05|1|NA|1|TRUE|QS|20260821,ok,,0.077000000004773
gfc_2005_2010,The global financial crisis period,28,gfc_2005_2010_w0028,2005-07-18,2006-07-17,2006-01-13,252,349,Feng2022_T_FC,1,0.05,TRUE,0.00690488289045126,14.1255711021054,9.48772903678115,,20300648,5,rolling_v1|Feng2022_T_FC|252|5|0.05|1|NA|1|TRUE|QS|20260821,ok,,0.0760000000009313
gfc_2005_2010,The global financial crisis period,29,gfc_2005_2010_w0029,2005-07-25,2006-07-24,2006-01-23,252,349,Feng2022_T_FC,1,0.05,FALSE,0.0501090234475633,9.48245431224376,9.48772903678115,,20300682,5,rolling_v1|Feng2022_T_FC|252|5|0.05|1|NA|1|TRUE|QS|20260821,ok,,0.0760000000009313
gfc_2005_2010,The global financial crisis period,30,gfc_2005_2010_w0030,2005-08-01,2006-07-31,2006-01-30,252,349,Feng2022_T_FC,1,0.05,TRUE,0.0134358310078911,12.5946801925018,9.48772903678115,,20300409,5,rolling_v1|Feng2022_T_FC|252|5|0.05|1|NA|1|TRUE|QS|20260821,ok,,0.077000000004773
gfc_2005_2010,The global financial crisis period,31,gfc_2005_2010_w0031,2005-08-08,2006-08-07,2006-02-06,252,349,Feng2022_T_FC,1,0.05,TRUE,0.0228114121700705,11.3590881322313,9.48772903678115,,20300443,5,rolling_v1|Feng2022_T_FC|252|5|0.05|1|NA|1|TRUE|QS|20260821,ok,,0.077000000004773
gfc_2005_2010,The global financial crisis period,32,gfc_2005_2010_w0032,2005-08-15,2006-08-14,2006-02-13,252,349,Feng2022_T_FC,1,0.05,TRUE,0.0254055298340415,11.1053188027469,9.48772903678115,,20300477,5,rolling_v1|Feng2022_T_FC|252|5|0.05|1|NA|1|TRUE|QS|20260821,ok,,0.077000000004773
gfc_2005_2010,The global financial crisis period,33,gfc_2005_2010_w0033,2005-08-22,2006-08-21,2006-02-21,252,349,Feng2022_T_FC,1,0.05,TRUE,0.028183040128915,10.8600223429503,9.48772903678115,,20300511,5,rolling_v1|Feng2022_T_FC|252|5|0.05|1|NA|1|TRUE|QS|20260821,ok,,0.077000000004773
gfc_2005_2010,The global financial crisis period,34,gfc_2005_2010_w0034,2005-08-29,2006-08-28,2006-02-28,252,349,Feng2022_T_FC,1,0.05,TRUE,0.0277009501258578,10.9008726893176,9.48772903678115,,20300545,5,rolling_v1|Feng2022_T_FC|252|5|0.05|1|NA|1|TRUE|QS|20260821,ok,,0.077000000004773
gfc_2005_2010,The global financial crisis period,35,gfc_2005_2010_w0035,2005-09-06,2006-09-05,2006-03-07,252,349,Feng2022_T_FC,1,0.05,TRUE,0.0245991307154186,11.1814088128922,9.48772903678115,,20300579,5,rolling_v1|Feng2022_T_FC|252|5|0.05|1|NA|1|TRUE|QS|20260821,ok,,0.0760000000009313
gfc_2005_2010,The global financial crisis period,36,gfc_2005_2010_w0036,2005-09-13,2006-09-12,2006-03-14,252,349,Feng2022_T_FC,1,0.05,FALSE,0.0781775450048562,8.3936393090453,9.48772903678115,,20300613,5,rolling_v1|Feng2022_T_FC|252|5|0.05|1|NA|1|TRUE|QS|20260821,ok,,0.077000000004773
gfc_2005_2010,The global financial crisis period,37,gfc_2005_2010_w0037,2005-09-20,2006-09-19,2006-03-21,252,349,Feng2022_T_FC,1,0.05,TRUE,0.0448539816837913,9.75011804618728,9.48772903678115,,20300647,5,rolling_v1|Feng2022_T_FC|252|5|0.05|1|NA|1|TRUE|QS|20260821,ok,,0.077000000004773
gfc_2005_2010,The global financial crisis period,38,gfc_2005_2010_w0038,2005-09-27,2006-09-26,2006-03-28,252,349,Feng2022_T_FC,1,0.05,TRUE,0.0382929255972384,10.1300590394416,9.48772903678115,,20300681,5,rolling_v1|Feng2022_T_FC|252|5|0.05|1|NA|1|TRUE|QS|20260821,ok,,0.077000000004773
gfc_2005_2010,The global financial crisis period,39,gfc_2005_2010_w0039,2005-10-04,2006-10-03,2006-04-04,252,349,Feng2022_T_FC,1,0.05,TRUE,0.0133154513216935,12.6155361310005,9.48772903678115,,20300715,5,rolling_v1|Feng2022_T_FC|252|5|0.05|1|NA|1|TRUE|QS|20260821,ok,,0.077000000004773
gfc_2005_2010,The global financial crisis period,40,gfc_2005_2010_w0040,2005-10-11,2006-10-10,2006-04-11,252,349,Feng2022_T_FC,1,0.05,TRUE,0.00512670959714363,14.8034574271233,9.48772903678115,,20300442,5,rolling_v1|Feng2022_T_FC|252|5|0.05|1|NA|1|TRUE|QS|20260821,ok,,0.0780000000086147
gfc_2005_2010,The global financial crisis period,41,gfc_2005_2010_w0041,2005-10-18,2006-10-17,2006-04-19,252,349,Feng2022_T_FC,1,0.05,TRUE,0.0201006567099138,11.6560810672234,9.48772903678115,,20300476,5,rolling_v1|Feng2022_T_FC|252|5|0.05|1|NA|1|TRUE|QS|20260821,ok,,0.077000000004773
gfc_2005_2010,The global financial crisis period,42,gfc_2005_2010_w0042,2005-10-25,2006-10-24,2006-04-26,252,349,Feng2022_T_FC,1,0.05,TRUE,0.0168089025167889,12.0740665914123,9.48772903678115,,20300510,5,rolling_v1|Feng2022_T_FC|252|5|0.05|1|NA|1|TRUE|QS|20260821,ok,,0.0780000000086147
gfc_2005_2010,The global financial crisis period,43,gfc_2005_2010_w0043,2005-11-01,2006-10-31,2006-05-03,252,349,Feng2022_T_FC,1,0.05,TRUE,0.00642544155002661,14.2897587136759,9.48772903678115,,20300544,5,rolling_v1|Feng2022_T_FC|252|5|0.05|1|NA|1|TRUE|QS|20260821,ok,,0.077000000004773
gfc_2005_2010,The global financial crisis period,44,gfc_2005_2010_w0044,2005-11-08,2006-11-07,2006-05-10,252,349,Feng2022_T_FC,1,0.05,TRUE,0.0105147568528871,13.1611261502876,9.48772903678115,,20300578,5,rolling_v1|Feng2022_T_FC|252|5|0.05|1|NA|1|TRUE|QS|20260821,ok,,0.0780000000086147
gfc_2005_2010,The global financial crisis period,45,gfc_2005_2010_w0045,2005-11-15,2006-11-14,2006-05-17,252,349,Feng2022_T_FC,1,0.05,TRUE,0.00970084446796151,13.3465749545816,9.48772903678115,,20300612,5,rolling_v1|Feng2022_T_FC|252|5|0.05|1|NA|1|TRUE|QS|20260821,ok,,0.0779999999940628
gfc_2005_2010,The global financial crisis period,46,gfc_2005_2010_w0046,2005-11-22,2006-11-21,2006-05-24,252,349,Feng2022_T_FC,1,0.05,TRUE,0.010842284725439,13.0904302874027,9.48772903678115,,20300646,5,rolling_v1|Feng2022_T_FC|252|5|0.05|1|NA|1|TRUE|QS|20260821,ok,,0.077000000004773
gfc_2005_2010,The global financial crisis period,47,gfc_2005_2010_w0047,2005-11-30,2006-11-29,2006-06-01,252,349,Feng2022_T_FC,1,0.05,TRUE,0.00466166674632134,15.0191482413344,9.48772903678115,,20300680,5,rolling_v1|Feng2022_T_FC|252|5|0.05|1|NA|1|TRUE|QS|20260821,ok,,0.077000000004773
gfc_2005_2010,The global financial crisis period,48,gfc_2005_2010_w0048,2005-12-07,2006-12-06,2006-06-08,252,349,Feng2022_T_FC,1,0.05,TRUE,0.00227838158874339,16.6320521355012,9.48772903678115,,20300714,5,rolling_v1|Feng2022_T_FC|252|5|0.05|1|NA|1|TRUE|QS|20260821,ok,,0.077000000004773
gfc_2005_2010,The global financial crisis period,49,gfc_2005_2010_w0049,2005-12-14,2006-12-13,2006-06-15,252,349,Feng2022_T_FC,1,0.05,TRUE,0.00235001300216173,16.562680786617,9.48772903678115,,20300748,5,rolling_v1|Feng2022_T_FC|252|5|0.05|1|NA|1|TRUE|QS|20260821,ok,,0.0779999999940628
gfc_2005_2010,The global financial crisis period,50,gfc_2005_2010_w0050,2005-12-21,2006-12-20,2006-06-22,252,349,Feng2022_T_FC,1,0.05,TRUE,0.00210021190460141,16.81438296051,9.48772903678115,,20300475,5,rolling_v1|Feng2022_T_FC|252|5|0.05|1|NA|1|TRUE|QS|20260821,ok,,0.0779999999940628
gfc_2005_2010,The global financial crisis period,51,gfc_2005_2010_w0051,2005-12-29,2006-12-28,2006-06-29,252,349,Feng2022_T_FC,1,0.05,TRUE,0.00184905662582491,17.0991530221105,9.48772903678115,,20300509,5,rolling_v1|Feng2022_T_FC|252|5|0.05|1|NA|1|TRUE|QS|20260821,ok,,0.0789999999979045
gfc_2005_2010,The global financial crisis period,52,gfc_2005_2010_w0052,2006-01-06,2007-01-08,2006-07-07,252,349,Feng2022_T_FC,1,0.05,TRUE,0.00139884545033467,17.7213225916727,9.48772903678115,,20300543,5,rolling_v1|Feng2022_T_FC|252|5|0.05|1|NA|1|TRUE|QS|20260821,ok,,0.0800000000017462
gfc_2005_2010,The global financial crisis period,53,gfc_2005_2010_w0053,2006-01-13,2007-01-16,2006-07-14,252,349,Feng2022_T_FC,1,0.05,TRUE,0.000751576382983831,19.0988148021378,9.48772903678115,,20300577,5,rolling_v1|Feng2022_T_FC|252|5|0.05|1|NA|1|TRUE|QS|20260821,ok,,0.0789999999979045
gfc_2005_2010,The global financial crisis period,54,gfc_2005_2010_w0054,2006-01-23,2007-01-23,2006-07-21,252,349,Feng2022_T_FC,1,0.05,TRUE,0.000447122972364306,20.2431254104374,9.48772903678115,,20300611,5,rolling_v1|Feng2022_T_FC|252|5|0.05|1|NA|1|TRUE|QS|20260821,ok,,0.0789999999979045
gfc_2005_2010,The global financial crisis period,55,gfc_2005_2010_w0055,2006-01-30,2007-01-30,2006-07-28,252,349,Feng2022_T_FC,1,0.05,TRUE,0.000988274831813994,18.4929687787942,9.48772903678115,,20300645,5,rolling_v1|Feng2022_T_FC|252|5|0.05|1|NA|1|TRUE|QS|20260821,ok,,0.0800000000017462
gfc_2005_2010,The global financial crisis period,56,gfc_2005_2010_w0056,2006-02-06,2007-02-06,2006-08-04,252,349,Feng2022_T_FC,1,0.05,TRUE,0.00118538883105675,18.0894656629855,9.48772903678115,,20300679,5,rolling_v1|Feng2022_T_FC|252|5|0.05|1|NA|1|TRUE|QS|20260821,ok,,0.0800000000017462
gfc_2005_2010,The global financial crisis period,57,gfc_2005_2010_w0057,2006-02-13,2007-02-13,2006-08-11,252,349,Feng2022_T_FC,1,0.05,TRUE,0.000826767722246128,18.8880318962851,9.48772903678115,,20300713,5,rolling_v1|Feng2022_T_FC|252|5|0.05|1|NA|1|TRUE|QS|20260821,ok,,0.0800000000017462
gfc_2005_2010,The global financial crisis period,58,gfc_2005_2010_w0058,2006-02-21,2007-02-21,2006-08-18,252,349,Feng2022_T_FC,1,0.05,TRUE,0.000680965170540885,19.3166845951038,9.48772903678115,,20300747,5,rolling_v1|Feng2022_T_FC|252|5|0.05|1|NA|1|TRUE|QS|20260821,ok,,0.0800000000017462
gfc_2005_2010,The global financial crisis period,59,gfc_2005_2010_w0059,2006-02-28,2007-02-28,2006-08-25,252,349,Feng2022_T_FC,1,0.05,TRUE,0.000459811287106227,20.1816227159747,9.48772903678115,,20300781,5,rolling_v1|Feng2022_T_FC|252|5|0.05|1|NA|1|TRUE|QS|20260821,ok,,0.0800000000017462
gfc_2005_2010,The global financial crisis period,60,gfc_2005_2010_w0060,2006-03-07,2007-03-07,2006-09-01,252,349,Feng2022_T_FC,1,0.05,TRUE,0.000438129178449337,20.2877758885593,9.48772903678115,,20300508,5,rolling_v1|Feng2022_T_FC|252|5|0.05|1|NA|1|TRUE|QS|20260821,ok,,0.0799999999871943
gfc_2005_2010,The global financial crisis period,61,gfc_2005_2010_w0061,2006-03-14,2007-03-14,2006-09-11,252,349,Feng2022_T_FC,1,0.05,TRUE,0.00193662532624856,16.9957532022779,9.48772903678115,,20300542,5,rolling_v1|Feng2022_T_FC|252|5|0.05|1|NA|1|TRUE|QS|20260821,ok,,0.0800000000017462
gfc_2005_2010,The global financial crisis period,62,gfc_2005_2010_w0062,2006-03-21,2007-03-21,2006-09-18,252,349,Feng2022_T_FC,1,0.05,TRUE,0.0020602872793668,16.8573285839431,9.48772903678115,,20300576,5,rolling_v1|Feng2022_T_FC|252|5|0.05|1|NA|1|TRUE|QS|20260821,ok,,0.0810000000055879
gfc_2005_2010,The global financial crisis period,63,gfc_2005_2010_w0063,2006-03-28,2007-03-28,2006-09-25,252,349,Feng2022_T_FC,1,0.05,TRUE,0.0007288116362288,19.1667602031343,9.48772903678115,,20300610,5,rolling_v1|Feng2022_T_FC|252|5|0.05|1|NA|1|TRUE|QS|20260821,ok,,0.0810000000055879
gfc_2005_2010,The global financial crisis period,64,gfc_2005_2010_w0064,2006-04-04,2007-04-04,2006-10-02,252,349,Feng2022_T_FC,1,0.05,TRUE,0.000421765677678151,20.3713930619657,9.48772903678115,,20300644,5,rolling_v1|Feng2022_T_FC|252|5|0.05|1|NA|1|TRUE|QS|20260821,ok,,0.080999999991036
gfc_2005_2010,The global financial crisis period,65,gfc_2005_2010_w0065,2006-04-11,2007-04-12,2006-10-09,252,349,Feng2022_T_FC,1,0.05,TRUE,0.000898561997918759,18.7037666377534,9.48772903678115,,20300678,5,rolling_v1|Feng2022_T_FC|252|5|0.05|1|NA|1|TRUE|QS|20260821,ok,,0.080999999991036
gfc_2005_2010,The global financial crisis period,66,gfc_2005_2010_w0066,2006-04-19,2007-04-19,2006-10-16,252,349,Feng2022_T_FC,1,0.05,TRUE,0.000479827873200173,20.0879349277866,9.48772903678115,,20300712,5,rolling_v1|Feng2022_T_FC|252|5|0.05|1|NA|1|TRUE|QS|20260821,ok,,0.080999999991036
gfc_2005_2010,The global financial crisis period,67,gfc_2005_2010_w0067,2006-04-26,2007-04-26,2006-10-23,252,349,Feng2022_T_FC,1,0.05,TRUE,0.000445968933770632,20.2488047414325,9.48772903678115,,20300746,5,rolling_v1|Feng2022_T_FC|252|5|0.05|1|NA|1|TRUE|QS|20260821,ok,,0.0800000000017462
gfc_2005_2010,The global financial crisis period,68,gfc_2005_2010_w0068,2006-05-03,2007-05-03,2006-10-30,252,349,Feng2022_T_FC,1,0.05,TRUE,0.000235229671772204,21.6503585813344,9.48772903678115,,20300780,5,rolling_v1|Feng2022_T_FC|252|5|0.05|1|NA|1|TRUE|QS|20260821,ok,,0.0810000000055879
gfc_2005_2010,The global financial crisis period,69,gfc_2005_2010_w0069,2006-05-10,2007-05-10,2006-11-06,252,349,Feng2022_T_FC,1,0.05,TRUE,0.000233368312043237,21.6677145995055,9.48772903678115,,20300814,5,rolling_v1|Feng2022_T_FC|252|5|0.05|1|NA|1|TRUE|QS|20260821,ok,,0.0820000000094296
gfc_2005_2010,The global financial crisis period,70,gfc_2005_2010_w0070,2006-05-17,2007-05-17,2006-11-13,252,349,Feng2022_T_FC,1,0.05,TRUE,0.000287516332412146,21.2114596336739,9.48772903678115,,20300541,5,rolling_v1|Feng2022_T_FC|252|5|0.05|1|NA|1|TRUE|QS|20260821,ok,,0.0800000000017462
gfc_2005_2010,The global financial crisis period,71,gfc_2005_2010_w0071,2006-05-24,2007-05-24,2006-11-20,252,349,Feng2022_T_FC,1,0.05,TRUE,0.000299926218087081,21.1189598528709,9.48772903678115,,20300575,5,rolling_v1|Feng2022_T_FC|252|5|0.05|1|NA|1|TRUE|QS|20260821,ok,,0.0810000000055879
gfc_2005_2010,The global financial crisis period,72,gfc_2005_2010_w0072,2006-06-01,2007-06-01,2006-11-28,252,349,Feng2022_T_FC,1,0.05,TRUE,0.00078507598311509,19.0024432980184,9.48772903678115,,20300609,5,rolling_v1|Feng2022_T_FC|252|5|0.05|1|NA|1|TRUE|QS|20260821,ok,,0.0810000000055879
gfc_2005_2010,The global financial crisis period,73,gfc_2005_2010_w0073,2006-06-08,2007-06-08,2006-12-05,252,349,Feng2022_T_FC,1,0.05,TRUE,0.000175851075960596,22.2851847679183,9.48772903678115,,20300643,5,rolling_v1|Feng2022_T_FC|252|5|0.05|1|NA|1|TRUE|QS|20260821,ok,,0.0810000000055879
gfc_2005_2010,The global financial crisis period,74,gfc_2005_2010_w0074,2006-06-15,2007-06-15,2006-12-12,252,349,Feng2022_T_FC,1,0.05,TRUE,9.22991158859605e-05,23.6865962473919,9.48772903678115,,20300677,5,rolling_v1|Feng2022_T_FC|252|5|0.05|1|NA|1|TRUE|QS|20260821,ok,,0.080999999991036
gfc_2005_2010,The global financial crisis period,75,gfc_2005_2010_w0075,2006-06-22,2007-06-22,2006-12-19,252,349,Feng2022_T_FC,1,0.05,TRUE,6.32347797659992e-05,24.5057404935953,9.48772903678115,,20300711,5,rolling_v1|Feng2022_T_FC|252|5|0.05|1|NA|1|TRUE|QS|20260821,ok,,0.0819999999948777
gfc_2005_2010,The global financial crisis period,76,gfc_2005_2010_w0076,2006-06-29,2007-06-29,2006-12-27,252,349,Feng2022_T_FC,1,0.05,TRUE,9.57671652728609e-06,28.565822092557,9.48772903678115,,20300745,5,rolling_v1|Feng2022_T_FC|252|5|0.05|1|NA|1|TRUE|QS|20260821,ok,,0.0810000000055879
gfc_2005_2010,The global financial crisis period,77,gfc_2005_2010_w0077,2006-07-07,2007-07-09,2007-01-05,252,349,Feng2022_T_FC,1,0.05,TRUE,1.7258298582958e-05,27.3035584602791,9.48772903678115,,20300779,5,rolling_v1|Feng2022_T_FC|252|5|0.05|1|NA|1|TRUE|QS|20260821,ok,,0.0820000000094296
gfc_2005_2010,The global financial crisis period,78,gfc_2005_2010_w0078,2006-07-14,2007-07-16,2007-01-12,252,349,Feng2022_T_FC,1,0.05,TRUE,4.94065101572404e-05,25.0391327071055,9.48772903678115,,20300813,5,rolling_v1|Feng2022_T_FC|252|5|0.05|1|NA|1|TRUE|QS|20260821,ok,,0.0810000000055879
gfc_2005_2010,The global financial crisis period,79,gfc_2005_2010_w0079,2006-07-21,2007-07-23,2007-01-22,252,349,Feng2022_T_FC,1,0.05,TRUE,1.3822789878628e-05,27.7797464392918,9.48772903678115,,20300847,5,rolling_v1|Feng2022_T_FC|252|5|0.05|1|NA|1|TRUE|QS|20260821,ok,,0.0820000000094296
gfc_2005_2010,The global financial crisis period,80,gfc_2005_2010_w0080,2006-07-28,2007-07-30,2007-01-29,252,349,Feng2022_T_FC,1,0.05,TRUE,0.000953283491323042,18.5728462135151,9.48772903678115,,20300574,5,rolling_v1|Feng2022_T_FC|252|5|0.05|1|NA|1|TRUE|QS|20260821,ok,,0.080999999991036
gfc_2005_2010,The global financial crisis period,81,gfc_2005_2010_w0081,2006-08-04,2007-08-06,2007-02-05,252,349,Feng2022_T_FC,1,0.05,TRUE,0.000254239468091698,21.4805154264175,9.48772903678115,,20300608,5,rolling_v1|Feng2022_T_FC|252|5|0.05|1|NA|1|TRUE|QS|20260821,ok,,0.0810000000055879
gfc_2005_2010,The global financial crisis period,82,gfc_2005_2010_w0082,2006-08-11,2007-08-13,2007-02-12,252,349,Feng2022_T_FC,1,0.05,TRUE,0.000199400388630779,22.011132277126,9.48772903678115,,20300642,5,rolling_v1|Feng2022_T_FC|252|5|0.05|1|NA|1|TRUE|QS|20260821,ok,,0.0820000000094296
gfc_2005_2010,The global financial crisis period,83,gfc_2005_2010_w0083,2006-08-18,2007-08-20,2007-02-20,252,349,Feng2022_T_FC,1,0.05,TRUE,0.000170528980886972,22.3521571046244,9.48772903678115,,20300676,5,rolling_v1|Feng2022_T_FC|252|5|0.05|1|NA|1|TRUE|QS|20260821,ok,,0.0810000000055879
gfc_2005_2010,The global financial crisis period,84,gfc_2005_2010_w0084,2006-08-25,2007-08-27,2007-02-27,252,349,Feng2022_T_FC,1,0.05,TRUE,9.60148097088259e-05,23.6009833888152,9.48772903678115,,20300710,5,rolling_v1|Feng2022_T_FC|252|5|0.05|1|NA|1|TRUE|QS|20260821,ok,,0.080999999991036
gfc_2005_2010,The global financial crisis period,85,gfc_2005_2010_w0085,2006-09-01,2007-09-04,2007-03-06,252,349,Feng2022_T_FC,1,0.05,TRUE,4.7495205860809e-05,25.1243315369207,9.48772903678115,,20300744,5,rolling_v1|Feng2022_T_FC|252|5|0.05|1|NA|1|TRUE|QS|20260821,ok,,0.0799999999871943
gfc_2005_2010,The global financial crisis period,86,gfc_2005_2010_w0086,2006-09-11,2007-09-11,2007-03-13,252,349,Feng2022_T_FC,1,0.05,TRUE,1.92985723392355e-06,31.9814651661692,9.48772903678115,,20300778,5,rolling_v1|Feng2022_T_FC|252|5|0.05|1|NA|1|TRUE|QS|20260821,ok,,0.0800000000017462
gfc_2005_2010,The global financial crisis period,87,gfc_2005_2010_w0087,2006-09-18,2007-09-18,2007-03-20,252,349,Feng2022_T_FC,1,0.05,TRUE,3.69142804501906e-06,30.6014111274018,9.48772903678115,,20300812,5,rolling_v1|Feng2022_T_FC|252|5|0.05|1|NA|1|TRUE|QS|20260821,ok,,0.080999999991036
gfc_2005_2010,The global financial crisis period,88,gfc_2005_2010_w0088,2006-09-25,2007-09-25,2007-03-27,252,349,Feng2022_T_FC,1,0.05,TRUE,1.88229157440696e-05,27.117237349785,9.48772903678115,,20300846,5,rolling_v1|Feng2022_T_FC|252|5|0.05|1|NA|1|TRUE|QS|20260821,ok,,0.0789999999979045
gfc_2005_2010,The global financial crisis period,89,gfc_2005_2010_w0089,2006-10-02,2007-10-02,2007-04-03,252,349,Feng2022_T_FC,1,0.05,TRUE,1.39462913534162e-05,27.7606753182751,9.48772903678115,,20300880,5,rolling_v1|Feng2022_T_FC|252|5|0.05|1|NA|1|TRUE|QS|20260821,ok,,0.0789999999979045
gfc_2005_2010,The global financial crisis period,90,gfc_2005_2010_w0090,2006-10-09,2007-10-09,2007-04-11,252,349,Feng2022_T_FC,1,0.05,TRUE,8.70621393886972e-06,28.7697145462497,9.48772903678115,,20300607,5,rolling_v1|Feng2022_T_FC|252|5|0.05|1|NA|1|TRUE|QS|20260821,ok,,0.0800000000017462
gfc_2005_2010,The global financial crisis period,91,gfc_2005_2010_w0091,2006-10-16,2007-10-16,2007-04-18,252,349,Feng2022_T_FC,1,0.05,TRUE,1.23866668448538e-05,28.0148714212384,9.48772903678115,,20300641,5,rolling_v1|Feng2022_T_FC|252|5|0.05|1|NA|1|TRUE|QS|20260821,ok,,0.0799999999871943
gfc_2005_2010,The global financial crisis period,92,gfc_2005_2010_w0092,2006-10-23,2007-10-23,2007-04-25,252,349,Feng2022_T_FC,1,0.05,TRUE,2.63545605238278e-06,31.318861571334,9.48772903678115,,20300675,5,rolling_v1|Feng2022_T_FC|252|5|0.05|1|NA|1|TRUE|QS|20260821,ok,,0.0800000000017462
gfc_2005_2010,The global financial crisis period,93,gfc_2005_2010_w0093,2006-10-30,2007-10-30,2007-05-02,252,349,Feng2022_T_FC,1,0.05,TRUE,1.66709127827284e-05,27.3778798633787,9.48772903678115,,20300709,5,rolling_v1|Feng2022_T_FC|252|5|0.05|1|NA|1|TRUE|QS|20260821,ok,,0.0779999999940628
gfc_2005_2010,The global financial crisis period,94,gfc_2005_2010_w0094,2006-11-06,2007-11-06,2007-05-09,252,349,Feng2022_T_FC,1,0.05,TRUE,1.37533211685178e-12,61.5417517842718,9.48772903678115,,20300743,5,rolling_v1|Feng2022_T_FC|252|5|0.05|1|NA|1|TRUE|QS|20260821,ok,,0.0800000000017462
gfc_2005_2010,The global financial crisis period,95,gfc_2005_2010_w0095,2006-11-13,2007-11-13,2007-05-16,252,349,Feng2022_T_FC,1,0.05,TRUE,5.54522306906044e-15,72.8976292054322,9.48772903678115,,20300777,5,rolling_v1|Feng2022_T_FC|252|5|0.05|1|NA|1|TRUE|QS|20260821,ok,,0.0789999999979045
gfc_2005_2010,The global financial crisis period,96,gfc_2005_2010_w0096,2006-11-20,2007-11-20,2007-05-23,252,349,Feng2022_T_FC,1,0.05,TRUE,5.88901621736618e-17,82.2223413301093,9.48772903678115,,20300811,5,rolling_v1|Feng2022_T_FC|252|5|0.05|1|NA|1|TRUE|QS|20260821,ok,,0.0779999999940628
gfc_2005_2010,The global financial crisis period,97,gfc_2005_2010_w0097,2006-11-28,2007-11-28,2007-05-31,252,349,Feng2022_T_FC,1,0.05,TRUE,1.81608876470044e-17,84.631556776527,9.48772903678115,,20300845,5,rolling_v1|Feng2022_T_FC|252|5|0.05|1|NA|1|TRUE|QS|20260821,ok,,0.0789999999979045
gfc_2005_2010,The global financial crisis period,98,gfc_2005_2010_w0098,2006-12-05,2007-12-05,2007-06-07,252,349,Feng2022_T_FC,1,0.05,TRUE,2.22344076783041e-18,88.9288110113245,9.48772903678115,,20300879,5,rolling_v1|Feng2022_T_FC|252|5|0.05|1|NA|1|TRUE|QS|20260821,ok,,0.0780000000086147
gfc_2005_2010,The global financial crisis period,99,gfc_2005_2010_w0099,2006-12-12,2007-12-12,2007-06-14,252,349,Feng2022_T_FC,1,0.05,TRUE,5.85333340506786e-18,86.9488697786299,9.48772903678115,,20300913,5,rolling_v1|Feng2022_T_FC|252|5|0.05|1|NA|1|TRUE|QS|20260821,ok,,0.0800000000017462
gfc_2005_2010,The global financial crisis period,100,gfc_2005_2010_w0100,2006-12-19,2007-12-19,2007-06-21,252,349,Feng2022_T_FC,1,0.05,TRUE,1.10657090191992e-16,80.9298877523559,9.48772903678115,,20300342,5,rolling_v1|Feng2022_T_FC|252|5|0.05|1|NA|1|TRUE|QS|20260821,ok,,0.0800000000017462
gfc_2005_2010,The global financial crisis period,101,gfc_2005_2010_w0101,2006-12-27,2007-12-27,2007-06-28,252,349,Feng2022_T_FC,1,0.05,TRUE,5.10773629296449e-15,73.0664944339821,9.48772903678115,,20300376,5,rolling_v1|Feng2022_T_FC|252|5|0.05|1|NA|1|TRUE|QS|20260821,ok,,0.0800000000017462
gfc_2005_2010,The global financial crisis period,102,gfc_2005_2010_w0102,2007-01-05,2008-01-04,2007-07-06,252,349,Feng2022_T_FC,1,0.05,TRUE,1.30426930282147e-12,61.6513014900339,9.48772903678115,,20300410,5,rolling_v1|Feng2022_T_FC|252|5|0.05|1|NA|1|TRUE|QS|20260821,ok,,0.0800000000017462
gfc_2005_2010,The global financial crisis period,103,gfc_2005_2010_w0103,2007-01-12,2008-01-11,2007-07-13,252,349,Feng2022_T_FC,1,0.05,TRUE,3.73636066377407e-14,68.9745056097518,9.48772903678115,,20300444,5,rolling_v1|Feng2022_T_FC|252|5|0.05|1|NA|1|TRUE|QS|20260821,ok,,0.0780000000086147
gfc_2005_2010,The global financial crisis period,104,gfc_2005_2010_w0104,2007-01-22,2008-01-18,2007-07-20,252,349,Feng2022_T_FC,1,0.05,TRUE,2.85474669598841e-13,64.7859368898294,9.48772903678115,,20300478,5,rolling_v1|Feng2022_T_FC|252|5|0.05|1|NA|1|TRUE|QS|20260821,ok,,0.0789999999979045
gfc_2005_2010,The global financial crisis period,105,gfc_2005_2010_w0105,2007-01-29,2008-01-28,2007-07-27,252,349,Feng2022_T_FC,1,0.05,TRUE,3.53085350253303e-14,69.0909284690936,9.48772903678115,,20300512,5,rolling_v1|Feng2022_T_FC|252|5|0.05|1|NA|1|TRUE|QS|20260821,ok,,0.0789999999979045
gfc_2005_2010,The global financial crisis period,106,gfc_2005_2010_w0106,2007-02-05,2008-02-04,2007-08-03,252,349,Feng2022_T_FC,1,0.05,TRUE,3.13287383624659e-12,59.8409788529484,9.48772903678115,,20300546,5,rolling_v1|Feng2022_T_FC|252|5|0.05|1|NA|1|TRUE|QS|20260821,ok,,0.0789999999979045
gfc_2005_2010,The global financial crisis period,107,gfc_2005_2010_w0107,2007-02-12,2008-02-11,2007-08-10,252,349,Feng2022_T_FC,1,0.05,TRUE,9.42574005984722e-10,48.0026718795641,9.48772903678115,,20300580,5,rolling_v1|Feng2022_T_FC|252|5|0.05|1|NA|1|TRUE|QS|20260821,ok,,0.0789999999979045
gfc_2005_2010,The global financial crisis period,108,gfc_2005_2010_w0108,2007-02-20,2008-02-19,2007-08-17,252,349,Feng2022_T_FC,1,0.05,TRUE,3.28192866944169e-10,50.198658575165,9.48772903678115,,20300614,5,rolling_v1|Feng2022_T_FC|252|5|0.05|1|NA|1|TRUE|QS|20260821,ok,,0.0789999999979045
gfc_2005_2010,The global financial crisis period,109,gfc_2005_2010_w0109,2007-02-27,2008-02-26,2007-08-24,252,349,Feng2022_T_FC,1,0.05,TRUE,2.35104111942279e-10,50.8922028471985,9.48772903678115,,20300648,5,rolling_v1|Feng2022_T_FC|252|5|0.05|1|NA|1|TRUE|QS|20260821,ok,,0.0800000000017462
gfc_2005_2010,The global financial crisis period,110,gfc_2005_2010_w0110,2007-03-06,2008-03-04,2007-08-31,252,349,Feng2022_T_FC,1,0.05,TRUE,4.3328115650875e-09,44.8204438914513,9.48772903678115,,20300375,5,rolling_v1|Feng2022_T_FC|252|5|0.05|1|NA|1|TRUE|QS|20260821,ok,,0.0789999999979045
gfc_2005_2010,The global financial crisis period,111,gfc_2005_2010_w0111,2007-03-13,2008-03-11,2007-09-10,252,349,Feng2022_T_FC,1,0.05,TRUE,2.26105191377353e-09,46.1783985198608,9.48772903678115,,20300409,5,rolling_v1|Feng2022_T_FC|252|5|0.05|1|NA|1|TRUE|QS|20260821,ok,,0.0789999999979045
gfc_2005_2010,The global financial crisis period,112,gfc_2005_2010_w0112,2007-03-20,2008-03-18,2007-09-17,252,349,Feng2022_T_FC,1,0.05,TRUE,7.95963824848625e-12,57.9127597658919,9.48772903678115,,20300443,5,rolling_v1|Feng2022_T_FC|252|5|0.05|1|NA|1|TRUE|QS|20260821,ok,,0.0789999999979045
gfc_2005_2010,The global financial crisis period,113,gfc_2005_2010_w0113,2007-03-27,2008-03-26,2007-09-24,252,349,Feng2022_T_FC,1,0.05,TRUE,3.58995671052881e-16,78.5170871764546,9.48772903678115,,20300477,5,rolling_v1|Feng2022_T_FC|252|5|0.05|1|NA|1|TRUE|QS|20260821,ok,,0.0789999999979045
gfc_2005_2010,The global financial crisis period,114,gfc_2005_2010_w0114,2007-04-03,2008-04-02,2007-10-01,252,349,Feng2022_T_FC,1,0.05,TRUE,2.99658699575561e-13,64.6859589513978,9.48772903678115,,20300511,5,rolling_v1|Feng2022_T_FC|252|5|0.05|1|NA|1|TRUE|QS|20260821,ok,,0.0789999999979045
gfc_2005_2010,The global financial crisis period,115,gfc_2005_2010_w0115,2007-04-11,2008-04-09,2007-10-08,252,349,Feng2022_T_FC,1,0.05,TRUE,4.11162362167145e-13,64.0336097750354,9.48772903678115,,20300545,5,rolling_v1|Feng2022_T_FC|252|5|0.05|1|NA|1|TRUE|QS|20260821,ok,,0.0789999999979045
gfc_2005_2010,The global financial crisis period,116,gfc_2005_2010_w0116,2007-04-18,2008-04-16,2007-10-15,252,349,Feng2022_T_FC,1,0.05,TRUE,3.62868431441445e-12,59.537294409588,9.48772903678115,,20300579,5,rolling_v1|Feng2022_T_FC|252|5|0.05|1|NA|1|TRUE|QS|20260821,ok,,0.0800000000017462
gfc_2005_2010,The global financial crisis period,117,gfc_2005_2010_w0117,2007-04-25,2008-04-23,2007-10-22,252,349,Feng2022_T_FC,1,0.05,TRUE,3.27764456561576e-12,59.7476082668414,9.48772903678115,,20300613,5,rolling_v1|Feng2022_T_FC|252|5|0.05|1|NA|1|TRUE|QS|20260821,ok,,0.0800000000017462
gfc_2005_2010,The global financial crisis period,118,gfc_2005_2010_w0118,2007-05-02,2008-04-30,2007-10-29,252,349,Feng2022_T_FC,1,0.05,TRUE,2.071738236551e-11,55.9323537497639,9.48772903678115,,20300647,5,rolling_v1|Feng2022_T_FC|252|5|0.05|1|NA|1|TRUE|QS|20260821,ok,,0.0829999999987194
gfc_2005_2010,The global financial crisis period,119,gfc_2005_2010_w0119,2007-05-09,2008-05-07,2007-11-05,252,349,Feng2022_T_FC,1,0.05,TRUE,2.26467296397262e-11,55.7478906061309,9.48772903678115,,20300681,5,rolling_v1|Feng2022_T_FC|252|5|0.05|1|NA|1|TRUE|QS|20260821,ok,,0.0810000000055879
gfc_2005_2010,The global financial crisis period,120,gfc_2005_2010_w0120,2007-05-16,2008-05-14,2007-11-12,252,349,Feng2022_T_FC,1,0.05,TRUE,1.28886360876973e-10,52.1410718487936,9.48772903678115,,20300408,5,rolling_v1|Feng2022_T_FC|252|5|0.05|1|NA|1|TRUE|QS|20260821,ok,,0.0800000000017462
gfc_2005_2010,The global financial crisis period,121,gfc_2005_2010_w0121,2007-05-23,2008-05-21,2007-11-19,252,349,Feng2022_T_FC,1,0.05,TRUE,6.95198464166597e-11,53.4224944229364,9.48772903678115,,20300442,5,rolling_v1|Feng2022_T_FC|252|5|0.05|1|NA|1|TRUE|QS|20260821,ok,,0.0800000000017462
gfc_2005_2010,The global financial crisis period,122,gfc_2005_2010_w0122,2007-05-31,2008-05-29,2007-11-27,252,349,Feng2022_T_FC,1,0.05,TRUE,3.52023408890863e-11,54.8337846013366,9.48772903678115,,20300476,5,rolling_v1|Feng2022_T_FC|252|5|0.05|1|NA|1|TRUE|QS|20260821,ok,,0.0800000000017462
gfc_2005_2010,The global financial crisis period,123,gfc_2005_2010_w0123,2007-06-07,2008-06-05,2007-12-04,252,349,Feng2022_T_FC,1,0.05,TRUE,3.29819080796671e-11,54.9688383748291,9.48772903678115,,20300510,5,rolling_v1|Feng2022_T_FC|252|5|0.05|1|NA|1|TRUE|QS|20260821,ok,,0.0790000000124564
gfc_2005_2010,The global financial crisis period,124,gfc_2005_2010_w0124,2007-06-14,2008-06-12,2007-12-11,252,349,Feng2022_T_FC,1,0.05,TRUE,1.21173613896159e-11,57.0430014026444,9.48772903678115,,20300544,5,rolling_v1|Feng2022_T_FC|252|5|0.05|1|NA|1|TRUE|QS|20260821,ok,,0.080999999991036
gfc_2005_2010,The global financial crisis period,125,gfc_2005_2010_w0125,2007-06-21,2008-06-19,2007-12-18,252,349,Feng2022_T_FC,1,0.05,TRUE,2.44170364257615e-11,55.5919513126391,9.48772903678115,,20300578,5,rolling_v1|Feng2022_T_FC|252|5|0.05|1|NA|1|TRUE|QS|20260821,ok,,0.0800000000017462
gfc_2005_2010,The global financial crisis period,126,gfc_2005_2010_w0126,2007-06-28,2008-06-26,2007-12-26,252,349,Feng2022_T_FC,1,0.05,TRUE,1.6031626758802e-09,46.8956578015723,9.48772903678115,,20300612,5,rolling_v1|Feng2022_T_FC|252|5|0.05|1|NA|1|TRUE|QS|20260821,ok,,0.0799999999871943
gfc_2005_2010,The global financial crisis period,127,gfc_2005_2010_w0127,2007-07-06,2008-07-03,2008-01-03,252,349,Feng2022_T_FC,1,0.05,TRUE,4.00479626827778e-09,44.9849046373951,9.48772903678115,,20300646,5,rolling_v1|Feng2022_T_FC|252|5|0.05|1|NA|1|TRUE|QS|20260821,ok,,0.080999999991036
gfc_2005_2010,The global financial crisis period,128,gfc_2005_2010_w0128,2007-07-13,2008-07-11,2008-01-10,252,349,Feng2022_T_FC,1,0.05,TRUE,4.67763760887635e-10,49.4614885689597,9.48772903678115,,20300680,5,rolling_v1|Feng2022_T_FC|252|5|0.05|1|NA|1|TRUE|QS|20260821,ok,,0.0800000000017462
gfc_2005_2010,The global financial crisis period,129,gfc_2005_2010_w0129,2007-07-20,2008-07-18,2008-01-17,252,349,Feng2022_T_FC,1,0.05,TRUE,2.03507232281398e-07,36.7427199575078,9.48772903678115,,20300714,5,rolling_v1|Feng2022_T_FC|252|5|0.05|1|NA|1|TRUE|QS|20260821,ok,,0.0810000000055879
gfc_2005_2010,The global financial crisis period,130,gfc_2005_2010_w0130,2007-07-27,2008-07-25,2008-01-25,252,349,Feng2022_T_FC,1,0.05,TRUE,5.27633385991685e-06,29.839691046358,9.48772903678115,,20300441,5,rolling_v1|Feng2022_T_FC|252|5|0.05|1|NA|1|TRUE|QS|20260821,ok,,0.0800000000017462
gfc_2005_2010,The global financial crisis period,131,gfc_2005_2010_w0131,2007-08-03,2008-08-01,2008-02-01,252,349,Feng2022_T_FC,1,0.05,TRUE,1.42410898739069e-05,27.715823221176,9.48772903678115,,20300475,5,rolling_v1|Feng2022_T_FC|252|5|0.05|1|NA|1|TRUE|QS|20260821,ok,,0.0810000000055879
gfc_2005_2010,The global financial crisis period,132,gfc_2005_2010_w0132,2007-08-10,2008-08-08,2008-02-08,252,349,Feng2022_T_FC,1,0.05,TRUE,6.81382592076768e-06,29.2936495883862,9.48772903678115,,20300509,5,rolling_v1|Feng2022_T_FC|252|5|0.05|1|NA|1|TRUE|QS|20260821,ok,,0.080999999991036
gfc_2005_2010,The global financial crisis period,133,gfc_2005_2010_w0133,2007-08-17,2008-08-15,2008-02-15,252,349,Feng2022_T_FC,1,0.05,TRUE,1.56140673952298e-05,27.5184105360716,9.48772903678115,,20300543,5,rolling_v1|Feng2022_T_FC|252|5|0.05|1|NA|1|TRUE|QS|20260821,ok,,0.0800000000017462
gfc_2005_2010,The global financial crisis period,134,gfc_2005_2010_w0134,2007-08-24,2008-08-22,2008-02-25,252,349,Feng2022_T_FC,1,0.05,TRUE,0.000151877704108468,22.6044284035617,9.48772903678115,,20300577,5,rolling_v1|Feng2022_T_FC|252|5|0.05|1|NA|1|TRUE|QS|20260821,ok,,0.0810000000055879
gfc_2005_2010,The global financial crisis period,135,gfc_2005_2010_w0135,2007-08-31,2008-08-29,2008-03-03,252,349,Feng2022_T_FC,1,0.05,TRUE,0.000970315527319481,18.5336102852011,9.48772903678115,,20300611,5,rolling_v1|Feng2022_T_FC|252|5|0.05|1|NA|1|TRUE|QS|20260821,ok,,0.080999999991036
gfc_2005_2010,The global financial crisis period,136,gfc_2005_2010_w0136,2007-09-10,2008-09-08,2008-03-10,252,349,Feng2022_T_FC,1,0.05,TRUE,0.00116269117147712,18.1324028034242,9.48772903678115,,20300645,5,rolling_v1|Feng2022_T_FC|252|5|0.05|1|NA|1|TRUE|QS|20260821,ok,,0.080999999991036
gfc_2005_2010,The global financial crisis period,137,gfc_2005_2010_w0137,2007-09-17,2008-09-15,2008-03-17,252,349,Feng2022_T_FC,1,0.05,TRUE,0.00279818415896758,16.1709198209075,9.48772903678115,,20300679,5,rolling_v1|Feng2022_T_FC|252|5|0.05|1|NA|1|TRUE|QS|20260821,ok,,0.080999999991036
gfc_2005_2010,The global financial crisis period,138,gfc_2005_2010_w0138,2007-09-24,2008-09-22,2008-03-25,252,349,Feng2022_T_FC,1,0.05,TRUE,5.7025742194187e-14,68.1042188120409,9.48772903678115,,20300713,5,rolling_v1|Feng2022_T_FC|252|5|0.05|1|NA|1|TRUE|QS|20260821,ok,,0.0810000000055879
gfc_2005_2010,The global financial crisis period,139,gfc_2005_2010_w0139,2007-10-01,2008-09-29,2008-04-01,252,349,Feng2022_T_FC,1,0.05,TRUE,3.17595748507846e-09,45.4691803293727,9.48772903678115,,20300747,5,rolling_v1|Feng2022_T_FC|252|5|0.05|1|NA|1|TRUE|QS|20260821,ok,,0.080999999991036
gfc_2005_2010,The global financial crisis period,140,gfc_2005_2010_w0140,2007-10-08,2008-10-06,2008-04-08,252,349,Feng2022_T_FC,1,0.05,TRUE,4.92637646865074e-14,68.4054213351227,9.48772903678115,,20300474,5,rolling_v1|Feng2022_T_FC|252|5|0.05|1|NA|1|TRUE|QS|20260821,ok,,0.0800000000017462
gfc_2005_2010,The global financial crisis period,141,gfc_2005_2010_w0141,2007-10-15,2008-10-13,2008-04-15,252,349,Feng2022_T_FC,1,0.05,TRUE,3.33620314416238e-08,40.5466002771283,9.48772903678115,,20300508,5,rolling_v1|Feng2022_T_FC|252|5|0.05|1|NA|1|TRUE|QS|20260821,ok,,0.0810000000055879
gfc_2005_2010,The global financial crisis period,142,gfc_2005_2010_w0142,2007-10-22,2008-10-20,2008-04-22,252,349,Feng2022_T_FC,1,0.05,TRUE,4.05743272507501e-08,40.1357598106825,9.48772903678115,,20300542,5,rolling_v1|Feng2022_T_FC|252|5|0.05|1|NA|1|TRUE|QS|20260821,ok,,0.0810000000055879
gfc_2005_2010,The global financial crisis period,143,gfc_2005_2010_w0143,2007-10-29,2008-10-27,2008-04-29,252,349,Feng2022_T_FC,1,0.05,TRUE,3.08088113679445e-07,35.8676605925379,9.48772903678115,,20300576,5,rolling_v1|Feng2022_T_FC|252|5|0.05|1|NA|1|TRUE|QS|20260821,ok,,0.0800000000017462
gfc_2005_2010,The global financial crisis period,144,gfc_2005_2010_w0144,2007-11-05,2008-11-03,2008-05-06,252,349,Feng2022_T_FC,1,0.05,TRUE,2.01847853350047e-08,41.6005170945325,9.48772903678115,,20300610,5,rolling_v1|Feng2022_T_FC|252|5|0.05|1|NA|1|TRUE|QS|20260821,ok,,0.0810000000055879
gfc_2005_2010,The global financial crisis period,145,gfc_2005_2010_w0145,2007-11-12,2008-11-10,2008-05-13,252,349,Feng2022_T_FC,1,0.05,TRUE,1.26568515046768e-07,37.7435656636408,9.48772903678115,,20300644,5,rolling_v1|Feng2022_T_FC|252|5|0.05|1|NA|1|TRUE|QS|20260821,ok,,0.088000000003376
gfc_2005_2010,The global financial crisis period,146,gfc_2005_2010_w0146,2007-11-19,2008-11-17,2008-05-20,252,349,Feng2022_T_FC,1,0.05,TRUE,3.54174572004754e-09,45.2415452206774,9.48772903678115,,20300678,5,rolling_v1|Feng2022_T_FC|252|5|0.05|1|NA|1|TRUE|QS|20260821,ok,,0.080999999991036
gfc_2005_2010,The global financial crisis period,147,gfc_2005_2010_w0147,2007-11-27,2008-11-24,2008-05-28,252,349,Feng2022_T_FC,1,0.05,TRUE,3.17335285981802e-06,30.9235241734387,9.48772903678115,,20300712,5,rolling_v1|Feng2022_T_FC|252|5|0.05|1|NA|1|TRUE|QS|20260821,ok,,0.0800000000017462
gfc_2005_2010,The global financial crisis period,148,gfc_2005_2010_w0148,2007-12-04,2008-12-02,2008-06-04,252,349,Feng2022_T_FC,1,0.05,TRUE,5.33744001299401e-07,34.7063015507843,9.48772903678115,,20300746,5,rolling_v1|Feng2022_T_FC|252|5|0.05|1|NA|1|TRUE|QS|20260821,ok,,0.0800000000017462
gfc_2005_2010,The global financial crisis period,149,gfc_2005_2010_w0149,2007-12-11,2008-12-09,2008-06-11,252,349,Feng2022_T_FC,1,0.05,TRUE,1.21114040962554e-06,32.9706184191173,9.48772903678115,,20300780,5,rolling_v1|Feng2022_T_FC|252|5|0.05|1|NA|1|TRUE|QS|20260821,ok,,0.0799999999871943
gfc_2005_2010,The global financial crisis period,150,gfc_2005_2010_w0150,2007-12-18,2008-12-16,2008-06-18,252,349,Feng2022_T_FC,1,0.05,TRUE,1.71017243236563e-06,32.2382236922261,9.48772903678115,,20300507,5,rolling_v1|Feng2022_T_FC|252|5|0.05|1|NA|1|TRUE|QS|20260821,ok,,0.0790000000124564
gfc_2005_2010,The global financial crisis period,151,gfc_2005_2010_w0151,2007-12-26,2008-12-23,2008-06-25,252,349,Feng2022_T_FC,1,0.05,TRUE,1.66432750295411e-06,32.2959383381072,9.48772903678115,,20300541,5,rolling_v1|Feng2022_T_FC|252|5|0.05|1|NA|1|TRUE|QS|20260821,ok,,0.0839999999880092
gfc_2005_2010,The global financial crisis period,152,gfc_2005_2010_w0152,2008-01-03,2008-12-31,2008-07-02,252,349,Feng2022_T_FC,1,0.05,TRUE,2.39415148578568e-06,31.523140939329,9.48772903678115,,20300575,5,rolling_v1|Feng2022_T_FC|252|5|0.05|1|NA|1|TRUE|QS|20260821,ok,,0.0789999999979045
gfc_2005_2010,The global financial crisis period,153,gfc_2005_2010_w0153,2008-01-10,2009-01-08,2008-07-10,252,349,Feng2022_T_FC,1,0.05,TRUE,3.62455876323308e-06,30.6403608020241,9.48772903678115,,20300609,5,rolling_v1|Feng2022_T_FC|252|5|0.05|1|NA|1|TRUE|QS|20260821,ok,,0.0779999999940628
gfc_2005_2010,The global financial crisis period,154,gfc_2005_2010_w0154,2008-01-17,2009-01-15,2008-07-17,252,349,Feng2022_T_FC,1,0.05,TRUE,3.58727749448807e-06,30.6623880479703,9.48772903678115,,20300643,5,rolling_v1|Feng2022_T_FC|252|5|0.05|1|NA|1|TRUE|QS|20260821,ok,,0.0769999999902211
gfc_2005_2010,The global financial crisis period,155,gfc_2005_2010_w0155,2008-01-25,2009-01-23,2008-07-24,252,349,Feng2022_T_FC,1,0.05,TRUE,1.61406396692575e-06,32.3610645068505,9.48772903678115,,20300677,5,rolling_v1|Feng2022_T_FC|252|5|0.05|1|NA|1|TRUE|QS|20260821,ok,,0.0769999999902211
gfc_2005_2010,The global financial crisis period,156,gfc_2005_2010_w0156,2008-02-01,2009-01-30,2008-07-31,252,349,Feng2022_T_FC,1,0.05,TRUE,2.91059381965793e-06,31.1075342662365,9.48772903678115,,20300711,5,rolling_v1|Feng2022_T_FC|252|5|0.05|1|NA|1|TRUE|QS|20260821,ok,,0.077000000004773
gfc_2005_2010,The global financial crisis period,157,gfc_2005_2010_w0157,2008-02-08,2009-02-06,2008-08-07,252,349,Feng2022_T_FC,1,0.05,TRUE,4.33781861122754e-06,30.2574836974966,9.48772903678115,,20300745,5,rolling_v1|Feng2022_T_FC|252|5|0.05|1|NA|1|TRUE|QS|20260821,ok,,0.0769999999902211
gfc_2005_2010,The global financial crisis period,158,gfc_2005_2010_w0158,2008-02-15,2009-02-13,2008-08-14,252,349,Feng2022_T_FC,1,0.05,TRUE,5.10597759624043e-06,29.9097245062356,9.48772903678115,,20300779,5,rolling_v1|Feng2022_T_FC|252|5|0.05|1|NA|1|TRUE|QS|20260821,ok,,0.077000000004773
gfc_2005_2010,The global financial crisis period,159,gfc_2005_2010_w0159,2008-02-25,2009-02-23,2008-08-21,252,349,Feng2022_T_FC,1,0.05,TRUE,1.06233010725563e-05,28.3438123922036,9.48772903678115,,20300813,5,rolling_v1|Feng2022_T_FC|252|5|0.05|1|NA|1|TRUE|QS|20260821,ok,,0.0760000000009313
gfc_2005_2010,The global financial crisis period,160,gfc_2005_2010_w0160,2008-03-03,2009-03-02,2008-08-28,252,349,Feng2022_T_FC,1,0.05,TRUE,1.44112169646155e-05,27.690357710091,9.48772903678115,,20300540,5,rolling_v1|Feng2022_T_FC|252|5|0.05|1|NA|1|TRUE|QS|20260821,ok,,0.0760000000009313
gfc_2005_2010,The global financial crisis period,161,gfc_2005_2010_w0161,2008-03-10,2009-03-09,2008-09-05,252,349,Feng2022_T_FC,1,0.05,TRUE,8.36995778249845e-06,28.8539592343349,9.48772903678115,,20300574,5,rolling_v1|Feng2022_T_FC|252|5|0.05|1|NA|1|TRUE|QS|20260821,ok,,0.0769999999902211
gfc_2005_2010,The global financial crisis period,162,gfc_2005_2010_w0162,2008-03-17,2009-03-16,2008-09-12,252,349,Feng2022_T_FC,1,0.05,TRUE,1.81706879720863e-05,27.1929626129156,9.48772903678115,,20300608,5,rolling_v1|Feng2022_T_FC|252|5|0.05|1|NA|1|TRUE|QS|20260821,ok,,0.0760000000009313
gfc_2005_2010,The global financial crisis period,163,gfc_2005_2010_w0163,2008-03-25,2009-03-23,2008-09-19,252,349,Feng2022_T_FC,1,0.05,TRUE,0.000106204404422591,23.3820826265046,9.48772903678115,,20300642,5,rolling_v1|Feng2022_T_FC|252|5|0.05|1|NA|1|TRUE|QS|20260821,ok,,0.0749999999970896
gfc_2005_2010,The global financial crisis period,164,gfc_2005_2010_w0164,2008-04-01,2009-03-30,2008-09-26,252,349,Feng2022_T_FC,1,0.05,TRUE,2.35731580464667e-05,26.6336764111946,9.48772903678115,,20300676,5,rolling_v1|Feng2022_T_FC|252|5|0.05|1|NA|1|TRUE|QS|20260821,ok,,0.0749999999970896
gfc_2005_2010,The global financial crisis period,165,gfc_2005_2010_w0165,2008-04-08,2009-04-06,2008-10-03,252,349,Feng2022_T_FC,1,0.05,TRUE,5.61775246001589e-05,24.7616316511002,9.48772903678115,,20300710,5,rolling_v1|Feng2022_T_FC|252|5|0.05|1|NA|1|TRUE|QS|20260821,ok,,0.0749999999970896
gfc_2005_2010,The global financial crisis period,166,gfc_2005_2010_w0166,2008-04-15,2009-04-14,2008-10-10,252,349,Feng2022_T_FC,1,0.05,TRUE,0.00021966447547319,21.7998857760917,9.48772903678115,,20300744,5,rolling_v1|Feng2022_T_FC|252|5|0.05|1|NA|1|TRUE|QS|20260821,ok,,0.0749999999970896
gfc_2005_2010,The global financial crisis period,167,gfc_2005_2010_w0167,2008-04-22,2009-04-21,2008-10-17,252,349,Feng2022_T_FC,1,0.05,TRUE,6.97559569867659e-05,24.2933534873049,9.48772903678115,,20300778,5,rolling_v1|Feng2022_T_FC|252|5|0.05|1|NA|1|TRUE|QS|20260821,ok,,0.0760000000009313
gfc_2005_2010,The global financial crisis period,168,gfc_2005_2010_w0168,2008-04-29,2009-04-28,2008-10-24,252,349,Feng2022_T_FC,1,0.05,TRUE,4.27706705661388e-05,25.3504904779029,9.48772903678115,,20300812,5,rolling_v1|Feng2022_T_FC|252|5|0.05|1|NA|1|TRUE|QS|20260821,ok,,0.0749999999970896
gfc_2005_2010,The global financial crisis period,169,gfc_2005_2010_w0169,2008-05-06,2009-05-05,2008-10-31,252,349,Feng2022_T_FC,1,0.05,TRUE,4.16598385921336e-05,25.4072681071861,9.48772903678115,,20300846,5,rolling_v1|Feng2022_T_FC|252|5|0.05|1|NA|1|TRUE|QS|20260821,ok,,0.0760000000009313
gfc_2005_2010,The global financial crisis period,170,gfc_2005_2010_w0170,2008-05-13,2009-05-12,2008-11-07,252,349,Feng2022_T_FC,1,0.05,TRUE,9.12648315457993e-06,28.668861628644,9.48772903678115,,20300573,5,rolling_v1|Feng2022_T_FC|252|5|0.05|1|NA|1|TRUE|QS|20260821,ok,,0.0749999999970896
gfc_2005_2010,The global financial crisis period,171,gfc_2005_2010_w0171,2008-05-20,2009-05-19,2008-11-14,252,349,Feng2022_T_FC,1,0.05,TRUE,8.28126120503288e-06,28.876742674847,9.48772903678115,,20300607,5,rolling_v1|Feng2022_T_FC|252|5|0.05|1|NA|1|TRUE|QS|20260821,ok,,0.0760000000009313
gfc_2005_2010,The global financial crisis period,172,gfc_2005_2010_w0172,2008-05-28,2009-05-27,2008-11-21,252,349,Feng2022_T_FC,1,0.05,TRUE,8.7896516305566e-06,28.7493118266976,9.48772903678115,,20300641,5,rolling_v1|Feng2022_T_FC|252|5|0.05|1|NA|1|TRUE|QS|20260821,ok,,0.0760000000009313
gfc_2005_2010,The global financial crisis period,173,gfc_2005_2010_w0173,2008-06-04,2009-06-03,2008-12-01,252,349,Feng2022_T_FC,1,0.05,TRUE,1.24056916162746e-05,28.0115828198646,9.48772903678115,,20300675,5,rolling_v1|Feng2022_T_FC|252|5|0.05|1|NA|1|TRUE|QS|20260821,ok,,0.0760000000009313
gfc_2005_2010,The global financial crisis period,174,gfc_2005_2010_w0174,2008-06-11,2009-06-10,2008-12-08,252,349,Feng2022_T_FC,1,0.05,TRUE,1.17509286196606e-05,28.1277559605404,9.48772903678115,,20300709,5,rolling_v1|Feng2022_T_FC|252|5|0.05|1|NA|1|TRUE|QS|20260821,ok,,0.0749999999970896
gfc_2005_2010,The global financial crisis period,175,gfc_2005_2010_w0175,2008-06-18,2009-06-17,2008-12-15,252,349,Feng2022_T_FC,1,0.05,TRUE,1.47396146272058e-05,27.6420362674582,9.48772903678115,,20300743,5,rolling_v1|Feng2022_T_FC|252|5|0.05|1|NA|1|TRUE|QS|20260821,ok,,0.0760000000009313
gfc_2005_2010,The global financial crisis period,176,gfc_2005_2010_w0176,2008-06-25,2009-06-24,2008-12-22,252,349,Feng2022_T_FC,1,0.05,TRUE,1.32918937154135e-05,27.8637058285386,9.48772903678115,,20300777,5,rolling_v1|Feng2022_T_FC|252|5|0.05|1|NA|1|TRUE|QS|20260821,ok,,0.0749999999970896
gfc_2005_2010,The global financial crisis period,177,gfc_2005_2010_w0177,2008-07-02,2009-07-01,2008-12-30,252,349,Feng2022_T_FC,1,0.05,TRUE,1.37581937427375e-05,27.7897890128602,9.48772903678115,,20300811,5,rolling_v1|Feng2022_T_FC|252|5|0.05|1|NA|1|TRUE|QS|20260821,ok,,0.077000000004773
gfc_2005_2010,The global financial crisis period,178,gfc_2005_2010_w0178,2008-07-10,2009-07-09,2009-01-07,252,349,Feng2022_T_FC,1,0.05,TRUE,3.15227928352719e-05,26.0083073357902,9.48772903678115,,20300845,5,rolling_v1|Feng2022_T_FC|252|5|0.05|1|NA|1|TRUE|QS|20260821,ok,,0.0759999999863794
gfc_2005_2010,The global financial crisis period,179,gfc_2005_2010_w0179,2008-07-17,2009-07-16,2009-01-14,252,349,Feng2022_T_FC,1,0.05,TRUE,1.58845028245375e-05,27.4815694227276,9.48772903678115,,20300879,5,rolling_v1|Feng2022_T_FC|252|5|0.05|1|NA|1|TRUE|QS|20260821,ok,,0.0760000000009313
gfc_2005_2010,The global financial crisis period,180,gfc_2005_2010_w0180,2008-07-24,2009-07-23,2009-01-22,252,349,Feng2022_T_FC,1,0.05,TRUE,1.62018675955358e-05,27.4391227042054,9.48772903678115,,20300606,5,rolling_v1|Feng2022_T_FC|252|5|0.05|1|NA|1|TRUE|QS|20260821,ok,,0.0749999999970896
gfc_2005_2010,The global financial crisis period,181,gfc_2005_2010_w0181,2008-07-31,2009-07-30,2009-01-29,252,349,Feng2022_T_FC,1,0.05,TRUE,2.12678396660898e-05,26.8548938606324,9.48772903678115,,20300640,5,rolling_v1|Feng2022_T_FC|252|5|0.05|1|NA|1|TRUE|QS|20260821,ok,,0.0749999999970896
gfc_2005_2010,The global financial crisis period,182,gfc_2005_2010_w0182,2008-08-07,2009-08-06,2009-02-05,252,349,Feng2022_T_FC,1,0.05,TRUE,5.39022090683868e-05,24.8509891519132,9.48772903678115,,20300674,5,rolling_v1|Feng2022_T_FC|252|5|0.05|1|NA|1|TRUE|QS|20260821,ok,,0.0749999999970896
gfc_2005_2010,The global financial crisis period,183,gfc_2005_2010_w0183,2008-08-14,2009-08-13,2009-02-12,252,349,Feng2022_T_FC,1,0.05,TRUE,4.36002800504255e-05,25.309034792211,9.48772903678115,,20300708,5,rolling_v1|Feng2022_T_FC|252|5|0.05|1|NA|1|TRUE|QS|20260821,ok,,0.0749999999970896
gfc_2005_2010,The global financial crisis period,184,gfc_2005_2010_w0184,2008-08-21,2009-08-20,2009-02-20,252,349,Feng2022_T_FC,1,0.05,TRUE,4.00209529493901e-05,25.4938447803048,9.48772903678115,,20300742,5,rolling_v1|Feng2022_T_FC|252|5|0.05|1|NA|1|TRUE|QS|20260821,ok,,0.0750000000116415
gfc_2005_2010,The global financial crisis period,185,gfc_2005_2010_w0185,2008-08-28,2009-08-27,2009-02-27,252,349,Feng2022_T_FC,1,0.05,TRUE,4.51311328056118e-05,25.2345552900374,9.48772903678115,,20300776,5,rolling_v1|Feng2022_T_FC|252|5|0.05|1|NA|1|TRUE|QS|20260821,ok,,0.0749999999970896
gfc_2005_2010,The global financial crisis period,186,gfc_2005_2010_w0186,2008-09-05,2009-09-03,2009-03-06,252,349,Feng2022_T_FC,1,0.05,TRUE,5.38145613875041e-05,24.8545058210766,9.48772903678115,,20300810,5,rolling_v1|Feng2022_T_FC|252|5|0.05|1|NA|1|TRUE|QS|20260821,ok,,0.0749999999970896
gfc_2005_2010,The global financial crisis period,187,gfc_2005_2010_w0187,2008-09-12,2009-09-11,2009-03-13,252,349,Feng2022_T_FC,1,0.05,TRUE,6.0835492372427e-05,24.5894057154059,9.48772903678115,,20300844,5,rolling_v1|Feng2022_T_FC|252|5|0.05|1|NA|1|TRUE|QS|20260821,ok,,0.0760000000009313
gfc_2005_2010,The global financial crisis period,188,gfc_2005_2010_w0188,2008-09-19,2009-09-18,2009-03-20,252,349,Feng2022_T_FC,1,0.05,TRUE,0.000150780933366488,22.6202056828103,9.48772903678115,,20300878,5,rolling_v1|Feng2022_T_FC|252|5|0.05|1|NA|1|TRUE|QS|20260821,ok,,0.0749999999970896
gfc_2005_2010,The global financial crisis period,189,gfc_2005_2010_w0189,2008-09-26,2009-09-25,2009-03-27,252,349,Feng2022_T_FC,1,0.05,TRUE,0.000232497686660048,21.6758798048501,9.48772903678115,,20300912,5,rolling_v1|Feng2022_T_FC|252|5|0.05|1|NA|1|TRUE|QS|20260821,ok,,0.0749999999970896
gfc_2005_2010,The global financial crisis period,190,gfc_2005_2010_w0190,2008-10-03,2009-10-02,2009-04-03,252,349,Feng2022_T_FC,1,0.05,TRUE,0.000280210182320285,21.2677865109477,9.48772903678115,,20300639,5,rolling_v1|Feng2022_T_FC|252|5|0.05|1|NA|1|TRUE|QS|20260821,ok,,0.0759999999863794
gfc_2005_2010,The global financial crisis period,191,gfc_2005_2010_w0191,2008-10-10,2009-10-09,2009-04-13,252,349,Feng2022_T_FC,1,0.05,TRUE,7.15238659492205e-06,29.1900316655184,9.48772903678115,,20300673,5,rolling_v1|Feng2022_T_FC|252|5|0.05|1|NA|1|TRUE|QS|20260821,ok,,0.0760000000009313
gfc_2005_2010,The global financial crisis period,192,gfc_2005_2010_w0192,2008-10-17,2009-10-16,2009-04-20,252,349,Feng2022_T_FC,1,0.05,TRUE,0.00149242673075247,17.5771337271308,9.48772903678115,,20300707,5,rolling_v1|Feng2022_T_FC|252|5|0.05|1|NA|1|TRUE|QS|20260821,ok,,0.0760000000009313
gfc_2005_2010,The global financial crisis period,193,gfc_2005_2010_w0193,2008-10-24,2009-10-23,2009-04-27,252,349,Feng2022_T_FC,1,0.05,TRUE,0.00336965975392948,15.752663800635,9.48772903678115,,20300741,5,rolling_v1|Feng2022_T_FC|252|5|0.05|1|NA|1|TRUE|QS|20260821,ok,,0.0750000000116415
gfc_2005_2010,The global financial crisis period,194,gfc_2005_2010_w0194,2008-10-31,2009-10-30,2009-05-04,252,349,Feng2022_T_FC,1,0.05,TRUE,8.44252909885262e-05,23.8799281126798,9.48772903678115,,20300775,5,rolling_v1|Feng2022_T_FC|252|5|0.05|1|NA|1|TRUE|QS|20260821,ok,,0.0760000000009313
gfc_2005_2010,The global financial crisis period,195,gfc_2005_2010_w0195,2008-11-07,2009-11-06,2009-05-11,252,349,Feng2022_T_FC,1,0.05,TRUE,3.11167253600705e-05,26.0362311030733,9.48772903678115,,20300809,5,rolling_v1|Feng2022_T_FC|252|5|0.05|1|NA|1|TRUE|QS|20260821,ok,,0.0749999999970896
gfc_2005_2010,The global financial crisis period,196,gfc_2005_2010_w0196,2008-11-14,2009-11-13,2009-05-18,252,349,Feng2022_T_FC,1,0.05,TRUE,0.000207842350418322,21.9206513496108,9.48772903678115,,20300843,5,rolling_v1|Feng2022_T_FC|252|5|0.05|1|NA|1|TRUE|QS|20260821,ok,,0.0760000000009313
gfc_2005_2010,The global financial crisis period,197,gfc_2005_2010_w0197,2008-11-21,2009-11-20,2009-05-26,252,349,Feng2022_T_FC,1,0.05,TRUE,0.000115707846843816,23.1959569349117,9.48772903678115,,20300877,5,rolling_v1|Feng2022_T_FC|252|5|0.05|1|NA|1|TRUE|QS|20260821,ok,,0.0760000000009313
gfc_2005_2010,The global financial crisis period,198,gfc_2005_2010_w0198,2008-12-01,2009-11-30,2009-06-02,252,349,Feng2022_T_FC,1,0.05,TRUE,1.92671396976289e-08,41.6980418187093,9.48772903678115,,20300911,5,rolling_v1|Feng2022_T_FC|252|5|0.05|1|NA|1|TRUE|QS|20260821,ok,,0.0749999999970896
gfc_2005_2010,The global financial crisis period,199,gfc_2005_2010_w0199,2008-12-08,2009-12-07,2009-06-09,252,349,Feng2022_T_FC,1,0.05,TRUE,4.28004567994935e-09,44.8460430376804,9.48772903678115,,20300945,5,rolling_v1|Feng2022_T_FC|252|5|0.05|1|NA|1|TRUE|QS|20260821,ok,,0.0760000000009313
gfc_2005_2010,The global financial crisis period,200,gfc_2005_2010_w0200,2008-12-15,2009-12-14,2009-06-16,252,349,Feng2022_T_FC,1,0.05,TRUE,1.22724121326702e-08,42.6429211668236,9.48772903678115,,20300374,5,rolling_v1|Feng2022_T_FC|252|5|0.05|1|NA|1|TRUE|QS|20260821,ok,,0.0760000000009313
gfc_2005_2010,The global financial crisis period,201,gfc_2005_2010_w0201,2008-12-22,2009-12-21,2009-06-23,252,349,Feng2022_T_FC,1,0.05,TRUE,4.8567062018403e-08,39.758134735553,9.48772903678115,,20300408,5,rolling_v1|Feng2022_T_FC|252|5|0.05|1|NA|1|TRUE|QS|20260821,ok,,0.0760000000009313
gfc_2005_2010,The global financial crisis period,202,gfc_2005_2010_w0202,2008-12-30,2009-12-29,2009-06-30,252,349,Feng2022_T_FC,1,0.05,TRUE,3.31821721353331e-08,40.5579449321309,9.48772903678115,,20300442,5,rolling_v1|Feng2022_T_FC|252|5|0.05|1|NA|1|TRUE|QS|20260821,ok,,0.0760000000009313
gfc_2005_2010,The global financial crisis period,203,gfc_2005_2010_w0203,2009-01-07,2010-01-06,2009-07-08,252,349,Feng2022_T_FC,1,0.05,TRUE,1.60235747288411e-08,42.0843236908144,9.48772903678115,,20300476,5,rolling_v1|Feng2022_T_FC|252|5|0.05|1|NA|1|TRUE|QS|20260821,ok,,0.0760000000009313
gfc_2005_2010,The global financial crisis period,204,gfc_2005_2010_w0204,2009-01-14,2010-01-13,2009-07-15,252,349,Feng2022_T_FC,1,0.05,TRUE,4.38497297074317e-09,44.7954419992189,9.48772903678115,,20300510,5,rolling_v1|Feng2022_T_FC|252|5|0.05|1|NA|1|TRUE|QS|20260821,ok,,0.0760000000009313
gfc_2005_2010,The global financial crisis period,205,gfc_2005_2010_w0205,2009-01-22,2010-01-21,2009-07-22,252,349,Feng2022_T_FC,1,0.05,TRUE,0.00197028107367333,16.9572350932745,9.48772903678115,,20300544,5,rolling_v1|Feng2022_T_FC|252|5|0.05|1|NA|1|TRUE|QS|20260821,ok,,0.0760000000009313
gfc_2005_2010,The global financial crisis period,206,gfc_2005_2010_w0206,2009-01-29,2010-01-28,2009-07-29,252,349,Feng2022_T_FC,1,0.05,TRUE,0.00368118683004567,15.5532206747552,9.48772903678115,,20300578,5,rolling_v1|Feng2022_T_FC|252|5|0.05|1|NA|1|TRUE|QS|20260821,ok,,0.0769999999902211
gfc_2005_2010,The global financial crisis period,207,gfc_2005_2010_w0207,2009-02-05,2010-02-04,2009-08-05,252,349,Feng2022_T_FC,1,0.05,TRUE,0.000850148126187261,18.8263428955036,9.48772903678115,,20300612,5,rolling_v1|Feng2022_T_FC|252|5|0.05|1|NA|1|TRUE|QS|20260821,ok,,0.0769999999902211
gfc_2005_2010,The global financial crisis period,208,gfc_2005_2010_w0208,2009-02-12,2010-02-11,2009-08-12,252,349,Feng2022_T_FC,1,0.05,TRUE,0.00121873259770501,18.027839865844,9.48772903678115,,20300646,5,rolling_v1|Feng2022_T_FC|252|5|0.05|1|NA|1|TRUE|QS|20260821,ok,,0.077000000004773
gfc_2005_2010,The global financial crisis period,209,gfc_2005_2010_w0209,2009-02-20,2010-02-19,2009-08-19,252,349,Feng2022_T_FC,1,0.05,TRUE,6.91935679406373e-05,24.3108756921129,9.48772903678115,,20300680,5,rolling_v1|Feng2022_T_FC|252|5|0.05|1|NA|1|TRUE|QS|20260821,ok,,0.077000000004773
gfc_2005_2010,The global financial crisis period,210,gfc_2005_2010_w0210,2009-02-27,2010-02-26,2009-08-26,252,349,Feng2022_T_FC,1,0.05,TRUE,0.000275243762312243,21.3069125095165,9.48772903678115,,20300407,5,rolling_v1|Feng2022_T_FC|252|5|0.05|1|NA|1|TRUE|QS|20260821,ok,,0.0780000000086147
gfc_2005_2010,The global financial crisis period,211,gfc_2005_2010_w0211,2009-03-06,2010-03-05,2009-09-02,252,349,Feng2022_T_FC,1,0.05,TRUE,1.75203253498279e-05,27.271212492241,9.48772903678115,,20300441,5,rolling_v1|Feng2022_T_FC|252|5|0.05|1|NA|1|TRUE|QS|20260821,ok,,0.077000000004773
gfc_2005_2010,The global financial crisis period,212,gfc_2005_2010_w0212,2009-03-13,2010-03-12,2009-09-10,252,349,Feng2022_T_FC,1,0.05,TRUE,2.31738770877827e-09,46.1270447452447,9.48772903678115,,20300475,5,rolling_v1|Feng2022_T_FC|252|5|0.05|1|NA|1|TRUE|QS|20260821,ok,,0.0780000000086147
gfc_2005_2010,The global financial crisis period,213,gfc_2005_2010_w0213,2009-03-20,2010-03-19,2009-09-17,252,349,Feng2022_T_FC,1,0.05,TRUE,2.42377986921418e-11,55.6072168887655,9.48772903678115,,20300509,5,rolling_v1|Feng2022_T_FC|252|5|0.05|1|NA|1|TRUE|QS|20260821,ok,,0.077000000004773
gfc_2005_2010,The global financial crisis period,214,gfc_2005_2010_w0214,2009-03-27,2010-03-26,2009-09-24,252,349,Feng2022_T_FC,1,0.05,TRUE,1.4488068984007e-07,37.4589373011098,9.48772903678115,,20300543,5,rolling_v1|Feng2022_T_FC|252|5|0.05|1|NA|1|TRUE|QS|20260821,ok,,0.0769999999902211
gfc_2005_2010,The global financial crisis period,215,gfc_2005_2010_w0215,2009-04-03,2010-04-05,2009-10-01,252,349,Feng2022_T_FC,1,0.05,TRUE,2.44075008229923e-09,46.0188122177478,9.48772903678115,,20300577,5,rolling_v1|Feng2022_T_FC|252|5|0.05|1|NA|1|TRUE|QS|20260821,ok,,0.0769999999902211
gfc_2005_2010,The global financial crisis period,216,gfc_2005_2010_w0216,2009-04-13,2010-04-12,2009-10-08,252,349,Feng2022_T_FC,1,0.05,TRUE,3.22329845170312e-19,92.8762761472869,9.48772903678115,,20300611,5,rolling_v1|Feng2022_T_FC|252|5|0.05|1|NA|1|TRUE|QS|20260821,ok,,0.0780000000086147
gfc_2005_2010,The global financial crisis period,217,gfc_2005_2010_w0217,2009-04-20,2010-04-19,2009-10-15,252,349,Feng2022_T_FC,1,0.05,TRUE,8.02897346492975e-14,67.399741153587,9.48772903678115,,20300645,5,rolling_v1|Feng2022_T_FC|252|5|0.05|1|NA|1|TRUE|QS|20260821,ok,,0.0780000000086147
gfc_2005_2010,The global financial crisis period,218,gfc_2005_2010_w0218,2009-04-27,2010-04-26,2009-10-22,252,349,Feng2022_T_FC,1,0.05,TRUE,1.13244044657877e-08,42.8112349192626,9.48772903678115,,20300679,5,rolling_v1|Feng2022_T_FC|252|5|0.05|1|NA|1|TRUE|QS|20260821,ok,,0.0779999999940628
gfc_2005_2010,The global financial crisis period,219,gfc_2005_2010_w0219,2009-05-04,2010-05-03,2009-10-29,252,349,Feng2022_T_FC,1,0.05,TRUE,1.37326638550104e-07,37.571743312312,9.48772903678115,,20300713,5,rolling_v1|Feng2022_T_FC|252|5|0.05|1|NA|1|TRUE|QS|20260821,ok,,0.0779999999940628
gfc_2005_2010,The global financial crisis period,220,gfc_2005_2010_w0220,2009-05-11,2010-05-10,2009-11-05,252,349,Feng2022_T_FC,1,0.05,TRUE,0.033206049332528,10.4704806708251,9.48772903678115,,20300440,5,rolling_v1|Feng2022_T_FC|252|5|0.05|1|NA|1|TRUE|QS|20260821,ok,,0.0780000000086147
gfc_2005_2010,The global financial crisis period,221,gfc_2005_2010_w0221,2009-05-18,2010-05-17,2009-11-12,252,349,Feng2022_T_FC,1,0.05,FALSE,0.0641085456221168,8.88234421010109,9.48772903678115,,20300474,5,rolling_v1|Feng2022_T_FC|252|5|0.05|1|NA|1|TRUE|QS|20260821,ok,,0.0780000000086147
gfc_2005_2010,The global financial crisis period,222,gfc_2005_2010_w0222,2009-05-26,2010-05-24,2009-11-19,252,349,Feng2022_T_FC,1,0.05,FALSE,0.103003430685214,7.70496730086127,9.48772903678115,,20300508,5,rolling_v1|Feng2022_T_FC|252|5|0.05|1|NA|1|TRUE|QS|20260821,ok,,0.0779999999940628
gfc_2005_2010,The global financial crisis period,223,gfc_2005_2010_w0223,2009-06-02,2010-06-01,2009-11-27,252,349,Feng2022_T_FC,1,0.05,FALSE,0.179573074438,6.27437965023478,9.48772903678115,,20300542,5,rolling_v1|Feng2022_T_FC|252|5|0.05|1|NA|1|TRUE|QS|20260821,ok,,0.0779999999940628
gfc_2005_2010,The global financial crisis period,224,gfc_2005_2010_w0224,2009-06-09,2010-06-08,2009-12-04,252,349,Feng2022_T_FC,1,0.05,FALSE,0.24861514726721,5.4004987842884,9.48772903678115,,20300576,5,rolling_v1|Feng2022_T_FC|252|5|0.05|1|NA|1|TRUE|QS|20260821,ok,,0.0780000000086147
gfc_2005_2010,The global financial crisis period,225,gfc_2005_2010_w0225,2009-06-16,2010-06-15,2009-12-11,252,349,Feng2022_T_FC,1,0.05,FALSE,0.286348167603998,5.00926501143491,9.48772903678115,,20300610,5,rolling_v1|Feng2022_T_FC|252|5|0.05|1|NA|1|TRUE|QS|20260821,ok,,0.0780000000086147
gfc_2005_2010,The global financial crisis period,226,gfc_2005_2010_w0226,2009-06-23,2010-06-22,2009-12-18,252,349,Feng2022_T_FC,1,0.05,FALSE,0.245870593843521,5.43089924507549,9.48772903678115,,20300644,5,rolling_v1|Feng2022_T_FC|252|5|0.05|1|NA|1|TRUE|QS|20260821,ok,,0.0779999999940628
gfc_2005_2010,The global financial crisis period,227,gfc_2005_2010_w0227,2009-06-30,2010-06-29,2009-12-28,252,349,Feng2022_T_FC,1,0.05,FALSE,0.321488319273949,4.68218333662728,9.48772903678115,,20300678,5,rolling_v1|Feng2022_T_FC|252|5|0.05|1|NA|1|TRUE|QS|20260821,ok,,0.0789999999979045
gfc_2005_2010,The global financial crisis period,228,gfc_2005_2010_w0228,2009-07-08,2010-07-07,2010-01-05,252,349,Feng2022_T_FC,1,0.05,TRUE,0.016482244591123,12.1198057084928,9.48772903678115,,20300712,5,rolling_v1|Feng2022_T_FC|252|5|0.05|1|NA|1|TRUE|QS|20260821,ok,,0.0780000000086147
gfc_2005_2010,The global financial crisis period,229,gfc_2005_2010_w0229,2009-07-15,2010-07-14,2010-01-12,252,349,Feng2022_T_FC,1,0.05,TRUE,0.0262785245982531,11.0255354953662,9.48772903678115,,20300746,5,rolling_v1|Feng2022_T_FC|252|5|0.05|1|NA|1|TRUE|QS|20260821,ok,,0.0780000000086147
gfc_2005_2010,The global financial crisis period,230,gfc_2005_2010_w0230,2009-07-22,2010-07-21,2010-01-20,252,349,Feng2022_T_FC,1,0.05,TRUE,0.0293186834251964,10.7663996338992,9.48772903678115,,20300473,5,rolling_v1|Feng2022_T_FC|252|5|0.05|1|NA|1|TRUE|QS|20260821,ok,,0.0789999999979045
gfc_2005_2010,The global financial crisis period,231,gfc_2005_2010_w0231,2009-07-29,2010-07-28,2010-01-27,252,349,Feng2022_T_FC,1,0.05,TRUE,0.0281209237121137,10.8652477767747,9.48772903678115,,20300507,5,rolling_v1|Feng2022_T_FC|252|5|0.05|1|NA|1|TRUE|QS|20260821,ok,,0.0789999999979045
gfc_2005_2010,The global financial crisis period,232,gfc_2005_2010_w0232,2009-08-05,2010-08-04,2010-02-03,252,349,Feng2022_T_FC,1,0.05,TRUE,0.0273194627777675,10.9336882560849,9.48772903678115,,20300541,5,rolling_v1|Feng2022_T_FC|252|5|0.05|1|NA|1|TRUE|QS|20260821,ok,,0.0779999999940628
gfc_2005_2010,The global financial crisis period,233,gfc_2005_2010_w0233,2009-08-12,2010-08-11,2010-02-10,252,349,Feng2022_T_FC,1,0.05,TRUE,0.0483935826600109,9.56675117527462,9.48772903678115,,20300575,5,rolling_v1|Feng2022_T_FC|252|5|0.05|1|NA|1|TRUE|QS|20260821,ok,,0.077000000004773
gfc_2005_2010,The global financial crisis period,234,gfc_2005_2010_w0234,2009-08-19,2010-08-18,2010-02-18,252,349,Feng2022_T_FC,1,0.05,TRUE,0.0374698110013705,10.1820765281867,9.48772903678115,,20300609,5,rolling_v1|Feng2022_T_FC|252|5|0.05|1|NA|1|TRUE|QS|20260821,ok,,0.077000000004773
gfc_2005_2010,The global financial crisis period,235,gfc_2005_2010_w0235,2009-08-26,2010-08-25,2010-02-25,252,349,Feng2022_T_FC,1,0.05,TRUE,0.0381172083678162,10.1410728139271,9.48772903678115,,20300643,5,rolling_v1|Feng2022_T_FC|252|5|0.05|1|NA|1|TRUE|QS|20260821,ok,,0.0779999999940628
gfc_2005_2010,The global financial crisis period,236,gfc_2005_2010_w0236,2009-09-02,2010-09-01,2010-03-04,252,349,Feng2022_T_FC,1,0.05,TRUE,0.0154328495365977,12.2729521201548,9.48772903678115,,20300677,5,rolling_v1|Feng2022_T_FC|252|5|0.05|1|NA|1|TRUE|QS|20260821,ok,,0.0779999999940628
gfc_2005_2010,The global financial crisis period,237,gfc_2005_2010_w0237,2009-09-10,2010-09-09,2010-03-11,252,349,Feng2022_T_FC,1,0.05,TRUE,0.0311122338615811,10.6254419269999,9.48772903678115,,20300711,5,rolling_v1|Feng2022_T_FC|252|5|0.05|1|NA|1|TRUE|QS|20260821,ok,,0.0779999999940628
gfc_2005_2010,The global financial crisis period,238,gfc_2005_2010_w0238,2009-09-17,2010-09-16,2010-03-18,252,349,Feng2022_T_FC,1,0.05,TRUE,0.0293669714420331,10.7624968205917,9.48772903678115,,20300745,5,rolling_v1|Feng2022_T_FC|252|5|0.05|1|NA|1|TRUE|QS|20260821,ok,,0.0769999999902211
gfc_2005_2010,The global financial crisis period,239,gfc_2005_2010_w0239,2009-09-24,2010-09-23,2010-03-25,252,349,Feng2022_T_FC,1,0.05,TRUE,0.0388117243459502,10.0978223833185,9.48772903678115,,20300779,5,rolling_v1|Feng2022_T_FC|252|5|0.05|1|NA|1|TRUE|QS|20260821,ok,,0.0780000000086147
gfc_2005_2010,The global financial crisis period,240,gfc_2005_2010_w0240,2009-10-01,2010-09-30,2010-04-01,252,349,Feng2022_T_FC,1,0.05,TRUE,0.0225613740882588,11.3850080943728,9.48772903678115,,20300506,5,rolling_v1|Feng2022_T_FC|252|5|0.05|1|NA|1|TRUE|QS|20260821,ok,,0.0780000000086147
gfc_2005_2010,The global financial crisis period,241,gfc_2005_2010_w0241,2009-10-08,2010-10-07,2010-04-09,252,349,Feng2022_T_FC,1,0.05,TRUE,0.0209006245414948,11.564582442362,9.48772903678115,,20300540,5,rolling_v1|Feng2022_T_FC|252|5|0.05|1|NA|1|TRUE|QS|20260821,ok,,0.0780000000086147
gfc_2005_2010,The global financial crisis period,242,gfc_2005_2010_w0242,2009-10-15,2010-10-14,2010-04-16,252,349,Feng2022_T_FC,1,0.05,FALSE,0.0662524088719502,8.80167497197673,9.48772903678115,,20300574,5,rolling_v1|Feng2022_T_FC|252|5|0.05|1|NA|1|TRUE|QS|20260821,ok,,0.0769999999902211
gfc_2005_2010,The global financial crisis period,243,gfc_2005_2010_w0243,2009-10-22,2010-10-21,2010-04-23,252,349,Feng2022_T_FC,1,0.05,FALSE,0.154511175198171,6.66794737056658,9.48772903678115,,20300608,5,rolling_v1|Feng2022_T_FC|252|5|0.05|1|NA|1|TRUE|QS|20260821,ok,,0.0779999999940628
gfc_2005_2010,The global financial crisis period,244,gfc_2005_2010_w0244,2009-10-29,2010-10-28,2010-04-30,252,349,Feng2022_T_FC,1,0.05,FALSE,0.114348759123481,7.44078922013749,9.48772903678115,,20300642,5,rolling_v1|Feng2022_T_FC|252|5|0.05|1|NA|1|TRUE|QS|20260821,ok,,0.0779999999940628
gfc_2005_2010,The global financial crisis period,245,gfc_2005_2010_w0245,2009-11-05,2010-11-04,2010-05-07,252,349,Feng2022_T_FC,1,0.05,FALSE,0.190181598924541,6.12254427731656,9.48772903678115,,20300676,5,rolling_v1|Feng2022_T_FC|252|5|0.05|1|NA|1|TRUE|QS|20260821,ok,,0.0769999999902211
gfc_2005_2010,The global financial crisis period,246,gfc_2005_2010_w0246,2009-11-12,2010-11-11,2010-05-14,252,349,Feng2022_T_FC,1,0.05,FALSE,0.243281547167661,5.45984727347561,9.48772903678115,,20300710,5,rolling_v1|Feng2022_T_FC|252|5|0.05|1|NA|1|TRUE|QS|20260821,ok,,0.0829999999987194
gfc_2005_2010,The global financial crisis period,247,gfc_2005_2010_w0247,2009-11-19,2010-11-18,2010-05-21,252,349,Feng2022_T_FC,1,0.05,FALSE,0.203423798956333,5.94328776290695,9.48772903678115,,20300744,5,rolling_v1|Feng2022_T_FC|252|5|0.05|1|NA|1|TRUE|QS|20260821,ok,,0.0780000000086147
gfc_2005_2010,The global financial crisis period,248,gfc_2005_2010_w0248,2009-11-27,2010-11-26,2010-05-28,252,349,Feng2022_T_FC,1,0.05,FALSE,0.14410376995138,6.84868705204377,9.48772903678115,,20300778,5,rolling_v1|Feng2022_T_FC|252|5|0.05|1|NA|1|TRUE|QS|20260821,ok,,0.0779999999940628
gfc_2005_2010,The global financial crisis period,249,gfc_2005_2010_w0249,2009-12-04,2010-12-03,2010-06-07,252,349,Feng2022_T_FC,1,0.05,FALSE,0.199872651645802,5.99031595967491,9.48772903678115,,20300812,5,rolling_v1|Feng2022_T_FC|252|5|0.05|1|NA|1|TRUE|QS|20260821,ok,,0.0779999999940628
gfc_2005_2010,The global financial crisis period,250,gfc_2005_2010_w0250,2009-12-11,2010-12-10,2010-06-14,252,349,Feng2022_T_FC,1,0.05,FALSE,0.241789646307138,5.47664948424614,9.48772903678115,,20300539,5,rolling_v1|Feng2022_T_FC|252|5|0.05|1|NA|1|TRUE|QS|20260821,ok,,0.0779999999940628
gfc_2005_2010,The global financial crisis period,251,gfc_2005_2010_w0251,2009-12-18,2010-12-17,2010-06-21,252,349,Feng2022_T_FC,1,0.05,FALSE,0.229772920182172,5.61537041834784,9.48772903678115,,20300573,5,rolling_v1|Feng2022_T_FC|252|5|0.05|1|NA|1|TRUE|QS|20260821,ok,,0.0780000000086147
gfc_2005_2010,The global financial crisis period,252,gfc_2005_2010_w0252,2009-12-28,2010-12-27,2010-06-28,252,349,Feng2022_T_FC,1,0.05,FALSE,0.287400439186362,4.99899685919903,9.48772903678115,,20300607,5,rolling_v1|Feng2022_T_FC|252|5|0.05|1|NA|1|TRUE|QS|20260821,ok,,0.134999999994761
gfc_2005_2010,The global financial crisis period,1,gfc_2005_2010_w0001,2005-01-03,2005-12-30,2005-07-01,252,349,Li2019,1,0.05,FALSE,0.140923921289984,1.07617758463608,1.64485362695147,,20284909,5,rolling_v1|Li2019|252|5|0.05|1|NA|1|TRUE|QS|20260821,ok,,0.172000000005937
gfc_2005_2010,The global financial crisis period,2,gfc_2005_2010_w0002,2005-01-10,2006-01-09,2005-07-11,252,349,Li2019,1,0.05,FALSE,0.0909498907248522,1.33492840060261,1.64485362695147,,20284936,5,rolling_v1|Li2019|252|5|0.05|1|NA|1|TRUE|QS|20260821,ok,,0.148000000001048
gfc_2005_2010,The global financial crisis period,3,gfc_2005_2010_w0003,2005-01-18,2006-01-17,2005-07-18,252,349,Li2019,1,0.05,FALSE,0.0915616024855203,1.33120001960495,1.64485362695147,,20284963,5,rolling_v1|Li2019|252|5|0.05|1|NA|1|TRUE|QS|20260821,ok,,0.146999999997206
gfc_2005_2010,The global financial crisis period,4,gfc_2005_2010_w0004,2005-01-25,2006-01-24,2005-07-25,252,349,Li2019,1,0.05,FALSE,0.0664514581626457,1.50275235505876,1.64485362695147,,20284990,5,rolling_v1|Li2019|252|5|0.05|1|NA|1|TRUE|QS|20260821,ok,,0.146000000007916
gfc_2005_2010,The global financial crisis period,5,gfc_2005_2010_w0005,2005-02-01,2006-01-31,2005-08-01,252,349,Li2019,1,0.05,TRUE,0.0355751063489319,1.8045175355856,1.64485362695147,,20285017,5,rolling_v1|Li2019|252|5|0.05|1|NA|1|TRUE|QS|20260821,ok,,0.146999999997206
gfc_2005_2010,The global financial crisis period,6,gfc_2005_2010_w0006,2005-02-08,2006-02-07,2005-08-08,252,349,Li2019,1,0.05,FALSE,0.064074407875107,1.52144255862158,1.64485362695147,,20285044,5,rolling_v1|Li2019|252|5|0.05|1|NA|1|TRUE|QS|20260821,ok,,0.158999999999651
gfc_2005_2010,The global financial crisis period,7,gfc_2005_2010_w0007,2005-02-15,2006-02-14,2005-08-15,252,349,Li2019,1,0.05,FALSE,0.0541659714655288,1.60573593145935,1.64485362695147,,20285071,5,rolling_v1|Li2019|252|5|0.05|1|NA|1|TRUE|QS|20260821,ok,,0.160000000003492
gfc_2005_2010,The global financial crisis period,8,gfc_2005_2010_w0008,2005-02-23,2006-02-22,2005-08-22,252,349,Li2019,1,0.05,TRUE,0.0420602444070422,1.72726273337143,1.64485362695147,,20285098,5,rolling_v1|Li2019|252|5|0.05|1|NA|1|TRUE|QS|20260821,ok,,0.148000000001048
gfc_2005_2010,The global financial crisis period,9,gfc_2005_2010_w0009,2005-03-02,2006-03-01,2005-08-29,252,349,Li2019,1,0.05,TRUE,0.0173091397350561,2.11279544791553,1.64485362695147,,20285125,5,rolling_v1|Li2019|252|5|0.05|1|NA|1|TRUE|QS|20260821,ok,,0.149000000004889
gfc_2005_2010,The global financial crisis period,10,gfc_2005_2010_w0010,2005-03-09,2006-03-08,2005-09-06,252,349,Li2019,1,0.05,TRUE,0.0085954830770454,2.38259777421646,1.64485362695147,,20284908,5,rolling_v1|Li2019|252|5|0.05|1|NA|1|TRUE|QS|20260821,ok,,0.149000000004889
gfc_2005_2010,The global financial crisis period,11,gfc_2005_2010_w0011,2005-03-16,2006-03-15,2005-09-13,252,349,Li2019,1,0.05,TRUE,0.00964518813853789,2.33987148976037,1.64485362695147,,20284935,5,rolling_v1|Li2019|252|5|0.05|1|NA|1|TRUE|QS|20260821,ok,,0.145999999993364
gfc_2005_2010,The global financial crisis period,12,gfc_2005_2010_w0012,2005-03-23,2006-03-22,2005-09-20,252,349,Li2019,1,0.05,TRUE,0.00751771943184921,2.43152432076666,1.64485362695147,,20284962,5,rolling_v1|Li2019|252|5|0.05|1|NA|1|TRUE|QS|20260821,ok,,0.148000000001048
gfc_2005_2010,The global financial crisis period,13,gfc_2005_2010_w0013,2005-03-31,2006-03-29,2005-09-27,252,349,Li2019,1,0.05,TRUE,0.0098998954024304,2.33012035662744,1.64485362695147,,20284989,5,rolling_v1|Li2019|252|5|0.05|1|NA|1|TRUE|QS|20260821,ok,,0.148999999990338
gfc_2005_2010,The global financial crisis period,14,gfc_2005_2010_w0014,2005-04-07,2006-04-05,2005-10-04,252,349,Li2019,1,0.05,TRUE,0.0127953659646817,2.23236677391408,1.64485362695147,,20285016,5,rolling_v1|Li2019|252|5|0.05|1|NA|1|TRUE|QS|20260821,ok,,0.146000000007916
gfc_2005_2010,The global financial crisis period,15,gfc_2005_2010_w0015,2005-04-14,2006-04-12,2005-10-11,252,349,Li2019,1,0.05,TRUE,0.0112791315555332,2.280834143973,1.64485362695147,,20285043,5,rolling_v1|Li2019|252|5|0.05|1|NA|1|TRUE|QS|20260821,ok,,0.149000000004889
gfc_2005_2010,The global financial crisis period,16,gfc_2005_2010_w0016,2005-04-21,2006-04-20,2005-10-18,252,349,Li2019,1,0.05,TRUE,0.013881153436119,2.20062888684868,1.64485362695147,,20285070,5,rolling_v1|Li2019|252|5|0.05|1|NA|1|TRUE|QS|20260821,ok,,0.146000000007916
gfc_2005_2010,The global financial crisis period,17,gfc_2005_2010_w0017,2005-04-28,2006-04-27,2005-10-25,252,349,Li2019,1,0.05,TRUE,0.0408901106294277,1.74044892373879,1.64485362695147,,20285097,5,rolling_v1|Li2019|252|5|0.05|1|NA|1|TRUE|QS|20260821,ok,,0.149000000004889
gfc_2005_2010,The global financial crisis period,18,gfc_2005_2010_w0018,2005-05-05,2006-05-04,2005-11-01,252,349,Li2019,1,0.05,FALSE,0.0698548649267993,1.47687282786027,1.64485362695147,,20285124,5,rolling_v1|Li2019|252|5|0.05|1|NA|1|TRUE|QS|20260821,ok,,0.145999999993364
gfc_2005_2010,The global financial crisis period,19,gfc_2005_2010_w0019,2005-05-12,2006-05-11,2005-11-08,252,349,Li2019,1,0.05,FALSE,0.0912282591917669,1.33322944772821,1.64485362695147,,20285151,5,rolling_v1|Li2019|252|5|0.05|1|NA|1|TRUE|QS|20260821,ok,,0.146000000007916
gfc_2005_2010,The global financial crisis period,20,gfc_2005_2010_w0020,2005-05-19,2006-05-18,2005-11-15,252,349,Li2019,1,0.05,FALSE,0.0539958193526545,1.607286024066,1.64485362695147,,20284934,5,rolling_v1|Li2019|252|5|0.05|1|NA|1|TRUE|QS|20260821,ok,,0.145999999993364
gfc_2005_2010,The global financial crisis period,21,gfc_2005_2010_w0021,2005-05-26,2006-05-25,2005-11-22,252,349,Li2019,1,0.05,FALSE,0.0784951790715173,1.41526655151948,1.64485362695147,,20284961,5,rolling_v1|Li2019|252|5|0.05|1|NA|1|TRUE|QS|20260821,ok,,0.152000000001863
gfc_2005_2010,The global financial crisis period,22,gfc_2005_2010_w0022,2005-06-03,2006-06-02,2005-11-30,252,349,Li2019,1,0.05,FALSE,0.130810049297359,1.12257015048893,1.64485362695147,,20284988,5,rolling_v1|Li2019|252|5|0.05|1|NA|1|TRUE|QS|20260821,ok,,0.146999999997206
gfc_2005_2010,The global financial crisis period,23,gfc_2005_2010_w0023,2005-06-10,2006-06-09,2005-12-07,252,349,Li2019,1,0.05,FALSE,0.114329316112813,1.20382135939536,1.64485362695147,,20285015,5,rolling_v1|Li2019|252|5|0.05|1|NA|1|TRUE|QS|20260821,ok,,0.145999999993364
gfc_2005_2010,The global financial crisis period,24,gfc_2005_2010_w0024,2005-06-17,2006-06-16,2005-12-14,252,349,Li2019,1,0.05,FALSE,0.134044727105601,1.10747305853204,1.64485362695147,,20285042,5,rolling_v1|Li2019|252|5|0.05|1|NA|1|TRUE|QS|20260821,ok,,0.146000000007916
gfc_2005_2010,The global financial crisis period,25,gfc_2005_2010_w0025,2005-06-24,2006-06-23,2005-12-21,252,349,Li2019,1,0.05,FALSE,0.15767858894924,1.00404447285253,1.64485362695147,,20285069,5,rolling_v1|Li2019|252|5|0.05|1|NA|1|TRUE|QS|20260821,ok,,0.151999999987311
gfc_2005_2010,The global financial crisis period,26,gfc_2005_2010_w0026,2005-07-01,2006-06-30,2005-12-29,252,349,Li2019,1,0.05,FALSE,0.17991353278524,0.915694661981371,1.64485362695147,,20285096,5,rolling_v1|Li2019|252|5|0.05|1|NA|1|TRUE|QS|20260821,ok,,0.152000000001863
gfc_2005_2010,The global financial crisis period,27,gfc_2005_2010_w0027,2005-07-11,2006-07-10,2006-01-06,252,349,Li2019,1,0.05,FALSE,0.175439090040574,0.932887261595027,1.64485362695147,,20285123,5,rolling_v1|Li2019|252|5|0.05|1|NA|1|TRUE|QS|20260821,ok,,0.145999999993364
gfc_2005_2010,The global financial crisis period,28,gfc_2005_2010_w0028,2005-07-18,2006-07-17,2006-01-13,252,349,Li2019,1,0.05,FALSE,0.176863692297379,0.927383634558876,1.64485362695147,,20285150,5,rolling_v1|Li2019|252|5|0.05|1|NA|1|TRUE|QS|20260821,ok,,0.148000000001048
gfc_2005_2010,The global financial crisis period,29,gfc_2005_2010_w0029,2005-07-25,2006-07-24,2006-01-23,252,349,Li2019,1,0.05,FALSE,0.282387596248743,0.575763285883642,1.64485362695147,,20285177,5,rolling_v1|Li2019|252|5|0.05|1|NA|1|TRUE|QS|20260821,ok,,0.146000000007916
gfc_2005_2010,The global financial crisis period,30,gfc_2005_2010_w0030,2005-08-01,2006-07-31,2006-01-30,252,349,Li2019,1,0.05,FALSE,0.174541064006788,0.936371147296712,1.64485362695147,,20284960,5,rolling_v1|Li2019|252|5|0.05|1|NA|1|TRUE|QS|20260821,ok,,0.145000000004075
gfc_2005_2010,The global financial crisis period,31,gfc_2005_2010_w0031,2005-08-08,2006-08-07,2006-02-06,252,349,Li2019,1,0.05,FALSE,0.201420658988873,0.836557544965151,1.64485362695147,,20284987,5,rolling_v1|Li2019|252|5|0.05|1|NA|1|TRUE|QS|20260821,ok,,0.145000000004075
gfc_2005_2010,The global financial crisis period,32,gfc_2005_2010_w0032,2005-08-15,2006-08-14,2006-02-13,252,349,Li2019,1,0.05,FALSE,0.20661937259089,0.818207444198477,1.64485362695147,,20285014,5,rolling_v1|Li2019|252|5|0.05|1|NA|1|TRUE|QS|20260821,ok,,0.145000000004075
gfc_2005_2010,The global financial crisis period,33,gfc_2005_2010_w0033,2005-08-22,2006-08-21,2006-02-21,252,349,Li2019,1,0.05,FALSE,0.170874995621005,0.950713188787519,1.64485362695147,,20285041,5,rolling_v1|Li2019|252|5|0.05|1|NA|1|TRUE|QS|20260821,ok,,0.145999999993364
gfc_2005_2010,The global financial crisis period,34,gfc_2005_2010_w0034,2005-08-29,2006-08-28,2006-02-28,252,349,Li2019,1,0.05,FALSE,0.184717211372193,0.897533280854362,1.64485362695147,,20285068,5,rolling_v1|Li2019|252|5|0.05|1|NA|1|TRUE|QS|20260821,ok,,0.148000000001048
gfc_2005_2010,The global financial crisis period,35,gfc_2005_2010_w0035,2005-09-06,2006-09-05,2006-03-07,252,349,Li2019,1,0.05,FALSE,0.153201099425473,1.02280046348728,1.64485362695147,,20285095,5,rolling_v1|Li2019|252|5|0.05|1|NA|1|TRUE|QS|20260821,ok,,0.149000000004889
gfc_2005_2010,The global financial crisis period,36,gfc_2005_2010_w0036,2005-09-13,2006-09-12,2006-03-14,252,349,Li2019,1,0.05,FALSE,0.170203813077967,0.953360147529846,1.64485362695147,,20285122,5,rolling_v1|Li2019|252|5|0.05|1|NA|1|TRUE|QS|20260821,ok,,0.149999999994179
gfc_2005_2010,The global financial crisis period,37,gfc_2005_2010_w0037,2005-09-20,2006-09-19,2006-03-21,252,349,Li2019,1,0.05,FALSE,0.151394669392737,1.03047019023088,1.64485362695147,,20285149,5,rolling_v1|Li2019|252|5|0.05|1|NA|1|TRUE|QS|20260821,ok,,0.148000000001048
gfc_2005_2010,The global financial crisis period,38,gfc_2005_2010_w0038,2005-09-27,2006-09-26,2006-03-28,252,349,Li2019,1,0.05,FALSE,0.149974723783953,1.03654180332535,1.64485362695147,,20285176,5,rolling_v1|Li2019|252|5|0.05|1|NA|1|TRUE|QS|20260821,ok,,0.149000000004889
gfc_2005_2010,The global financial crisis period,39,gfc_2005_2010_w0039,2005-10-04,2006-10-03,2006-04-04,252,349,Li2019,1,0.05,FALSE,0.122515689825116,1.16250257422156,1.64485362695147,,20285203,5,rolling_v1|Li2019|252|5|0.05|1|NA|1|TRUE|QS|20260821,ok,,0.146000000007916
gfc_2005_2010,The global financial crisis period,40,gfc_2005_2010_w0040,2005-10-11,2006-10-10,2006-04-11,252,349,Li2019,1,0.05,FALSE,0.0974448003650157,1.2962493257664,1.64485362695147,,20284986,5,rolling_v1|Li2019|252|5|0.05|1|NA|1|TRUE|QS|20260821,ok,,0.148000000001048
gfc_2005_2010,The global financial crisis period,41,gfc_2005_2010_w0041,2005-10-18,2006-10-17,2006-04-19,252,349,Li2019,1,0.05,FALSE,0.103578310897624,1.261422622922,1.64485362695147,,20285013,5,rolling_v1|Li2019|252|5|0.05|1|NA|1|TRUE|QS|20260821,ok,,0.147000000011758
gfc_2005_2010,The global financial crisis period,42,gfc_2005_2010_w0042,2005-10-25,2006-10-24,2006-04-26,252,349,Li2019,1,0.05,FALSE,0.0721559701263991,1.45992044243276,1.64485362695147,,20285040,5,rolling_v1|Li2019|252|5|0.05|1|NA|1|TRUE|QS|20260821,ok,,0.146000000007916
gfc_2005_2010,The global financial crisis period,43,gfc_2005_2010_w0043,2005-11-01,2006-10-31,2006-05-03,252,349,Li2019,1,0.05,FALSE,0.0905368802077823,1.33745623016647,1.64485362695147,,20285067,5,rolling_v1|Li2019|252|5|0.05|1|NA|1|TRUE|QS|20260821,ok,,0.145000000004075
gfc_2005_2010,The global financial crisis period,44,gfc_2005_2010_w0044,2005-11-08,2006-11-07,2006-05-10,252,349,Li2019,1,0.05,FALSE,0.110157889719883,1.2256888719514,1.64485362695147,,20285094,5,rolling_v1|Li2019|252|5|0.05|1|NA|1|TRUE|QS|20260821,ok,,0.145999999993364
gfc_2005_2010,The global financial crisis period,45,gfc_2005_2010_w0045,2005-11-15,2006-11-14,2006-05-17,252,349,Li2019,1,0.05,FALSE,0.0931292933531981,1.32172846420639,1.64485362695147,,20285121,5,rolling_v1|Li2019|252|5|0.05|1|NA|1|TRUE|QS|20260821,ok,,0.145000000004075
gfc_2005_2010,The global financial crisis period,46,gfc_2005_2010_w0046,2005-11-22,2006-11-21,2006-05-24,252,349,Li2019,1,0.05,FALSE,0.0770410534895473,1.42525983097283,1.64485362695147,,20285148,5,rolling_v1|Li2019|252|5|0.05|1|NA|1|TRUE|QS|20260821,ok,,0.145000000004075
gfc_2005_2010,The global financial crisis period,47,gfc_2005_2010_w0047,2005-11-30,2006-11-29,2006-06-01,252,349,Li2019,1,0.05,FALSE,0.0728501930443281,1.45488758242786,1.64485362695147,,20285175,5,rolling_v1|Li2019|252|5|0.05|1|NA|1|TRUE|QS|20260821,ok,,0.149000000004889
gfc_2005_2010,The global financial crisis period,48,gfc_2005_2010_w0048,2005-12-07,2006-12-06,2006-06-08,252,349,Li2019,1,0.05,FALSE,0.0531830304815831,1.61474438694803,1.64485362695147,,20285202,5,rolling_v1|Li2019|252|5|0.05|1|NA|1|TRUE|QS|20260821,ok,,0.146000000007916
gfc_2005_2010,The global financial crisis period,49,gfc_2005_2010_w0049,2005-12-14,2006-12-13,2006-06-15,252,349,Li2019,1,0.05,TRUE,0.0492881206068311,1.65179552524351,1.64485362695147,,20285229,5,rolling_v1|Li2019|252|5|0.05|1|NA|1|TRUE|QS|20260821,ok,,0.144000000000233
gfc_2005_2010,The global financial crisis period,50,gfc_2005_2010_w0050,2005-12-21,2006-12-20,2006-06-22,252,349,Li2019,1,0.05,FALSE,0.0580422167849847,1.57142297171567,1.64485362695147,,20285012,5,rolling_v1|Li2019|252|5|0.05|1|NA|1|TRUE|QS|20260821,ok,,0.145000000004075
gfc_2005_2010,The global financial crisis period,51,gfc_2005_2010_w0051,2005-12-29,2006-12-28,2006-06-29,252,349,Li2019,1,0.05,TRUE,0.0347459594023901,1.81520820797532,1.64485362695147,,20285039,5,rolling_v1|Li2019|252|5|0.05|1|NA|1|TRUE|QS|20260821,ok,,0.145000000004075
gfc_2005_2010,The global financial crisis period,52,gfc_2005_2010_w0052,2006-01-06,2007-01-08,2006-07-07,252,349,Li2019,1,0.05,TRUE,0.0254306367680605,1.95264838592942,1.64485362695147,,20285066,5,rolling_v1|Li2019|252|5|0.05|1|NA|1|TRUE|QS|20260821,ok,,0.144999999989523
gfc_2005_2010,The global financial crisis period,53,gfc_2005_2010_w0053,2006-01-13,2007-01-16,2006-07-14,252,349,Li2019,1,0.05,TRUE,0.0154386096439691,2.15865143330642,1.64485362695147,,20285093,5,rolling_v1|Li2019|252|5|0.05|1|NA|1|TRUE|QS|20260821,ok,,0.144000000000233
gfc_2005_2010,The global financial crisis period,54,gfc_2005_2010_w0054,2006-01-23,2007-01-23,2006-07-21,252,349,Li2019,1,0.05,TRUE,0.00833815756917869,2.39376751976244,1.64485362695147,,20285120,5,rolling_v1|Li2019|252|5|0.05|1|NA|1|TRUE|QS|20260821,ok,,0.144999999989523
gfc_2005_2010,The global financial crisis period,55,gfc_2005_2010_w0055,2006-01-30,2007-01-30,2006-07-28,252,349,Li2019,1,0.05,TRUE,0.0260459253129867,1.94237391622863,1.64485362695147,,20285147,5,rolling_v1|Li2019|252|5|0.05|1|NA|1|TRUE|QS|20260821,ok,,0.148000000001048
gfc_2005_2010,The global financial crisis period,56,gfc_2005_2010_w0056,2006-02-06,2007-02-06,2006-08-04,252,349,Li2019,1,0.05,TRUE,0.0162882182495813,2.13726509082888,1.64485362695147,,20285174,5,rolling_v1|Li2019|252|5|0.05|1|NA|1|TRUE|QS|20260821,ok,,0.145000000004075
gfc_2005_2010,The global financial crisis period,57,gfc_2005_2010_w0057,2006-02-13,2007-02-13,2006-08-11,252,349,Li2019,1,0.05,TRUE,0.0109782993402802,2.29111784734613,1.64485362695147,,20285201,5,rolling_v1|Li2019|252|5|0.05|1|NA|1|TRUE|QS|20260821,ok,,0.148000000001048
gfc_2005_2010,The global financial crisis period,58,gfc_2005_2010_w0058,2006-02-21,2007-02-21,2006-08-18,252,349,Li2019,1,0.05,TRUE,0.0060195971793576,2.51099341244307,1.64485362695147,,20285228,5,rolling_v1|Li2019|252|5|0.05|1|NA|1|TRUE|QS|20260821,ok,,0.146000000007916
gfc_2005_2010,The global financial crisis period,59,gfc_2005_2010_w0059,2006-02-28,2007-02-28,2006-08-25,252,349,Li2019,1,0.05,TRUE,0.00866611579470843,2.3795831630483,1.64485362695147,,20285255,5,rolling_v1|Li2019|252|5|0.05|1|NA|1|TRUE|QS|20260821,ok,,0.144999999989523
gfc_2005_2010,The global financial crisis period,60,gfc_2005_2010_w0060,2006-03-07,2007-03-07,2006-09-01,252,349,Li2019,1,0.05,TRUE,0.00781082886211438,2.41763687007493,1.64485362695147,,20285038,5,rolling_v1|Li2019|252|5|0.05|1|NA|1|TRUE|QS|20260821,ok,,0.144000000000233
gfc_2005_2010,The global financial crisis period,61,gfc_2005_2010_w0061,2006-03-14,2007-03-14,2006-09-11,252,349,Li2019,1,0.05,TRUE,0.0222617431916765,2.00912870290186,1.64485362695147,,20285065,5,rolling_v1|Li2019|252|5|0.05|1|NA|1|TRUE|QS|20260821,ok,,0.145999999993364
gfc_2005_2010,The global financial crisis period,62,gfc_2005_2010_w0062,2006-03-21,2007-03-21,2006-09-18,252,349,Li2019,1,0.05,TRUE,0.0452102976148416,1.69318323226404,1.64485362695147,,20285092,5,rolling_v1|Li2019|252|5|0.05|1|NA|1|TRUE|QS|20260821,ok,,0.144999999989523
gfc_2005_2010,The global financial crisis period,63,gfc_2005_2010_w0063,2006-03-28,2007-03-28,2006-09-25,252,349,Li2019,1,0.05,TRUE,0.0248733602320077,1.96213541737771,1.64485362695147,,20285119,5,rolling_v1|Li2019|252|5|0.05|1|NA|1|TRUE|QS|20260821,ok,,0.144999999989523
gfc_2005_2010,The global financial crisis period,64,gfc_2005_2010_w0064,2006-04-04,2007-04-04,2006-10-02,252,349,Li2019,1,0.05,TRUE,0.0198702976062775,2.0564351075683,1.64485362695147,,20285146,5,rolling_v1|Li2019|252|5|0.05|1|NA|1|TRUE|QS|20260821,ok,,0.148999999990338
gfc_2005_2010,The global financial crisis period,65,gfc_2005_2010_w0065,2006-04-11,2007-04-12,2006-10-09,252,349,Li2019,1,0.05,TRUE,0.0329569473263767,1.83900878021149,1.64485362695147,,20285173,5,rolling_v1|Li2019|252|5|0.05|1|NA|1|TRUE|QS|20260821,ok,,0.145999999993364
gfc_2005_2010,The global financial crisis period,66,gfc_2005_2010_w0066,2006-04-19,2007-04-19,2006-10-16,252,349,Li2019,1,0.05,TRUE,0.028786852896547,1.89892980598436,1.64485362695147,,20285200,5,rolling_v1|Li2019|252|5|0.05|1|NA|1|TRUE|QS|20260821,ok,,0.149000000004889
gfc_2005_2010,The global financial crisis period,67,gfc_2005_2010_w0067,2006-04-26,2007-04-26,2006-10-23,252,349,Li2019,1,0.05,TRUE,0.0285542497480128,1.90247947628181,1.64485362695147,,20285227,5,rolling_v1|Li2019|252|5|0.05|1|NA|1|TRUE|QS|20260821,ok,,0.146000000007916
gfc_2005_2010,The global financial crisis period,68,gfc_2005_2010_w0068,2006-05-03,2007-05-03,2006-10-30,252,349,Li2019,1,0.05,TRUE,0.0251717365933808,1.95703398213789,1.64485362695147,,20285254,5,rolling_v1|Li2019|252|5|0.05|1|NA|1|TRUE|QS|20260821,ok,,0.148000000001048
gfc_2005_2010,The global financial crisis period,69,gfc_2005_2010_w0069,2006-05-10,2007-05-10,2006-11-06,252,349,Li2019,1,0.05,TRUE,0.0367295285138477,1.78996799281003,1.64485362695147,,20285281,5,rolling_v1|Li2019|252|5|0.05|1|NA|1|TRUE|QS|20260821,ok,,0.144999999989523
gfc_2005_2010,The global financial crisis period,70,gfc_2005_2010_w0070,2006-05-17,2007-05-17,2006-11-13,252,349,Li2019,1,0.05,FALSE,0.125942579223012,1.14578249858507,1.64485362695147,,20285064,5,rolling_v1|Li2019|252|5|0.05|1|NA|1|TRUE|QS|20260821,ok,,0.148000000001048
gfc_2005_2010,The global financial crisis period,71,gfc_2005_2010_w0071,2006-05-24,2007-05-24,2006-11-20,252,349,Li2019,1,0.05,FALSE,0.0994509229300219,1.28468653381038,1.64485362695147,,20285091,5,rolling_v1|Li2019|252|5|0.05|1|NA|1|TRUE|QS|20260821,ok,,0.145000000004075
gfc_2005_2010,The global financial crisis period,72,gfc_2005_2010_w0072,2006-06-01,2007-06-01,2006-11-28,252,349,Li2019,1,0.05,FALSE,0.0782602439443374,1.41687154282747,1.64485362695147,,20285118,5,rolling_v1|Li2019|252|5|0.05|1|NA|1|TRUE|QS|20260821,ok,,0.144000000000233
gfc_2005_2010,The global financial crisis period,73,gfc_2005_2010_w0073,2006-06-08,2007-06-08,2006-12-05,252,349,Li2019,1,0.05,FALSE,0.103172077600649,1.26368209224604,1.64485362695147,,20285145,5,rolling_v1|Li2019|252|5|0.05|1|NA|1|TRUE|QS|20260821,ok,,0.148000000001048
gfc_2005_2010,The global financial crisis period,74,gfc_2005_2010_w0074,2006-06-15,2007-06-15,2006-12-12,252,349,Li2019,1,0.05,FALSE,0.100584824466149,1.27822629000978,1.64485362695147,,20285172,5,rolling_v1|Li2019|252|5|0.05|1|NA|1|TRUE|QS|20260821,ok,,0.148000000001048
gfc_2005_2010,The global financial crisis period,75,gfc_2005_2010_w0075,2006-06-22,2007-06-22,2006-12-19,252,349,Li2019,1,0.05,FALSE,0.0687300321044329,1.48531626897457,1.64485362695147,,20285199,5,rolling_v1|Li2019|252|5|0.05|1|NA|1|TRUE|QS|20260821,ok,,0.148000000001048
gfc_2005_2010,The global financial crisis period,76,gfc_2005_2010_w0076,2006-06-29,2007-06-29,2006-12-27,252,349,Li2019,1,0.05,FALSE,0.0613317991366143,1.54368938834004,1.64485362695147,,20285226,5,rolling_v1|Li2019|252|5|0.05|1|NA|1|TRUE|QS|20260821,ok,,0.144999999989523
gfc_2005_2010,The global financial crisis period,77,gfc_2005_2010_w0077,2006-07-07,2007-07-09,2007-01-05,252,349,Li2019,1,0.05,FALSE,0.051046799370659,1.63478751584577,1.64485362695147,,20285253,5,rolling_v1|Li2019|252|5|0.05|1|NA|1|TRUE|QS|20260821,ok,,0.147999999986496
gfc_2005_2010,The global financial crisis period,78,gfc_2005_2010_w0078,2006-07-14,2007-07-16,2007-01-12,252,349,Li2019,1,0.05,TRUE,0.0418086322026436,1.73007282693066,1.64485362695147,,20285280,5,rolling_v1|Li2019|252|5|0.05|1|NA|1|TRUE|QS|20260821,ok,,0.144000000000233
gfc_2005_2010,The global financial crisis period,79,gfc_2005_2010_w0079,2006-07-21,2007-07-23,2007-01-22,252,349,Li2019,1,0.05,TRUE,0.0404001097669239,1.74606176653383,1.64485362695147,,20285307,5,rolling_v1|Li2019|252|5|0.05|1|NA|1|TRUE|QS|20260821,ok,,0.144999999989523
gfc_2005_2010,The global financial crisis period,80,gfc_2005_2010_w0080,2006-07-28,2007-07-30,2007-01-29,252,349,Li2019,1,0.05,FALSE,0.116028060512953,1.19507911491716,1.64485362695147,,20285090,5,rolling_v1|Li2019|252|5|0.05|1|NA|1|TRUE|QS|20260821,ok,,0.149000000004889
gfc_2005_2010,The global financial crisis period,81,gfc_2005_2010_w0081,2006-08-04,2007-08-06,2007-02-05,252,349,Li2019,1,0.05,TRUE,0.00235342498740362,2.8264404165862,1.64485362695147,,20285117,5,rolling_v1|Li2019|252|5|0.05|1|NA|1|TRUE|QS|20260821,ok,,0.148000000001048
gfc_2005_2010,The global financial crisis period,82,gfc_2005_2010_w0082,2006-08-11,2007-08-13,2007-02-12,252,349,Li2019,1,0.05,TRUE,4.28142094957444e-06,4.45060573984097,1.64485362695147,,20285144,5,rolling_v1|Li2019|252|5|0.05|1|NA|1|TRUE|QS|20260821,ok,,0.146000000007916
gfc_2005_2010,The global financial crisis period,83,gfc_2005_2010_w0083,2006-08-18,2007-08-20,2007-02-20,252,349,Li2019,1,0.05,TRUE,6.51959534774372e-07,4.83915563984662,1.64485362695147,,20285171,5,rolling_v1|Li2019|252|5|0.05|1|NA|1|TRUE|QS|20260821,ok,,0.144000000000233
gfc_2005_2010,The global financial crisis period,84,gfc_2005_2010_w0084,2006-08-25,2007-08-27,2007-02-27,252,349,Li2019,1,0.05,TRUE,6.21202578256993e-07,4.8487521808128,1.64485362695147,,20285198,5,rolling_v1|Li2019|252|5|0.05|1|NA|1|TRUE|QS|20260821,ok,,0.145000000004075
gfc_2005_2010,The global financial crisis period,85,gfc_2005_2010_w0085,2006-09-01,2007-09-04,2007-03-06,252,349,Li2019,1,0.05,TRUE,6.79665146113449e-07,4.83087690453291,1.64485362695147,,20285225,5,rolling_v1|Li2019|252|5|0.05|1|NA|1|TRUE|QS|20260821,ok,,0.145000000004075
gfc_2005_2010,The global financial crisis period,86,gfc_2005_2010_w0086,2006-09-11,2007-09-11,2007-03-13,252,349,Li2019,1,0.05,TRUE,3.46982129018789e-08,5.39272679426418,1.64485362695147,,20285252,5,rolling_v1|Li2019|252|5|0.05|1|NA|1|TRUE|QS|20260821,ok,,0.144000000000233
gfc_2005_2010,The global financial crisis period,87,gfc_2005_2010_w0087,2006-09-18,2007-09-18,2007-03-20,252,349,Li2019,1,0.05,TRUE,9.72127247020793e-09,5.61688969763321,1.64485362695147,,20285279,5,rolling_v1|Li2019|252|5|0.05|1|NA|1|TRUE|QS|20260821,ok,,0.144000000000233
gfc_2005_2010,The global financial crisis period,88,gfc_2005_2010_w0088,2006-09-25,2007-09-25,2007-03-27,252,349,Li2019,1,0.05,TRUE,6.19066581348585e-07,4.84943550666994,1.64485362695147,,20285306,5,rolling_v1|Li2019|252|5|0.05|1|NA|1|TRUE|QS|20260821,ok,,0.145000000004075
gfc_2005_2010,The global financial crisis period,89,gfc_2005_2010_w0089,2006-10-02,2007-10-02,2007-04-03,252,349,Li2019,1,0.05,TRUE,4.89239294547356e-07,4.89591801055127,1.64485362695147,,20285333,5,rolling_v1|Li2019|252|5|0.05|1|NA|1|TRUE|QS|20260821,ok,,0.145000000004075
gfc_2005_2010,The global financial crisis period,90,gfc_2005_2010_w0090,2006-10-09,2007-10-09,2007-04-11,252,349,Li2019,1,0.05,TRUE,8.64368710558066e-07,4.78279577458925,1.64485362695147,,20285116,5,rolling_v1|Li2019|252|5|0.05|1|NA|1|TRUE|QS|20260821,ok,,0.144000000000233
gfc_2005_2010,The global financial crisis period,91,gfc_2005_2010_w0091,2006-10-16,2007-10-16,2007-04-18,252,349,Li2019,1,0.05,TRUE,5.92337623982618e-07,4.85818361235615,1.64485362695147,,20285143,5,rolling_v1|Li2019|252|5|0.05|1|NA|1|TRUE|QS|20260821,ok,,0.145000000004075
gfc_2005_2010,The global financial crisis period,92,gfc_2005_2010_w0092,2006-10-23,2007-10-23,2007-04-25,252,349,Li2019,1,0.05,TRUE,1.71935637990934e-06,4.64270853837513,1.64485362695147,,20285170,5,rolling_v1|Li2019|252|5|0.05|1|NA|1|TRUE|QS|20260821,ok,,0.145000000004075
gfc_2005_2010,The global financial crisis period,93,gfc_2005_2010_w0093,2006-10-30,2007-10-30,2007-05-02,252,349,Li2019,1,0.05,TRUE,1.12487096453589e-06,4.72958956166125,1.64485362695147,,20285197,5,rolling_v1|Li2019|252|5|0.05|1|NA|1|TRUE|QS|20260821,ok,,0.146999999997206
gfc_2005_2010,The global financial crisis period,94,gfc_2005_2010_w0094,2006-11-06,2007-11-06,2007-05-09,252,349,Li2019,1,0.05,TRUE,4.62320303840798e-07,4.90703389032949,1.64485362695147,,20285224,5,rolling_v1|Li2019|252|5|0.05|1|NA|1|TRUE|QS|20260821,ok,,0.144999999989523
gfc_2005_2010,The global financial crisis period,95,gfc_2005_2010_w0095,2006-11-13,2007-11-13,2007-05-16,252,349,Li2019,1,0.05,TRUE,5.39421614487183e-12,6.79557106132507,1.64485362695147,,20285251,5,rolling_v1|Li2019|252|5|0.05|1|NA|1|TRUE|QS|20260821,ok,,0.144000000000233
gfc_2005_2010,The global financial crisis period,96,gfc_2005_2010_w0096,2006-11-20,2007-11-20,2007-05-23,252,349,Li2019,1,0.05,TRUE,2.58619004447708e-15,7.82264748046402,1.64485362695147,,20285278,5,rolling_v1|Li2019|252|5|0.05|1|NA|1|TRUE|QS|20260821,ok,,0.144000000000233
gfc_2005_2010,The global financial crisis period,97,gfc_2005_2010_w0097,2006-11-28,2007-11-28,2007-05-31,252,349,Li2019,1,0.05,TRUE,2.55722662398162e-15,7.82406462040996,1.64485362695147,,20285305,5,rolling_v1|Li2019|252|5|0.05|1|NA|1|TRUE|QS|20260821,ok,,0.144999999989523
gfc_2005_2010,The global financial crisis period,98,gfc_2005_2010_w0098,2006-12-05,2007-12-05,2007-06-07,252,349,Li2019,1,0.05,TRUE,1.45347526913191e-16,8.17712556016509,1.64485362695147,,20285332,5,rolling_v1|Li2019|252|5|0.05|1|NA|1|TRUE|QS|20260821,ok,,0.145000000004075
gfc_2005_2010,The global financial crisis period,99,gfc_2005_2010_w0099,2006-12-12,2007-12-12,2007-06-14,252,349,Li2019,1,0.05,TRUE,9.17574199630998e-16,7.95200635347578,1.64485362695147,,20285359,5,rolling_v1|Li2019|252|5|0.05|1|NA|1|TRUE|QS|20260821,ok,,0.144999999989523
gfc_2005_2010,The global financial crisis period,100,gfc_2005_2010_w0100,2006-12-19,2007-12-19,2007-06-21,252,349,Li2019,1,0.05,TRUE,5.06044656082224e-14,7.43931473387085,1.64485362695147,,20284907,5,rolling_v1|Li2019|252|5|0.05|1|NA|1|TRUE|QS|20260821,ok,,0.145000000004075
gfc_2005_2010,The global financial crisis period,101,gfc_2005_2010_w0101,2006-12-27,2007-12-27,2007-06-28,252,349,Li2019,1,0.05,TRUE,1.24544861826286e-12,7.00381233036677,1.64485362695147,,20284934,5,rolling_v1|Li2019|252|5|0.05|1|NA|1|TRUE|QS|20260821,ok,,0.145000000004075
gfc_2005_2010,The global financial crisis period,102,gfc_2005_2010_w0102,2007-01-05,2008-01-04,2007-07-06,252,349,Li2019,1,0.05,TRUE,1.98129991886077e-08,5.49251050011057,1.64485362695147,,20284961,5,rolling_v1|Li2019|252|5|0.05|1|NA|1|TRUE|QS|20260821,ok,,0.144000000000233
gfc_2005_2010,The global financial crisis period,103,gfc_2005_2010_w0103,2007-01-12,2008-01-11,2007-07-13,252,349,Li2019,1,0.05,TRUE,2.11496145078721e-11,6.59579176312716,1.64485362695147,,20284988,5,rolling_v1|Li2019|252|5|0.05|1|NA|1|TRUE|QS|20260821,ok,,0.144000000000233
gfc_2005_2010,The global financial crisis period,104,gfc_2005_2010_w0104,2007-01-22,2008-01-18,2007-07-20,252,349,Li2019,1,0.05,TRUE,6.34017801373091e-11,6.43095636701322,1.64485362695147,,20285015,5,rolling_v1|Li2019|252|5|0.05|1|NA|1|TRUE|QS|20260821,ok,,0.144000000000233
gfc_2005_2010,The global financial crisis period,105,gfc_2005_2010_w0105,2007-01-29,2008-01-28,2007-07-27,252,349,Li2019,1,0.05,TRUE,3.84708698533121e-13,7.16649583412032,1.64485362695147,,20285042,5,rolling_v1|Li2019|252|5|0.05|1|NA|1|TRUE|QS|20260821,ok,,0.145000000004075
gfc_2005_2010,The global financial crisis period,106,gfc_2005_2010_w0106,2007-02-05,2008-02-04,2007-08-03,252,349,Li2019,1,0.05,TRUE,1.80427478517508e-13,7.26948710868592,1.64485362695147,,20285069,5,rolling_v1|Li2019|252|5|0.05|1|NA|1|TRUE|QS|20260821,ok,,0.145000000004075
gfc_2005_2010,The global financial crisis period,107,gfc_2005_2010_w0107,2007-02-12,2008-02-11,2007-08-10,252,349,Li2019,1,0.05,TRUE,8.24036307214777e-11,6.39099732907275,1.64485362695147,,20285096,5,rolling_v1|Li2019|252|5|0.05|1|NA|1|TRUE|QS|20260821,ok,,0.144000000000233
gfc_2005_2010,The global financial crisis period,108,gfc_2005_2010_w0108,2007-02-20,2008-02-19,2007-08-17,252,349,Li2019,1,0.05,TRUE,1.53284350617736e-11,6.64338066774337,1.64485362695147,,20285123,5,rolling_v1|Li2019|252|5|0.05|1|NA|1|TRUE|QS|20260821,ok,,0.144999999989523
gfc_2005_2010,The global financial crisis period,109,gfc_2005_2010_w0109,2007-02-27,2008-02-26,2007-08-24,252,349,Li2019,1,0.05,TRUE,5.5249774893434e-12,6.79211742173618,1.64485362695147,,20285150,5,rolling_v1|Li2019|252|5|0.05|1|NA|1|TRUE|QS|20260821,ok,,0.145000000004075
gfc_2005_2010,The global financial crisis period,110,gfc_2005_2010_w0110,2007-03-06,2008-03-04,2007-08-31,252,349,Li2019,1,0.05,TRUE,4.52335574977421e-10,6.12538055846931,1.64485362695147,,20284933,5,rolling_v1|Li2019|252|5|0.05|1|NA|1|TRUE|QS|20260821,ok,,0.148000000001048
gfc_2005_2010,The global financial crisis period,111,gfc_2005_2010_w0111,2007-03-13,2008-03-11,2007-09-10,252,349,Li2019,1,0.05,TRUE,5.39472451011159e-13,7.12004160392352,1.64485362695147,,20284960,5,rolling_v1|Li2019|252|5|0.05|1|NA|1|TRUE|QS|20260821,ok,,0.145000000004075
gfc_2005_2010,The global financial crisis period,112,gfc_2005_2010_w0112,2007-03-20,2008-03-18,2007-09-17,252,349,Li2019,1,0.05,TRUE,4.14589471268431e-11,6.49520958595912,1.64485362695147,,20284987,5,rolling_v1|Li2019|252|5|0.05|1|NA|1|TRUE|QS|20260821,ok,,0.145000000004075
gfc_2005_2010,The global financial crisis period,113,gfc_2005_2010_w0113,2007-03-27,2008-03-26,2007-09-24,252,349,Li2019,1,0.05,TRUE,1.32080176240333e-16,8.18865555544077,1.64485362695147,,20285014,5,rolling_v1|Li2019|252|5|0.05|1|NA|1|TRUE|QS|20260821,ok,,0.145000000004075
gfc_2005_2010,The global financial crisis period,114,gfc_2005_2010_w0114,2007-04-03,2008-04-02,2007-10-01,252,349,Li2019,1,0.05,TRUE,1.64730017168589e-12,6.96454789933127,1.64485362695147,,20285041,5,rolling_v1|Li2019|252|5|0.05|1|NA|1|TRUE|QS|20260821,ok,,0.149000000004889
gfc_2005_2010,The global financial crisis period,115,gfc_2005_2010_w0115,2007-04-11,2008-04-09,2007-10-08,252,349,Li2019,1,0.05,TRUE,4.06878568292487e-12,6.83610428882513,1.64485362695147,,20285068,5,rolling_v1|Li2019|252|5|0.05|1|NA|1|TRUE|QS|20260821,ok,,0.145000000004075
gfc_2005_2010,The global financial crisis period,116,gfc_2005_2010_w0116,2007-04-18,2008-04-16,2007-10-15,252,349,Li2019,1,0.05,TRUE,5.8514356845803e-11,6.44313732617152,1.64485362695147,,20285095,5,rolling_v1|Li2019|252|5|0.05|1|NA|1|TRUE|QS|20260821,ok,,0.147999999986496
gfc_2005_2010,The global financial crisis period,117,gfc_2005_2010_w0117,2007-04-25,2008-04-23,2007-10-22,252,349,Li2019,1,0.05,TRUE,6.05674679257237e-11,6.4379035425113,1.64485362695147,,20285122,5,rolling_v1|Li2019|252|5|0.05|1|NA|1|TRUE|QS|20260821,ok,,0.145000000004075
gfc_2005_2010,The global financial crisis period,118,gfc_2005_2010_w0118,2007-05-02,2008-04-30,2007-10-29,252,349,Li2019,1,0.05,TRUE,2.91422403260556e-10,6.19500148506406,1.64485362695147,,20285149,5,rolling_v1|Li2019|252|5|0.05|1|NA|1|TRUE|QS|20260821,ok,,0.145000000004075
gfc_2005_2010,The global financial crisis period,119,gfc_2005_2010_w0119,2007-05-09,2008-05-07,2007-11-05,252,349,Li2019,1,0.05,TRUE,1.08107482127046e-10,6.34935826672055,1.64485362695147,,20285176,5,rolling_v1|Li2019|252|5|0.05|1|NA|1|TRUE|QS|20260821,ok,,0.146000000007916
gfc_2005_2010,The global financial crisis period,120,gfc_2005_2010_w0120,2007-05-16,2008-05-14,2007-11-12,252,349,Li2019,1,0.05,TRUE,5.38656161511863e-10,6.09751319091733,1.64485362695147,,20284959,5,rolling_v1|Li2019|252|5|0.05|1|NA|1|TRUE|QS|20260821,ok,,0.146999999997206
gfc_2005_2010,The global financial crisis period,121,gfc_2005_2010_w0121,2007-05-23,2008-05-21,2007-11-19,252,349,Li2019,1,0.05,TRUE,1.55180622182618e-09,5.92602188431535,1.64485362695147,,20284986,5,rolling_v1|Li2019|252|5|0.05|1|NA|1|TRUE|QS|20260821,ok,,0.144000000000233
gfc_2005_2010,The global financial crisis period,122,gfc_2005_2010_w0122,2007-05-31,2008-05-29,2007-11-27,252,349,Li2019,1,0.05,TRUE,4.36829550310583e-10,6.13093169764663,1.64485362695147,,20285013,5,rolling_v1|Li2019|252|5|0.05|1|NA|1|TRUE|QS|20260821,ok,,0.144000000000233
gfc_2005_2010,The global financial crisis period,123,gfc_2005_2010_w0123,2007-06-07,2008-06-05,2007-12-04,252,349,Li2019,1,0.05,TRUE,1.27940622011305e-11,6.66995536004162,1.64485362695147,,20285040,5,rolling_v1|Li2019|252|5|0.05|1|NA|1|TRUE|QS|20260821,ok,,0.144000000000233
gfc_2005_2010,The global financial crisis period,124,gfc_2005_2010_w0124,2007-06-14,2008-06-12,2007-12-11,252,349,Li2019,1,0.05,TRUE,2.58421568472363e-10,6.21390338522351,1.64485362695147,,20285067,5,rolling_v1|Li2019|252|5|0.05|1|NA|1|TRUE|QS|20260821,ok,,0.145000000004075
gfc_2005_2010,The global financial crisis period,125,gfc_2005_2010_w0125,2007-06-21,2008-06-19,2007-12-18,252,349,Li2019,1,0.05,TRUE,1.37530634176927e-09,5.9458289476393,1.64485362695147,,20285094,5,rolling_v1|Li2019|252|5|0.05|1|NA|1|TRUE|QS|20260821,ok,,0.146999999997206
gfc_2005_2010,The global financial crisis period,126,gfc_2005_2010_w0126,2007-06-28,2008-06-26,2007-12-26,252,349,Li2019,1,0.05,TRUE,1.18697116839373e-08,5.58227381801312,1.64485362695147,,20285121,5,rolling_v1|Li2019|252|5|0.05|1|NA|1|TRUE|QS|20260821,ok,,0.145000000004075
gfc_2005_2010,The global financial crisis period,127,gfc_2005_2010_w0127,2007-07-06,2008-07-03,2008-01-03,252,349,Li2019,1,0.05,TRUE,3.01892728342642e-08,5.41767646700431,1.64485362695147,,20285148,5,rolling_v1|Li2019|252|5|0.05|1|NA|1|TRUE|QS|20260821,ok,,0.146000000007916
gfc_2005_2010,The global financial crisis period,128,gfc_2005_2010_w0128,2007-07-13,2008-07-11,2008-01-10,252,349,Li2019,1,0.05,TRUE,3.37378902496671e-09,5.797089263847,1.64485362695147,,20285175,5,rolling_v1|Li2019|252|5|0.05|1|NA|1|TRUE|QS|20260821,ok,,0.148000000001048
gfc_2005_2010,The global financial crisis period,129,gfc_2005_2010_w0129,2007-07-20,2008-07-18,2008-01-17,252,349,Li2019,1,0.05,TRUE,3.3783602464132e-07,4.96822882129149,1.64485362695147,,20285202,5,rolling_v1|Li2019|252|5|0.05|1|NA|1|TRUE|QS|20260821,ok,,0.145000000004075
gfc_2005_2010,The global financial crisis period,130,gfc_2005_2010_w0130,2007-07-27,2008-07-25,2008-01-25,252,349,Li2019,1,0.05,TRUE,9.18388350240205e-07,4.77060032867168,1.64485362695147,,20284985,5,rolling_v1|Li2019|252|5|0.05|1|NA|1|TRUE|QS|20260821,ok,,0.144000000000233
gfc_2005_2010,The global financial crisis period,131,gfc_2005_2010_w0131,2007-08-03,2008-08-01,2008-02-01,252,349,Li2019,1,0.05,TRUE,1.166348201967e-05,4.23040625729725,1.64485362695147,,20285012,5,rolling_v1|Li2019|252|5|0.05|1|NA|1|TRUE|QS|20260821,ok,,0.149000000004889
gfc_2005_2010,The global financial crisis period,132,gfc_2005_2010_w0132,2007-08-10,2008-08-08,2008-02-08,252,349,Li2019,1,0.05,TRUE,3.43001841362111e-06,4.49798552013534,1.64485362695147,,20285039,5,rolling_v1|Li2019|252|5|0.05|1|NA|1|TRUE|QS|20260821,ok,,0.145000000004075
gfc_2005_2010,The global financial crisis period,133,gfc_2005_2010_w0133,2007-08-17,2008-08-15,2008-02-15,252,349,Li2019,1,0.05,TRUE,1.84583938792531e-05,4.12597468514585,1.64485362695147,,20285066,5,rolling_v1|Li2019|252|5|0.05|1|NA|1|TRUE|QS|20260821,ok,,0.145000000004075
gfc_2005_2010,The global financial crisis period,134,gfc_2005_2010_w0134,2007-08-24,2008-08-22,2008-02-25,252,349,Li2019,1,0.05,TRUE,7.70119357673286e-05,3.78449036922451,1.64485362695147,,20285093,5,rolling_v1|Li2019|252|5|0.05|1|NA|1|TRUE|QS|20260821,ok,,0.148000000001048
gfc_2005_2010,The global financial crisis period,135,gfc_2005_2010_w0135,2007-08-31,2008-08-29,2008-03-03,252,349,Li2019,1,0.05,TRUE,0.000173226743670846,3.57783390321635,1.64485362695147,,20285120,5,rolling_v1|Li2019|252|5|0.05|1|NA|1|TRUE|QS|20260821,ok,,0.145000000004075
gfc_2005_2010,The global financial crisis period,136,gfc_2005_2010_w0136,2007-09-10,2008-09-08,2008-03-10,252,349,Li2019,1,0.05,TRUE,0.00077163172812804,3.16642272110562,1.64485362695147,,20285147,5,rolling_v1|Li2019|252|5|0.05|1|NA|1|TRUE|QS|20260821,ok,,0.144000000000233
gfc_2005_2010,The global financial crisis period,137,gfc_2005_2010_w0137,2007-09-17,2008-09-15,2008-03-17,252,349,Li2019,1,0.05,TRUE,0.00133467398347923,3.00345297618751,1.64485362695147,,20285174,5,rolling_v1|Li2019|252|5|0.05|1|NA|1|TRUE|QS|20260821,ok,,0.145000000004075
gfc_2005_2010,The global financial crisis period,138,gfc_2005_2010_w0138,2007-09-24,2008-09-22,2008-03-25,252,349,Li2019,1,0.05,TRUE,6.3986939949935e-10,6.06992012991851,1.64485362695147,,20285201,5,rolling_v1|Li2019|252|5|0.05|1|NA|1|TRUE|QS|20260821,ok,,0.144000000000233
gfc_2005_2010,The global financial crisis period,139,gfc_2005_2010_w0139,2007-10-01,2008-09-29,2008-04-01,252,349,Li2019,1,0.05,TRUE,7.67372113395993e-08,5.24834171612749,1.64485362695147,,20285228,5,rolling_v1|Li2019|252|5|0.05|1|NA|1|TRUE|QS|20260821,ok,,0.145000000004075
gfc_2005_2010,The global financial crisis period,140,gfc_2005_2010_w0140,2007-10-08,2008-10-06,2008-04-08,252,349,Li2019,1,0.05,TRUE,9.52457619178466e-13,7.04127287928844,1.64485362695147,,20285011,5,rolling_v1|Li2019|252|5|0.05|1|NA|1|TRUE|QS|20260821,ok,,0.144000000000233
gfc_2005_2010,The global financial crisis period,141,gfc_2005_2010_w0141,2007-10-15,2008-10-13,2008-04-15,252,349,Li2019,1,0.05,TRUE,3.99390015543836e-07,4.93566527453423,1.64485362695147,,20285038,5,rolling_v1|Li2019|252|5|0.05|1|NA|1|TRUE|QS|20260821,ok,,0.145000000004075
gfc_2005_2010,The global financial crisis period,142,gfc_2005_2010_w0142,2007-10-22,2008-10-20,2008-04-22,252,349,Li2019,1,0.05,TRUE,5.46807241192777e-12,6.79361043735261,1.64485362695147,,20285065,5,rolling_v1|Li2019|252|5|0.05|1|NA|1|TRUE|QS|20260821,ok,,0.144000000000233
gfc_2005_2010,The global financial crisis period,143,gfc_2005_2010_w0143,2007-10-29,2008-10-27,2008-04-29,252,349,Li2019,1,0.05,TRUE,9.49591546168503e-11,6.36927944363774,1.64485362695147,,20285092,5,rolling_v1|Li2019|252|5|0.05|1|NA|1|TRUE|QS|20260821,ok,,0.144000000000233
gfc_2005_2010,The global financial crisis period,144,gfc_2005_2010_w0144,2007-11-05,2008-11-03,2008-05-06,252,349,Li2019,1,0.05,TRUE,1.21243999678695e-10,6.33169147491156,1.64485362695147,,20285119,5,rolling_v1|Li2019|252|5|0.05|1|NA|1|TRUE|QS|20260821,ok,,0.148000000001048
gfc_2005_2010,The global financial crisis period,145,gfc_2005_2010_w0145,2007-11-12,2008-11-10,2008-05-13,252,349,Li2019,1,0.05,TRUE,1.17800361993097e-09,5.97114050642656,1.64485362695147,,20285146,5,rolling_v1|Li2019|252|5|0.05|1|NA|1|TRUE|QS|20260821,ok,,0.144999999989523
gfc_2005_2010,The global financial crisis period,146,gfc_2005_2010_w0146,2007-11-19,2008-11-17,2008-05-20,252,349,Li2019,1,0.05,TRUE,4.86795920161195e-11,6.47099573357211,1.64485362695147,,20285173,5,rolling_v1|Li2019|252|5|0.05|1|NA|1|TRUE|QS|20260821,ok,,0.146999999997206
gfc_2005_2010,The global financial crisis period,147,gfc_2005_2010_w0147,2007-11-27,2008-11-24,2008-05-28,252,349,Li2019,1,0.05,TRUE,5.45014360530593e-07,4.87464757968075,1.64485362695147,,20285200,5,rolling_v1|Li2019|252|5|0.05|1|NA|1|TRUE|QS|20260821,ok,,0.144999999989523
gfc_2005_2010,The global financial crisis period,148,gfc_2005_2010_w0148,2007-12-04,2008-12-02,2008-06-04,252,349,Li2019,1,0.05,TRUE,8.43626269967636e-08,5.23085781114731,1.64485362695147,,20285227,5,rolling_v1|Li2019|252|5|0.05|1|NA|1|TRUE|QS|20260821,ok,,0.148000000001048
gfc_2005_2010,The global financial crisis period,149,gfc_2005_2010_w0149,2007-12-11,2008-12-09,2008-06-11,252,349,Li2019,1,0.05,TRUE,1.16895403826316e-06,4.72177885637466,1.64485362695147,,20285254,5,rolling_v1|Li2019|252|5|0.05|1|NA|1|TRUE|QS|20260821,ok,,0.145000000004075
gfc_2005_2010,The global financial crisis period,150,gfc_2005_2010_w0150,2007-12-18,2008-12-16,2008-06-18,252,349,Li2019,1,0.05,TRUE,1.88534324958079e-06,4.6236374675512,1.64485362695147,,20285037,5,rolling_v1|Li2019|252|5|0.05|1|NA|1|TRUE|QS|20260821,ok,,0.146999999997206
gfc_2005_2010,The global financial crisis period,151,gfc_2005_2010_w0151,2007-12-26,2008-12-23,2008-06-25,252,349,Li2019,1,0.05,TRUE,1.20454420005486e-06,4.71567659211418,1.64485362695147,,20285064,5,rolling_v1|Li2019|252|5|0.05|1|NA|1|TRUE|QS|20260821,ok,,0.145999999993364
gfc_2005_2010,The global financial crisis period,152,gfc_2005_2010_w0152,2008-01-03,2008-12-31,2008-07-02,252,349,Li2019,1,0.05,TRUE,2.39931222268911e-06,4.57340450247719,1.64485362695147,,20285091,5,rolling_v1|Li2019|252|5|0.05|1|NA|1|TRUE|QS|20260821,ok,,0.144000000000233
gfc_2005_2010,The global financial crisis period,153,gfc_2005_2010_w0153,2008-01-10,2009-01-08,2008-07-10,252,349,Li2019,1,0.05,TRUE,5.54990439230675e-06,4.39455854440807,1.64485362695147,,20285118,5,rolling_v1|Li2019|252|5|0.05|1|NA|1|TRUE|QS|20260821,ok,,0.144000000000233
gfc_2005_2010,The global financial crisis period,154,gfc_2005_2010_w0154,2008-01-17,2009-01-15,2008-07-17,252,349,Li2019,1,0.05,TRUE,7.46653906825163e-06,4.3296732017583,1.64485362695147,,20285145,5,rolling_v1|Li2019|252|5|0.05|1|NA|1|TRUE|QS|20260821,ok,,0.144999999989523
gfc_2005_2010,The global financial crisis period,155,gfc_2005_2010_w0155,2008-01-25,2009-01-23,2008-07-24,252,349,Li2019,1,0.05,TRUE,1.42390790317881e-06,4.68150130743143,1.64485362695147,,20285172,5,rolling_v1|Li2019|252|5|0.05|1|NA|1|TRUE|QS|20260821,ok,,0.144000000000233
gfc_2005_2010,The global financial crisis period,156,gfc_2005_2010_w0156,2008-02-01,2009-01-30,2008-07-31,252,349,Li2019,1,0.05,TRUE,1.46695374690021e-06,4.67539332908921,1.64485362695147,,20285199,5,rolling_v1|Li2019|252|5|0.05|1|NA|1|TRUE|QS|20260821,ok,,0.144999999989523
gfc_2005_2010,The global financial crisis period,157,gfc_2005_2010_w0157,2008-02-08,2009-02-06,2008-08-07,252,349,Li2019,1,0.05,TRUE,7.02203906744299e-06,4.34317092517522,1.64485362695147,,20285226,5,rolling_v1|Li2019|252|5|0.05|1|NA|1|TRUE|QS|20260821,ok,,0.148000000001048
gfc_2005_2010,The global financial crisis period,158,gfc_2005_2010_w0158,2008-02-15,2009-02-13,2008-08-14,252,349,Li2019,1,0.05,TRUE,8.69754859597943e-06,4.29594466674739,1.64485362695147,,20285253,5,rolling_v1|Li2019|252|5|0.05|1|NA|1|TRUE|QS|20260821,ok,,0.145000000004075
gfc_2005_2010,The global financial crisis period,159,gfc_2005_2010_w0159,2008-02-25,2009-02-23,2008-08-21,252,349,Li2019,1,0.05,TRUE,3.0351830136462e-05,4.01005867863153,1.64485362695147,,20285280,5,rolling_v1|Li2019|252|5|0.05|1|NA|1|TRUE|QS|20260821,ok,,0.144000000000233
gfc_2005_2010,The global financial crisis period,160,gfc_2005_2010_w0160,2008-03-03,2009-03-02,2008-08-28,252,349,Li2019,1,0.05,TRUE,9.59683465513995e-05,3.72939942964493,1.64485362695147,,20285063,5,rolling_v1|Li2019|252|5|0.05|1|NA|1|TRUE|QS|20260821,ok,,0.148000000001048
gfc_2005_2010,The global financial crisis period,161,gfc_2005_2010_w0161,2008-03-10,2009-03-09,2008-09-05,252,349,Li2019,1,0.05,TRUE,9.29247768547837e-05,3.73751290506329,1.64485362695147,,20285090,5,rolling_v1|Li2019|252|5|0.05|1|NA|1|TRUE|QS|20260821,ok,,0.145000000004075
gfc_2005_2010,The global financial crisis period,162,gfc_2005_2010_w0162,2008-03-17,2009-03-16,2008-09-12,252,349,Li2019,1,0.05,TRUE,0.000768996773421128,3.16741747524234,1.64485362695147,,20285117,5,rolling_v1|Li2019|252|5|0.05|1|NA|1|TRUE|QS|20260821,ok,,0.144000000000233
gfc_2005_2010,The global financial crisis period,163,gfc_2005_2010_w0163,2008-03-25,2009-03-23,2008-09-19,252,349,Li2019,1,0.05,TRUE,0.00314249943353621,2.73252978394905,1.64485362695147,,20285144,5,rolling_v1|Li2019|252|5|0.05|1|NA|1|TRUE|QS|20260821,ok,,0.145000000004075
gfc_2005_2010,The global financial crisis period,164,gfc_2005_2010_w0164,2008-04-01,2009-03-30,2008-09-26,252,349,Li2019,1,0.05,TRUE,0.000598714776598745,3.23949169091107,1.64485362695147,,20285171,5,rolling_v1|Li2019|252|5|0.05|1|NA|1|TRUE|QS|20260821,ok,,0.145000000004075
gfc_2005_2010,The global financial crisis period,165,gfc_2005_2010_w0165,2008-04-08,2009-04-06,2008-10-03,252,349,Li2019,1,0.05,TRUE,0.00184858226242224,2.90290696355907,1.64485362695147,,20285198,5,rolling_v1|Li2019|252|5|0.05|1|NA|1|TRUE|QS|20260821,ok,,0.144000000000233
gfc_2005_2010,The global financial crisis period,166,gfc_2005_2010_w0166,2008-04-15,2009-04-14,2008-10-10,252,349,Li2019,1,0.05,TRUE,0.00293026861365855,2.7554839917917,1.64485362695147,,20285225,5,rolling_v1|Li2019|252|5|0.05|1|NA|1|TRUE|QS|20260821,ok,,0.145000000004075
gfc_2005_2010,The global financial crisis period,167,gfc_2005_2010_w0167,2008-04-22,2009-04-21,2008-10-17,252,349,Li2019,1,0.05,TRUE,0.00173822918104931,2.92213050780533,1.64485362695147,,20285252,5,rolling_v1|Li2019|252|5|0.05|1|NA|1|TRUE|QS|20260821,ok,,0.145000000004075
gfc_2005_2010,The global financial crisis period,168,gfc_2005_2010_w0168,2008-04-29,2009-04-28,2008-10-24,252,349,Li2019,1,0.05,TRUE,0.00182371889636739,2.90714526048179,1.64485362695147,,20285279,5,rolling_v1|Li2019|252|5|0.05|1|NA|1|TRUE|QS|20260821,ok,,0.144000000000233
gfc_2005_2010,The global financial crisis period,169,gfc_2005_2010_w0169,2008-05-06,2009-05-05,2008-10-31,252,349,Li2019,1,0.05,TRUE,0.00223484172156832,2.84295889599501,1.64485362695147,,20285306,5,rolling_v1|Li2019|252|5|0.05|1|NA|1|TRUE|QS|20260821,ok,,0.144000000000233
gfc_2005_2010,The global financial crisis period,170,gfc_2005_2010_w0170,2008-05-13,2009-05-12,2008-11-07,252,349,Li2019,1,0.05,TRUE,0.00141941830691535,2.98467080171551,1.64485362695147,,20285089,5,rolling_v1|Li2019|252|5|0.05|1|NA|1|TRUE|QS|20260821,ok,,0.144000000000233
gfc_2005_2010,The global financial crisis period,171,gfc_2005_2010_w0171,2008-05-20,2009-05-19,2008-11-14,252,349,Li2019,1,0.05,TRUE,0.00142895455169805,2.98262179679491,1.64485362695147,,20285116,5,rolling_v1|Li2019|252|5|0.05|1|NA|1|TRUE|QS|20260821,ok,,0.144000000000233
gfc_2005_2010,The global financial crisis period,172,gfc_2005_2010_w0172,2008-05-28,2009-05-27,2008-11-21,252,349,Li2019,1,0.05,TRUE,0.00126667936597064,3.01932826621336,1.64485362695147,,20285143,5,rolling_v1|Li2019|252|5|0.05|1|NA|1|TRUE|QS|20260821,ok,,0.145000000004075
gfc_2005_2010,The global financial crisis period,173,gfc_2005_2010_w0173,2008-06-04,2009-06-03,2008-12-01,252,349,Li2019,1,0.05,TRUE,0.0016368824116848,2.94078991796117,1.64485362695147,,20285170,5,rolling_v1|Li2019|252|5|0.05|1|NA|1|TRUE|QS|20260821,ok,,0.145000000004075
gfc_2005_2010,The global financial crisis period,174,gfc_2005_2010_w0174,2008-06-11,2009-06-10,2008-12-08,252,349,Li2019,1,0.05,TRUE,0.0016014275924059,2.94756682570249,1.64485362695147,,20285197,5,rolling_v1|Li2019|252|5|0.05|1|NA|1|TRUE|QS|20260821,ok,,0.145000000004075
gfc_2005_2010,The global financial crisis period,175,gfc_2005_2010_w0175,2008-06-18,2009-06-17,2008-12-15,252,349,Li2019,1,0.05,TRUE,0.00203660275165034,2.87243601760347,1.64485362695147,,20285224,5,rolling_v1|Li2019|252|5|0.05|1|NA|1|TRUE|QS|20260821,ok,,0.144000000000233
gfc_2005_2010,The global financial crisis period,176,gfc_2005_2010_w0176,2008-06-25,2009-06-24,2008-12-22,252,349,Li2019,1,0.05,TRUE,0.00208427250073004,2.8651175262417,1.64485362695147,,20285251,5,rolling_v1|Li2019|252|5|0.05|1|NA|1|TRUE|QS|20260821,ok,,0.144000000000233
gfc_2005_2010,The global financial crisis period,177,gfc_2005_2010_w0177,2008-07-02,2009-07-01,2008-12-30,252,349,Li2019,1,0.05,TRUE,0.00217395878301271,2.85175077204745,1.64485362695147,,20285278,5,rolling_v1|Li2019|252|5|0.05|1|NA|1|TRUE|QS|20260821,ok,,0.145000000004075
gfc_2005_2010,The global financial crisis period,178,gfc_2005_2010_w0178,2008-07-10,2009-07-09,2009-01-07,252,349,Li2019,1,0.05,TRUE,0.0029495239343107,2.75334065676518,1.64485362695147,,20285305,5,rolling_v1|Li2019|252|5|0.05|1|NA|1|TRUE|QS|20260821,ok,,0.145000000004075
gfc_2005_2010,The global financial crisis period,179,gfc_2005_2010_w0179,2008-07-17,2009-07-16,2009-01-14,252,349,Li2019,1,0.05,TRUE,0.00273774253039763,2.77764234763716,1.64485362695147,,20285332,5,rolling_v1|Li2019|252|5|0.05|1|NA|1|TRUE|QS|20260821,ok,,0.148000000001048
gfc_2005_2010,The global financial crisis period,180,gfc_2005_2010_w0180,2008-07-24,2009-07-23,2009-01-22,252,349,Li2019,1,0.05,TRUE,0.00193116671656674,2.88919185681688,1.64485362695147,,20285115,5,rolling_v1|Li2019|252|5|0.05|1|NA|1|TRUE|QS|20260821,ok,,0.144000000000233
gfc_2005_2010,The global financial crisis period,181,gfc_2005_2010_w0181,2008-07-31,2009-07-30,2009-01-29,252,349,Li2019,1,0.05,TRUE,0.00225824037916432,2.83963762824137,1.64485362695147,,20285142,5,rolling_v1|Li2019|252|5|0.05|1|NA|1|TRUE|QS|20260821,ok,,0.148000000001048
gfc_2005_2010,The global financial crisis period,182,gfc_2005_2010_w0182,2008-08-07,2009-08-06,2009-02-05,252,349,Li2019,1,0.05,TRUE,0.00281947521419029,2.76806906589834,1.64485362695147,,20285169,5,rolling_v1|Li2019|252|5|0.05|1|NA|1|TRUE|QS|20260821,ok,,0.144000000000233
gfc_2005_2010,The global financial crisis period,183,gfc_2005_2010_w0183,2008-08-14,2009-08-13,2009-02-12,252,349,Li2019,1,0.05,TRUE,0.00263211885410971,2.79040358103879,1.64485362695147,,20285196,5,rolling_v1|Li2019|252|5|0.05|1|NA|1|TRUE|QS|20260821,ok,,0.145000000004075
gfc_2005_2010,The global financial crisis period,184,gfc_2005_2010_w0184,2008-08-21,2009-08-20,2009-02-20,252,349,Li2019,1,0.05,TRUE,0.00254751797510285,2.80096300559379,1.64485362695147,,20285223,5,rolling_v1|Li2019|252|5|0.05|1|NA|1|TRUE|QS|20260821,ok,,0.144999999989523
gfc_2005_2010,The global financial crisis period,185,gfc_2005_2010_w0185,2008-08-28,2009-08-27,2009-02-27,252,349,Li2019,1,0.05,TRUE,0.00285973538980576,2.76344512996919,1.64485362695147,,20285250,5,rolling_v1|Li2019|252|5|0.05|1|NA|1|TRUE|QS|20260821,ok,,0.145000000004075
gfc_2005_2010,The global financial crisis period,186,gfc_2005_2010_w0186,2008-09-05,2009-09-03,2009-03-06,252,349,Li2019,1,0.05,TRUE,0.00330134137729012,2.71624604979655,1.64485362695147,,20285277,5,rolling_v1|Li2019|252|5|0.05|1|NA|1|TRUE|QS|20260821,ok,,0.144000000000233
gfc_2005_2010,The global financial crisis period,187,gfc_2005_2010_w0187,2008-09-12,2009-09-11,2009-03-13,252,349,Li2019,1,0.05,TRUE,0.00364776501653711,2.68304441624774,1.64485362695147,,20285304,5,rolling_v1|Li2019|252|5|0.05|1|NA|1|TRUE|QS|20260821,ok,,0.144000000000233
gfc_2005_2010,The global financial crisis period,188,gfc_2005_2010_w0188,2008-09-19,2009-09-18,2009-03-20,252,349,Li2019,1,0.05,TRUE,0.00491741642737694,2.5815830373449,1.64485362695147,,20285331,5,rolling_v1|Li2019|252|5|0.05|1|NA|1|TRUE|QS|20260821,ok,,0.145000000004075
gfc_2005_2010,The global financial crisis period,189,gfc_2005_2010_w0189,2008-09-26,2009-09-25,2009-03-27,252,349,Li2019,1,0.05,TRUE,0.0057151547925276,2.52926068157529,1.64485362695147,,20285358,5,rolling_v1|Li2019|252|5|0.05|1|NA|1|TRUE|QS|20260821,ok,,0.144000000000233
gfc_2005_2010,The global financial crisis period,190,gfc_2005_2010_w0190,2008-10-03,2009-10-02,2009-04-03,252,349,Li2019,1,0.05,TRUE,0.0127878850795928,2.23259339361796,1.64485362695147,,20285141,5,rolling_v1|Li2019|252|5|0.05|1|NA|1|TRUE|QS|20260821,ok,,0.144000000000233
gfc_2005_2010,The global financial crisis period,191,gfc_2005_2010_w0191,2008-10-10,2009-10-09,2009-04-13,252,349,Li2019,1,0.05,TRUE,0.00282693166102981,2.76720820826012,1.64485362695147,,20285168,5,rolling_v1|Li2019|252|5|0.05|1|NA|1|TRUE|QS|20260821,ok,,0.146999999997206
gfc_2005_2010,The global financial crisis period,192,gfc_2005_2010_w0192,2008-10-17,2009-10-16,2009-04-20,252,349,Li2019,1,0.05,TRUE,0.0163785823582779,2.13504707928274,1.64485362695147,,20285195,5,rolling_v1|Li2019|252|5|0.05|1|NA|1|TRUE|QS|20260821,ok,,0.146999999997206
gfc_2005_2010,The global financial crisis period,193,gfc_2005_2010_w0193,2008-10-24,2009-10-23,2009-04-27,252,349,Li2019,1,0.05,TRUE,0.0111611793005979,2.28483748811312,1.64485362695147,,20285222,5,rolling_v1|Li2019|252|5|0.05|1|NA|1|TRUE|QS|20260821,ok,,0.144000000000233
gfc_2005_2010,The global financial crisis period,194,gfc_2005_2010_w0194,2008-10-31,2009-10-30,2009-05-04,252,349,Li2019,1,0.05,TRUE,0.007969350838553,2.4103161622448,1.64485362695147,,20285249,5,rolling_v1|Li2019|252|5|0.05|1|NA|1|TRUE|QS|20260821,ok,,0.148000000001048
gfc_2005_2010,The global financial crisis period,195,gfc_2005_2010_w0195,2008-11-07,2009-11-06,2009-05-11,252,349,Li2019,1,0.05,TRUE,0.0068969536655242,2.46258603769012,1.64485362695147,,20285276,5,rolling_v1|Li2019|252|5|0.05|1|NA|1|TRUE|QS|20260821,ok,,0.144000000000233
gfc_2005_2010,The global financial crisis period,196,gfc_2005_2010_w0196,2008-11-14,2009-11-13,2009-05-18,252,349,Li2019,1,0.05,TRUE,0.029419380886212,1.88939618452001,1.64485362695147,,20285303,5,rolling_v1|Li2019|252|5|0.05|1|NA|1|TRUE|QS|20260821,ok,,0.144000000000233
gfc_2005_2010,The global financial crisis period,197,gfc_2005_2010_w0197,2008-11-21,2009-11-20,2009-05-26,252,349,Li2019,1,0.05,TRUE,0.00675756467761791,2.46989876442965,1.64485362695147,,20285330,5,rolling_v1|Li2019|252|5|0.05|1|NA|1|TRUE|QS|20260821,ok,,0.146999999997206
gfc_2005_2010,The global financial crisis period,198,gfc_2005_2010_w0198,2008-12-01,2009-11-30,2009-06-02,252,349,Li2019,1,0.05,TRUE,5.9920308065289e-06,4.37787760246035,1.64485362695147,,20285357,5,rolling_v1|Li2019|252|5|0.05|1|NA|1|TRUE|QS|20260821,ok,,0.144000000000233
gfc_2005_2010,The global financial crisis period,199,gfc_2005_2010_w0199,2008-12-08,2009-12-07,2009-06-09,252,349,Li2019,1,0.05,TRUE,1.73327994572647e-05,4.14042959999107,1.64485362695147,,20285384,5,rolling_v1|Li2019|252|5|0.05|1|NA|1|TRUE|QS|20260821,ok,,0.144000000000233
gfc_2005_2010,The global financial crisis period,200,gfc_2005_2010_w0200,2008-12-15,2009-12-14,2009-06-16,252,349,Li2019,1,0.05,TRUE,9.77378385071221e-05,3.72479284310662,1.64485362695147,,20284932,5,rolling_v1|Li2019|252|5|0.05|1|NA|1|TRUE|QS|20260821,ok,,0.145000000004075
gfc_2005_2010,The global financial crisis period,201,gfc_2005_2010_w0201,2008-12-22,2009-12-21,2009-06-23,252,349,Li2019,1,0.05,TRUE,0.000247120742085447,3.48385808234538,1.64485362695147,,20284959,5,rolling_v1|Li2019|252|5|0.05|1|NA|1|TRUE|QS|20260821,ok,,0.144000000000233
gfc_2005_2010,The global financial crisis period,202,gfc_2005_2010_w0202,2008-12-30,2009-12-29,2009-06-30,252,349,Li2019,1,0.05,TRUE,0.000217034397315866,3.51845416342747,1.64485362695147,,20284986,5,rolling_v1|Li2019|252|5|0.05|1|NA|1|TRUE|QS|20260821,ok,,0.146999999997206
gfc_2005_2010,The global financial crisis period,203,gfc_2005_2010_w0203,2009-01-07,2010-01-06,2009-07-08,252,349,Li2019,1,0.05,TRUE,0.000132212707686972,3.64786800533673,1.64485362695147,,20285013,5,rolling_v1|Li2019|252|5|0.05|1|NA|1|TRUE|QS|20260821,ok,,0.147000000011758
gfc_2005_2010,The global financial crisis period,204,gfc_2005_2010_w0204,2009-01-14,2010-01-13,2009-07-15,252,349,Li2019,1,0.05,TRUE,2.7062515455179e-05,4.03706086190309,1.64485362695147,,20285040,5,rolling_v1|Li2019|252|5|0.05|1|NA|1|TRUE|QS|20260821,ok,,0.144000000000233
gfc_2005_2010,The global financial crisis period,205,gfc_2005_2010_w0205,2009-01-22,2010-01-21,2009-07-22,252,349,Li2019,1,0.05,TRUE,0.00273490312437938,2.77797953886174,1.64485362695147,,20285067,5,rolling_v1|Li2019|252|5|0.05|1|NA|1|TRUE|QS|20260821,ok,,0.144999999989523
gfc_2005_2010,The global financial crisis period,206,gfc_2005_2010_w0206,2009-01-29,2010-01-28,2009-07-29,252,349,Li2019,1,0.05,TRUE,0.00717903692633797,2.44817791165251,1.64485362695147,,20285094,5,rolling_v1|Li2019|252|5|0.05|1|NA|1|TRUE|QS|20260821,ok,,0.144000000000233
gfc_2005_2010,The global financial crisis period,207,gfc_2005_2010_w0207,2009-02-05,2010-02-04,2009-08-05,252,349,Li2019,1,0.05,TRUE,0.00233689738288597,2.82869685115687,1.64485362695147,,20285121,5,rolling_v1|Li2019|252|5|0.05|1|NA|1|TRUE|QS|20260821,ok,,0.146999999997206
gfc_2005_2010,The global financial crisis period,208,gfc_2005_2010_w0208,2009-02-12,2010-02-11,2009-08-12,252,349,Li2019,1,0.05,TRUE,0.00189617533153428,2.89493664379526,1.64485362695147,,20285148,5,rolling_v1|Li2019|252|5|0.05|1|NA|1|TRUE|QS|20260821,ok,,0.148000000001048
gfc_2005_2010,The global financial crisis period,209,gfc_2005_2010_w0209,2009-02-20,2010-02-19,2009-08-19,252,349,Li2019,1,0.05,TRUE,0.000397523554929073,3.35451337003558,1.64485362695147,,20285175,5,rolling_v1|Li2019|252|5|0.05|1|NA|1|TRUE|QS|20260821,ok,,0.144000000000233
gfc_2005_2010,The global financial crisis period,210,gfc_2005_2010_w0210,2009-02-27,2010-02-26,2009-08-26,252,349,Li2019,1,0.05,TRUE,0.00196435616148218,2.8838296344299,1.64485362695147,,20284958,5,rolling_v1|Li2019|252|5|0.05|1|NA|1|TRUE|QS|20260821,ok,,0.146999999997206
gfc_2005_2010,The global financial crisis period,211,gfc_2005_2010_w0211,2009-03-06,2010-03-05,2009-09-02,252,349,Li2019,1,0.05,TRUE,3.40024352880271e-05,3.98316023444217,1.64485362695147,,20284985,5,rolling_v1|Li2019|252|5|0.05|1|NA|1|TRUE|QS|20260821,ok,,0.144000000000233
gfc_2005_2010,The global financial crisis period,212,gfc_2005_2010_w0212,2009-03-13,2010-03-12,2009-09-10,252,349,Li2019,1,0.05,TRUE,1.39621727524554e-08,5.55397623973723,1.64485362695147,,20285012,5,rolling_v1|Li2019|252|5|0.05|1|NA|1|TRUE|QS|20260821,ok,,0.144000000000233
gfc_2005_2010,The global financial crisis period,213,gfc_2005_2010_w0213,2009-03-20,2010-03-19,2009-09-17,252,349,Li2019,1,0.05,TRUE,5.16192323334234e-10,6.10432123585871,1.64485362695147,,20285039,5,rolling_v1|Li2019|252|5|0.05|1|NA|1|TRUE|QS|20260821,ok,,0.144000000000233
gfc_2005_2010,The global financial crisis period,214,gfc_2005_2010_w0214,2009-03-27,2010-03-26,2009-09-24,252,349,Li2019,1,0.05,TRUE,2.99438479181451e-06,4.52678541810374,1.64485362695147,,20285066,5,rolling_v1|Li2019|252|5|0.05|1|NA|1|TRUE|QS|20260821,ok,,0.144000000000233
gfc_2005_2010,The global financial crisis period,215,gfc_2005_2010_w0215,2009-04-03,2010-04-05,2009-10-01,252,349,Li2019,1,0.05,TRUE,8.20491761604201e-09,5.64613149504654,1.64485362695147,,20285093,5,rolling_v1|Li2019|252|5|0.05|1|NA|1|TRUE|QS|20260821,ok,,0.146999999997206
gfc_2005_2010,The global financial crisis period,216,gfc_2005_2010_w0216,2009-04-13,2010-04-12,2009-10-08,252,349,Li2019,1,0.05,TRUE,2.24605966478194e-17,8.39928328318781,1.64485362695147,,20285120,5,rolling_v1|Li2019|252|5|0.05|1|NA|1|TRUE|QS|20260821,ok,,0.148000000001048
gfc_2005_2010,The global financial crisis period,217,gfc_2005_2010_w0217,2009-04-20,2010-04-19,2009-10-15,252,349,Li2019,1,0.05,TRUE,3.07780662109717e-11,6.53990935077018,1.64485362695147,,20285147,5,rolling_v1|Li2019|252|5|0.05|1|NA|1|TRUE|QS|20260821,ok,,0.144000000000233
gfc_2005_2010,The global financial crisis period,218,gfc_2005_2010_w0218,2009-04-27,2010-04-26,2009-10-22,252,349,Li2019,1,0.05,TRUE,1.87536091661096e-05,4.12232214075335,1.64485362695147,,20285174,5,rolling_v1|Li2019|252|5|0.05|1|NA|1|TRUE|QS|20260821,ok,,0.146999999997206
gfc_2005_2010,The global financial crisis period,219,gfc_2005_2010_w0219,2009-05-04,2010-05-03,2009-10-29,252,349,Li2019,1,0.05,TRUE,0.000307599975935108,3.4248230552808,1.64485362695147,,20285201,5,rolling_v1|Li2019|252|5|0.05|1|NA|1|TRUE|QS|20260821,ok,,0.145000000004075
gfc_2005_2010,The global financial crisis period,220,gfc_2005_2010_w0220,2009-05-11,2010-05-10,2009-11-05,252,349,Li2019,1,0.05,TRUE,0.0424307696299666,1.7231492457657,1.64485362695147,,20284984,5,rolling_v1|Li2019|252|5|0.05|1|NA|1|TRUE|QS|20260821,ok,,0.145000000004075
gfc_2005_2010,The global financial crisis period,221,gfc_2005_2010_w0221,2009-05-18,2010-05-17,2009-11-12,252,349,Li2019,1,0.05,FALSE,0.258986775430856,0.646472268697969,1.64485362695147,,20285011,5,rolling_v1|Li2019|252|5|0.05|1|NA|1|TRUE|QS|20260821,ok,,0.144000000000233
gfc_2005_2010,The global financial crisis period,222,gfc_2005_2010_w0222,2009-05-26,2010-05-24,2009-11-19,252,349,Li2019,1,0.05,FALSE,0.204640609549813,0.825159190169824,1.64485362695147,,20285038,5,rolling_v1|Li2019|252|5|0.05|1|NA|1|TRUE|QS|20260821,ok,,0.146999999997206
gfc_2005_2010,The global financial crisis period,223,gfc_2005_2010_w0223,2009-06-02,2010-06-01,2009-11-27,252,349,Li2019,1,0.05,FALSE,0.315686341494955,0.479795682782185,1.64485362695147,,20285065,5,rolling_v1|Li2019|252|5|0.05|1|NA|1|TRUE|QS|20260821,ok,,0.148000000001048
gfc_2005_2010,The global financial crisis period,224,gfc_2005_2010_w0224,2009-06-09,2010-06-08,2009-12-04,252,349,Li2019,1,0.05,FALSE,0.388904961153538,0.282174223388127,1.64485362695147,,20285092,5,rolling_v1|Li2019|252|5|0.05|1|NA|1|TRUE|QS|20260821,ok,,0.144000000000233
gfc_2005_2010,The global financial crisis period,225,gfc_2005_2010_w0225,2009-06-16,2010-06-15,2009-12-11,252,349,Li2019,1,0.05,FALSE,0.273446439877511,0.60242258545964,1.64485362695147,,20285119,5,rolling_v1|Li2019|252|5|0.05|1|NA|1|TRUE|QS|20260821,ok,,0.146999999997206
gfc_2005_2010,The global financial crisis period,226,gfc_2005_2010_w0226,2009-06-23,2010-06-22,2009-12-18,252,349,Li2019,1,0.05,FALSE,0.323750141549948,0.457237589236565,1.64485362695147,,20285146,5,rolling_v1|Li2019|252|5|0.05|1|NA|1|TRUE|QS|20260821,ok,,0.148000000001048
gfc_2005_2010,The global financial crisis period,227,gfc_2005_2010_w0227,2009-06-30,2010-06-29,2009-12-28,252,349,Li2019,1,0.05,FALSE,0.36407929740634,0.347576050809046,1.64485362695147,,20285173,5,rolling_v1|Li2019|252|5|0.05|1|NA|1|TRUE|QS|20260821,ok,,0.144999999989523
gfc_2005_2010,The global financial crisis period,228,gfc_2005_2010_w0228,2009-07-08,2010-07-07,2010-01-05,252,349,Li2019,1,0.05,FALSE,0.433465060682692,0.167559135962356,1.64485362695147,,20285200,5,rolling_v1|Li2019|252|5|0.05|1|NA|1|TRUE|QS|20260821,ok,,0.144000000000233
gfc_2005_2010,The global financial crisis period,229,gfc_2005_2010_w0229,2009-07-15,2010-07-14,2010-01-12,252,349,Li2019,1,0.05,FALSE,0.488224379731474,0.0295213901992294,1.64485362695147,,20285227,5,rolling_v1|Li2019|252|5|0.05|1|NA|1|TRUE|QS|20260821,ok,,0.144000000000233
gfc_2005_2010,The global financial crisis period,230,gfc_2005_2010_w0230,2009-07-22,2010-07-21,2010-01-20,252,349,Li2019,1,0.05,FALSE,0.502898113069143,-0.00726455605802664,1.64485362695147,,20285010,5,rolling_v1|Li2019|252|5|0.05|1|NA|1|TRUE|QS|20260821,ok,,0.144000000000233
gfc_2005_2010,The global financial crisis period,231,gfc_2005_2010_w0231,2009-07-29,2010-07-28,2010-01-27,252,349,Li2019,1,0.05,FALSE,0.484793567193842,0.0381261091011791,1.64485362695147,,20285037,5,rolling_v1|Li2019|252|5|0.05|1|NA|1|TRUE|QS|20260821,ok,,0.144000000000233
gfc_2005_2010,The global financial crisis period,232,gfc_2005_2010_w0232,2009-08-05,2010-08-04,2010-02-03,252,349,Li2019,1,0.05,FALSE,0.421201130656284,0.198821648101143,1.64485362695147,,20285064,5,rolling_v1|Li2019|252|5|0.05|1|NA|1|TRUE|QS|20260821,ok,,0.144000000000233
gfc_2005_2010,The global financial crisis period,233,gfc_2005_2010_w0233,2009-08-12,2010-08-11,2010-02-10,252,349,Li2019,1,0.05,FALSE,0.465972525430376,0.0853979147954951,1.64485362695147,,20285091,5,rolling_v1|Li2019|252|5|0.05|1|NA|1|TRUE|QS|20260821,ok,,0.146999999997206
gfc_2005_2010,The global financial crisis period,234,gfc_2005_2010_w0234,2009-08-19,2010-08-18,2010-02-18,252,349,Li2019,1,0.05,FALSE,0.505619910494826,-0.014087492494649,1.64485362695147,,20285118,5,rolling_v1|Li2019|252|5|0.05|1|NA|1|TRUE|QS|20260821,ok,,0.148000000001048
gfc_2005_2010,The global financial crisis period,235,gfc_2005_2010_w0235,2009-08-26,2010-08-25,2010-02-25,252,349,Li2019,1,0.05,FALSE,0.505697371807725,-0.0142816787464514,1.64485362695147,,20285145,5,rolling_v1|Li2019|252|5|0.05|1|NA|1|TRUE|QS|20260821,ok,,0.146999999997206
gfc_2005_2010,The global financial crisis period,236,gfc_2005_2010_w0236,2009-09-02,2010-09-01,2010-03-04,252,349,Li2019,1,0.05,FALSE,0.335790830785812,0.423978269085471,1.64485362695147,,20285172,5,rolling_v1|Li2019|252|5|0.05|1|NA|1|TRUE|QS|20260821,ok,,0.144000000000233
gfc_2005_2010,The global financial crisis period,237,gfc_2005_2010_w0237,2009-09-10,2010-09-09,2010-03-11,252,349,Li2019,1,0.05,FALSE,0.325253089171188,0.453059109918931,1.64485362695147,,20285199,5,rolling_v1|Li2019|252|5|0.05|1|NA|1|TRUE|QS|20260821,ok,,0.144000000000233
gfc_2005_2010,The global financial crisis period,238,gfc_2005_2010_w0238,2009-09-17,2010-09-16,2010-03-18,252,349,Li2019,1,0.05,FALSE,0.303623362182031,0.514007532446096,1.64485362695147,,20285226,5,rolling_v1|Li2019|252|5|0.05|1|NA|1|TRUE|QS|20260821,ok,,0.148000000001048
gfc_2005_2010,The global financial crisis period,239,gfc_2005_2010_w0239,2009-09-24,2010-09-23,2010-03-25,252,349,Li2019,1,0.05,FALSE,0.318515953760106,0.471852733924931,1.64485362695147,,20285253,5,rolling_v1|Li2019|252|5|0.05|1|NA|1|TRUE|QS|20260821,ok,,0.146999999997206
gfc_2005_2010,The global financial crisis period,240,gfc_2005_2010_w0240,2009-10-01,2010-09-30,2010-04-01,252,349,Li2019,1,0.05,FALSE,0.24921555330791,0.676960357976212,1.64485362695147,,20285036,5,rolling_v1|Li2019|252|5|0.05|1|NA|1|TRUE|QS|20260821,ok,,0.144000000000233
gfc_2005_2010,The global financial crisis period,241,gfc_2005_2010_w0241,2009-10-08,2010-10-07,2010-04-09,252,349,Li2019,1,0.05,FALSE,0.125207770032796,1.14934065565578,1.64485362695147,,20285063,5,rolling_v1|Li2019|252|5|0.05|1|NA|1|TRUE|QS|20260821,ok,,0.146999999997206
gfc_2005_2010,The global financial crisis period,242,gfc_2005_2010_w0242,2009-10-15,2010-10-14,2010-04-16,252,349,Li2019,1,0.05,FALSE,0.118098743698037,1.18454476402553,1.64485362695147,,20285090,5,rolling_v1|Li2019|252|5|0.05|1|NA|1|TRUE|QS|20260821,ok,,0.144000000000233
gfc_2005_2010,The global financial crisis period,243,gfc_2005_2010_w0243,2009-10-22,2010-10-21,2010-04-23,252,349,Li2019,1,0.05,FALSE,0.135792787082019,1.09941847900179,1.64485362695147,,20285117,5,rolling_v1|Li2019|252|5|0.05|1|NA|1|TRUE|QS|20260821,ok,,0.144000000000233
gfc_2005_2010,The global financial crisis period,244,gfc_2005_2010_w0244,2009-10-29,2010-10-28,2010-04-30,252,349,Li2019,1,0.05,FALSE,0.165519631680851,0.972022684599854,1.64485362695147,,20285144,5,rolling_v1|Li2019|252|5|0.05|1|NA|1|TRUE|QS|20260821,ok,,0.144000000000233
gfc_2005_2010,The global financial crisis period,245,gfc_2005_2010_w0245,2009-11-05,2010-11-04,2010-05-07,252,349,Li2019,1,0.05,FALSE,0.401853813731103,0.248551630764095,1.64485362695147,,20285171,5,rolling_v1|Li2019|252|5|0.05|1|NA|1|TRUE|QS|20260821,ok,,0.144000000000233
gfc_2005_2010,The global financial crisis period,246,gfc_2005_2010_w0246,2009-11-12,2010-11-11,2010-05-14,252,349,Li2019,1,0.05,FALSE,0.388563048509563,0.283066191989822,1.64485362695147,,20285198,5,rolling_v1|Li2019|252|5|0.05|1|NA|1|TRUE|QS|20260821,ok,,0.147999999986496
gfc_2005_2010,The global financial crisis period,247,gfc_2005_2010_w0247,2009-11-19,2010-11-18,2010-05-21,252,349,Li2019,1,0.05,FALSE,0.35288055234055,0.377555127219867,1.64485362695147,,20285225,5,rolling_v1|Li2019|252|5|0.05|1|NA|1|TRUE|QS|20260821,ok,,0.148000000001048
gfc_2005_2010,The global financial crisis period,248,gfc_2005_2010_w0248,2009-11-27,2010-11-26,2010-05-28,252,349,Li2019,1,0.05,FALSE,0.394006639773616,0.268891368279475,1.64485362695147,,20285252,5,rolling_v1|Li2019|252|5|0.05|1|NA|1|TRUE|QS|20260821,ok,,0.163999999989755
gfc_2005_2010,The global financial crisis period,249,gfc_2005_2010_w0249,2009-12-04,2010-12-03,2010-06-07,252,349,Li2019,1,0.05,FALSE,0.472718668122938,0.0684375437983286,1.64485362695147,,20285279,5,rolling_v1|Li2019|252|5|0.05|1|NA|1|TRUE|QS|20260821,ok,,0.203999999997905
gfc_2005_2010,The global financial crisis period,250,gfc_2005_2010_w0250,2009-12-11,2010-12-10,2010-06-14,252,349,Li2019,1,0.05,FALSE,0.482692715334145,0.0433965464186314,1.64485362695147,,20285062,5,rolling_v1|Li2019|252|5|0.05|1|NA|1|TRUE|QS|20260821,ok,,0.239000000001397
gfc_2005_2010,The global financial crisis period,251,gfc_2005_2010_w0251,2009-12-18,2010-12-17,2010-06-21,252,349,Li2019,1,0.05,FALSE,0.517448926374655,-0.0437519267553695,1.64485362695147,,20285089,5,rolling_v1|Li2019|252|5|0.05|1|NA|1|TRUE|QS|20260821,ok,,0.209000000002561
gfc_2005_2010,The global financial crisis period,252,gfc_2005_2010_w0252,2009-12-28,2010-12-27,2010-06-28,252,349,Li2019,1,0.05,FALSE,0.494476507353122,0.0138457852168076,1.64485362695147,,20285116,5,rolling_v1|Li2019|252|5|0.05|1|NA|1|TRUE|QS|20260821,ok,,0.264999999999418
gfc_2005_2010,The global financial crisis period,1,gfc_2005_2010_w0001,2005-01-03,2005-12-30,2005-07-01,252,349,Tsay2020,1,0.05,FALSE,0.829241093165246,4.073,4.84886571456344,,20288937,5,rolling_v1|Tsay2020|252|5|0.05|1|NA|1|TRUE|QS|20260821,ok,,0.307000000000699
gfc_2005_2010,The global financial crisis period,2,gfc_2005_2010_w0002,2005-01-10,2006-01-09,2005-07-11,252,349,Tsay2020,1,0.05,TRUE,0.0244678523700372,5.005,4.84886571456344,,20288966,5,rolling_v1|Tsay2020|252|5|0.05|1|NA|1|TRUE|QS|20260821,ok,,0.328000000008615
gfc_2005_2010,The global financial crisis period,3,gfc_2005_2010_w0003,2005-01-18,2006-01-17,2005-07-18,252,349,Tsay2020,1,0.05,FALSE,0.627720129372415,4.2,4.84886571456344,,20288995,5,rolling_v1|Tsay2020|252|5|0.05|1|NA|1|TRUE|QS|20260821,ok,,0.309999999997672
gfc_2005_2010,The global financial crisis period,4,gfc_2005_2010_w0004,2005-01-25,2006-01-24,2005-07-25,252,349,Tsay2020,1,0.05,TRUE,0.0214581423360853,5.034,4.84886571456344,,20289024,5,rolling_v1|Tsay2020|252|5|0.05|1|NA|1|TRUE|QS|20260821,ok,,0.353000000002794
gfc_2005_2010,The global financial crisis period,5,gfc_2005_2010_w0005,2005-02-01,2006-01-31,2005-08-01,252,349,Tsay2020,1,0.05,FALSE,0.103461306787545,4.681,4.84886571456344,,20289053,5,rolling_v1|Tsay2020|252|5|0.05|1|NA|1|TRUE|QS|20260821,ok,,0.30800000000454
gfc_2005_2010,The global financial crisis period,6,gfc_2005_2010_w0006,2005-02-08,2006-02-07,2005-08-08,252,349,Tsay2020,1,0.05,FALSE,0.740516000692234,4.132,4.84886571456344,,20289082,5,rolling_v1|Tsay2020|252|5|0.05|1|NA|1|TRUE|QS|20260821,ok,,0.305999999996857
gfc_2005_2010,The global financial crisis period,7,gfc_2005_2010_w0007,2005-02-15,2006-02-14,2005-08-15,252,349,Tsay2020,1,0.05,FALSE,0.622667529212849,4.203,4.84886571456344,,20289111,5,rolling_v1|Tsay2020|252|5|0.05|1|NA|1|TRUE|QS|20260821,ok,,0.304999999993015
gfc_2005_2010,The global financial crisis period,8,gfc_2005_2010_w0008,2005-02-23,2006-02-22,2005-08-22,252,349,Tsay2020,1,0.05,FALSE,0.481793627760653,4.289,4.84886571456344,,20289140,5,rolling_v1|Tsay2020|252|5|0.05|1|NA|1|TRUE|QS|20260821,ok,,0.355999999999767
gfc_2005_2010,The global financial crisis period,9,gfc_2005_2010_w0009,2005-03-02,2006-03-01,2005-08-29,252,349,Tsay2020,1,0.05,FALSE,0.356848348419619,4.376,4.84886571456344,,20289169,5,rolling_v1|Tsay2020|252|5|0.05|1|NA|1|TRUE|QS|20260821,ok,,0.30800000000454
gfc_2005_2010,The global financial crisis period,10,gfc_2005_2010_w0010,2005-03-09,2006-03-08,2005-09-06,252,349,Tsay2020,1,0.05,FALSE,0.788771480103318,4.101,4.84886571456344,,20288936,5,rolling_v1|Tsay2020|252|5|0.05|1|NA|1|TRUE|QS|20260821,ok,,0.307000000000699
gfc_2005_2010,The global financial crisis period,11,gfc_2005_2010_w0011,2005-03-16,2006-03-15,2005-09-13,252,349,Tsay2020,1,0.05,FALSE,0.374025739436093,4.363,4.84886571456344,,20288965,5,rolling_v1|Tsay2020|252|5|0.05|1|NA|1|TRUE|QS|20260821,ok,,0.304999999993015
gfc_2005_2010,The global financial crisis period,12,gfc_2005_2010_w0012,2005-03-23,2006-03-22,2005-09-20,252,349,Tsay2020,1,0.05,FALSE,0.929822691659847,3.984,4.84886571456344,,20288994,5,rolling_v1|Tsay2020|252|5|0.05|1|NA|1|TRUE|QS|20260821,ok,,0.305999999996857
gfc_2005_2010,The global financial crisis period,13,gfc_2005_2010_w0013,2005-03-31,2006-03-29,2005-09-27,252,349,Tsay2020,1,0.05,FALSE,0.788771480103318,4.101,4.84886571456344,,20289023,5,rolling_v1|Tsay2020|252|5|0.05|1|NA|1|TRUE|QS|20260821,ok,,0.304000000003725
gfc_2005_2010,The global financial crisis period,14,gfc_2005_2010_w0014,2005-04-07,2006-04-05,2005-10-04,252,349,Tsay2020,1,0.05,FALSE,0.874409826392282,4.038,4.84886571456344,,20289052,5,rolling_v1|Tsay2020|252|5|0.05|1|NA|1|TRUE|QS|20260821,ok,,0.304000000003725
gfc_2005_2010,The global financial crisis period,15,gfc_2005_2010_w0015,2005-04-14,2006-04-12,2005-10-11,252,349,Tsay2020,1,0.05,FALSE,0.214285856694385,4.508,4.84886571456344,,20289081,5,rolling_v1|Tsay2020|252|5|0.05|1|NA|1|TRUE|QS|20260821,ok,,0.305999999996857
gfc_2005_2010,The global financial crisis period,16,gfc_2005_2010_w0016,2005-04-21,2006-04-20,2005-10-18,252,349,Tsay2020,1,0.05,FALSE,0.969216513603969,3.925,4.84886571456344,,20289110,5,rolling_v1|Tsay2020|252|5|0.05|1|NA|1|TRUE|QS|20260821,ok,,0.358000000007451
gfc_2005_2010,The global financial crisis period,17,gfc_2005_2010_w0017,2005-04-28,2006-04-27,2005-10-25,252,349,Tsay2020,1,0.05,FALSE,0.629404559173341,4.199,4.84886571456344,,20289139,5,rolling_v1|Tsay2020|252|5|0.05|1|NA|1|TRUE|QS|20260821,ok,,0.304000000003725
gfc_2005_2010,The global financial crisis period,18,gfc_2005_2010_w0018,2005-05-05,2006-05-04,2005-11-01,252,349,Tsay2020,1,0.05,FALSE,0.899200720375539,4.016,4.84886571456344,,20289168,5,rolling_v1|Tsay2020|252|5|0.05|1|NA|1|TRUE|QS|20260821,ok,,0.304000000003725
gfc_2005_2010,The global financial crisis period,19,gfc_2005_2010_w0019,2005-05-12,2006-05-11,2005-11-08,252,349,Tsay2020,1,0.05,FALSE,0.320561969456254,4.405,4.84886571456344,,20289197,5,rolling_v1|Tsay2020|252|5|0.05|1|NA|1|TRUE|QS|20260821,ok,,0.301999999996042
gfc_2005_2010,The global financial crisis period,20,gfc_2005_2010_w0020,2005-05-19,2006-05-18,2005-11-15,252,349,Tsay2020,1,0.05,FALSE,0.974282652960675,3.914,4.84886571456344,,20288964,5,rolling_v1|Tsay2020|252|5|0.05|1|NA|1|TRUE|QS|20260821,ok,,0.304000000003725
gfc_2005_2010,The global financial crisis period,21,gfc_2005_2010_w0021,2005-05-26,2006-05-25,2005-11-22,252,349,Tsay2020,1,0.05,FALSE,0.730853891577088,4.138,4.84886571456344,,20288993,5,rolling_v1|Tsay2020|252|5|0.05|1|NA|1|TRUE|QS|20260821,ok,,0.30000000000291
gfc_2005_2010,The global financial crisis period,22,gfc_2005_2010_w0022,2005-06-03,2006-06-02,2005-11-30,252,349,Tsay2020,1,0.05,FALSE,0.624351579667049,4.202,4.84886571456344,,20289022,5,rolling_v1|Tsay2020|252|5|0.05|1|NA|1|TRUE|QS|20260821,ok,,0.302000000010594
gfc_2005_2010,The global financial crisis period,23,gfc_2005_2010_w0023,2005-06-10,2006-06-09,2005-12-07,252,349,Tsay2020,1,0.05,FALSE,0.813752850053624,4.084,4.84886571456344,,20289051,5,rolling_v1|Tsay2020|252|5|0.05|1|NA|1|TRUE|QS|20260821,ok,,0.298999999999069
gfc_2005_2010,The global financial crisis period,24,gfc_2005_2010_w0024,2005-06-17,2006-06-16,2005-12-14,252,349,Tsay2020,1,0.05,FALSE,0.701403079492014,4.156,4.84886571456344,,20289080,5,rolling_v1|Tsay2020|252|5|0.05|1|NA|1|TRUE|QS|20260821,ok,,0.298999999999069
gfc_2005_2010,The global financial crisis period,25,gfc_2005_2010_w0025,2005-06-24,2006-06-23,2005-12-21,252,349,Tsay2020,1,0.05,FALSE,0.765806557245849,4.116,4.84886571456344,,20289109,5,rolling_v1|Tsay2020|252|5|0.05|1|NA|1|TRUE|QS|20260821,ok,,0.298000000009779
gfc_2005_2010,The global financial crisis period,26,gfc_2005_2010_w0026,2005-07-01,2006-06-30,2005-12-29,252,349,Tsay2020,1,0.05,FALSE,0.108975010335934,4.669,4.84886571456344,,20289138,5,rolling_v1|Tsay2020|252|5|0.05|1|NA|1|TRUE|QS|20260821,ok,,0.328999999997905
gfc_2005_2010,The global financial crisis period,27,gfc_2005_2010_w0027,2005-07-11,2006-07-10,2006-01-06,252,349,Tsay2020,1,0.05,FALSE,0.984708088294806,3.885,4.84886571456344,,20289167,5,rolling_v1|Tsay2020|252|5|0.05|1|NA|1|TRUE|QS|20260821,ok,,0.302000000010594
gfc_2005_2010,The global financial crisis period,28,gfc_2005_2010_w0028,2005-07-18,2006-07-17,2006-01-13,252,349,Tsay2020,1,0.05,FALSE,0.31105072670329,4.413,4.84886571456344,,20289196,5,rolling_v1|Tsay2020|252|5|0.05|1|NA|1|TRUE|QS|20260821,ok,,0.298000000009779
gfc_2005_2010,The global financial crisis period,29,gfc_2005_2010_w0029,2005-07-25,2006-07-24,2006-01-23,252,349,Tsay2020,1,0.05,FALSE,0.105269395327941,4.677,4.84886571456344,,20289225,5,rolling_v1|Tsay2020|252|5|0.05|1|NA|1|TRUE|QS|20260821,ok,,0.323000000003958
gfc_2005_2010,The global financial crisis period,30,gfc_2005_2010_w0030,2005-08-01,2006-07-31,2006-01-30,252,349,Tsay2020,1,0.05,FALSE,0.925473149009109,3.989,4.84886571456344,,20288992,5,rolling_v1|Tsay2020|252|5|0.05|1|NA|1|TRUE|QS|20260821,ok,,0.30000000000291
gfc_2005_2010,The global financial crisis period,31,gfc_2005_2010_w0031,2005-08-08,2006-08-07,2006-02-06,252,349,Tsay2020,1,0.05,FALSE,0.930673167342711,3.983,4.84886571456344,,20289021,5,rolling_v1|Tsay2020|252|5|0.05|1|NA|1|TRUE|QS|20260821,ok,,0.297999999995227
gfc_2005_2010,The global financial crisis period,32,gfc_2005_2010_w0032,2005-08-15,2006-08-14,2006-02-13,252,349,Tsay2020,1,0.05,FALSE,0.937244146544595,3.975,4.84886571456344,,20289050,5,rolling_v1|Tsay2020|252|5|0.05|1|NA|1|TRUE|QS|20260821,ok,,0.297999999995227
gfc_2005_2010,The global financial crisis period,33,gfc_2005_2010_w0033,2005-08-22,2006-08-21,2006-02-21,252,349,Tsay2020,1,0.05,FALSE,0.472479082760898,4.295,4.84886571456344,,20289079,5,rolling_v1|Tsay2020|252|5|0.05|1|NA|1|TRUE|QS|20260821,ok,,0.296999999991385
gfc_2005_2010,The global financial crisis period,34,gfc_2005_2010_w0034,2005-08-29,2006-08-28,2006-02-28,252,349,Tsay2020,1,0.05,FALSE,0.836089731293237,4.068,4.84886571456344,,20289108,5,rolling_v1|Tsay2020|252|5|0.05|1|NA|1|TRUE|QS|20260821,ok,,0.298000000009779
gfc_2005_2010,The global financial crisis period,35,gfc_2005_2010_w0035,2005-09-06,2006-09-05,2006-03-07,252,349,Tsay2020,1,0.05,FALSE,0.691460735958373,4.162,4.84886571456344,,20289137,5,rolling_v1|Tsay2020|252|5|0.05|1|NA|1|TRUE|QS|20260821,ok,,0.306000000011409
gfc_2005_2010,The global financial crisis period,36,gfc_2005_2010_w0036,2005-09-13,2006-09-12,2006-03-14,252,349,Tsay2020,1,0.05,FALSE,0.897069982057064,4.018,4.84886571456344,,20289166,5,rolling_v1|Tsay2020|252|5|0.05|1|NA|1|TRUE|QS|20260821,ok,,0.297999999995227
gfc_2005_2010,The global financial crisis period,37,gfc_2005_2010_w0037,2005-09-20,2006-09-19,2006-03-21,252,349,Tsay2020,1,0.05,FALSE,0.626035791267467,4.201,4.84886571456344,,20289195,5,rolling_v1|Tsay2020|252|5|0.05|1|NA|1|TRUE|QS|20260821,ok,,0.307000000000699
gfc_2005_2010,The global financial crisis period,38,gfc_2005_2010_w0038,2005-09-27,2006-09-26,2006-03-28,252,349,Tsay2020,1,0.05,FALSE,0.188030403710694,4.54,4.84886571456344,,20289224,5,rolling_v1|Tsay2020|252|5|0.05|1|NA|1|TRUE|QS|20260821,ok,,0.296999999991385
gfc_2005_2010,The global financial crisis period,39,gfc_2005_2010_w0039,2005-10-04,2006-10-03,2006-04-04,252,349,Tsay2020,1,0.05,FALSE,0.820862846044364,4.079,4.84886571456344,,20289253,5,rolling_v1|Tsay2020|252|5|0.05|1|NA|1|TRUE|QS|20260821,ok,,0.297000000005937
gfc_2005_2010,The global financial crisis period,40,gfc_2005_2010_w0040,2005-10-11,2006-10-10,2006-04-11,252,349,Tsay2020,1,0.05,FALSE,0.663057391564392,4.179,4.84886571456344,,20289020,5,rolling_v1|Tsay2020|252|5|0.05|1|NA|1|TRUE|QS|20260821,ok,,0.296999999991385
gfc_2005_2010,The global financial crisis period,41,gfc_2005_2010_w0041,2005-10-18,2006-10-17,2006-04-19,252,349,Tsay2020,1,0.05,FALSE,0.54265694908912,4.251,4.84886571456344,,20289049,5,rolling_v1|Tsay2020|252|5|0.05|1|NA|1|TRUE|QS|20260821,ok,,0.296999999991385
gfc_2005_2010,The global financial crisis period,42,gfc_2005_2010_w0042,2005-10-25,2006-10-24,2006-04-26,252,349,Tsay2020,1,0.05,FALSE,0.968224052539271,3.927,4.84886571456344,,20289078,5,rolling_v1|Tsay2020|252|5|0.05|1|NA|1|TRUE|QS|20260821,ok,,0.297999999995227
gfc_2005_2010,The global financial crisis period,43,gfc_2005_2010_w0043,2005-11-01,2006-10-31,2006-05-03,252,349,Tsay2020,1,0.05,FALSE,0.819449999080124,4.08,4.84886571456344,,20289107,5,rolling_v1|Tsay2020|252|5|0.05|1|NA|1|TRUE|QS|20260821,ok,,0.297000000005937
gfc_2005_2010,The global financial crisis period,44,gfc_2005_2010_w0044,2005-11-08,2006-11-07,2006-05-10,252,349,Tsay2020,1,0.05,FALSE,0.281628607409048,4.439,4.84886571456344,,20289136,5,rolling_v1|Tsay2020|252|5|0.05|1|NA|1|TRUE|QS|20260821,ok,,0.297000000005937
gfc_2005_2010,The global financial crisis period,45,gfc_2005_2010_w0045,2005-11-15,2006-11-14,2006-05-17,252,349,Tsay2020,1,0.05,FALSE,0.492771644429916,4.282,4.84886571456344,,20289165,5,rolling_v1|Tsay2020|252|5|0.05|1|NA|1|TRUE|QS|20260821,ok,,0.297999999995227
gfc_2005_2010,The global financial crisis period,46,gfc_2005_2010_w0046,2005-11-22,2006-11-21,2006-05-24,252,349,Tsay2020,1,0.05,FALSE,0.312227809828072,4.412,4.84886571456344,,20289194,5,rolling_v1|Tsay2020|252|5|0.05|1|NA|1|TRUE|QS|20260821,ok,,0.296999999991385
gfc_2005_2010,The global financial crisis period,47,gfc_2005_2010_w0047,2005-11-30,2006-11-29,2006-06-01,252,349,Tsay2020,1,0.05,FALSE,0.663057391564392,4.179,4.84886571456344,,20289223,5,rolling_v1|Tsay2020|252|5|0.05|1|NA|1|TRUE|QS|20260821,ok,,0.297000000005937
gfc_2005_2010,The global financial crisis period,48,gfc_2005_2010_w0048,2005-12-07,2006-12-06,2006-06-08,252,349,Tsay2020,1,0.05,FALSE,0.799202465724804,4.094,4.84886571456344,,20289252,5,rolling_v1|Tsay2020|252|5|0.05|1|NA|1|TRUE|QS|20260821,ok,,0.297000000005937
gfc_2005_2010,The global financial crisis period,49,gfc_2005_2010_w0049,2005-12-14,2006-12-13,2006-06-15,252,349,Tsay2020,1,0.05,FALSE,0.152032123811485,4.591,4.84886571456344,,20289281,5,rolling_v1|Tsay2020|252|5|0.05|1|NA|1|TRUE|QS|20260821,ok,,0.297000000005937
gfc_2005_2010,The global financial crisis period,50,gfc_2005_2010_w0050,2005-12-21,2006-12-20,2006-06-22,252,349,Tsay2020,1,0.05,FALSE,0.863436812598727,4.047,4.84886571456344,,20289048,5,rolling_v1|Tsay2020|252|5|0.05|1|NA|1|TRUE|QS|20260821,ok,,0.295999999987544
gfc_2005_2010,The global financial crisis period,51,gfc_2005_2010_w0051,2005-12-29,2006-12-28,2006-06-29,252,349,Tsay2020,1,0.05,FALSE,0.346556328834464,4.384,4.84886571456344,,20289077,5,rolling_v1|Tsay2020|252|5|0.05|1|NA|1|TRUE|QS|20260821,ok,,0.296999999991385
gfc_2005_2010,The global financial crisis period,52,gfc_2005_2010_w0052,2006-01-06,2007-01-08,2006-07-07,252,349,Tsay2020,1,0.05,FALSE,0.320561969456254,4.405,4.84886571456344,,20289106,5,rolling_v1|Tsay2020|252|5|0.05|1|NA|1|TRUE|QS|20260821,ok,,0.296000000002096
gfc_2005_2010,The global financial crisis period,53,gfc_2005_2010_w0053,2006-01-13,2007-01-16,2006-07-14,252,349,Tsay2020,1,0.05,FALSE,0.617616688613035,4.206,4.84886571456344,,20289135,5,rolling_v1|Tsay2020|252|5|0.05|1|NA|1|TRUE|QS|20260821,ok,,0.295999999987544
gfc_2005_2010,The global financial crisis period,54,gfc_2005_2010_w0054,2006-01-23,2007-01-23,2006-07-21,252,349,Tsay2020,1,0.05,FALSE,0.799202465724804,4.094,4.84886571456344,,20289164,5,rolling_v1|Tsay2020|252|5|0.05|1|NA|1|TRUE|QS|20260821,ok,,0.296999999991385
gfc_2005_2010,The global financial crisis period,55,gfc_2005_2010_w0055,2006-01-30,2007-01-30,2006-07-28,252,349,Tsay2020,1,0.05,FALSE,0.289326657186918,4.432,4.84886571456344,,20289193,5,rolling_v1|Tsay2020|252|5|0.05|1|NA|1|TRUE|QS|20260821,ok,,0.297000000005937
gfc_2005_2010,The global financial crisis period,56,gfc_2005_2010_w0056,2006-02-06,2007-02-06,2006-08-04,252,349,Tsay2020,1,0.05,FALSE,0.358149847229317,4.375,4.84886571456344,,20289222,5,rolling_v1|Tsay2020|252|5|0.05|1|NA|1|TRUE|QS|20260821,ok,,0.295000000012806
gfc_2005_2010,The global financial crisis period,57,gfc_2005_2010_w0057,2006-02-13,2007-02-13,2006-08-11,252,349,Tsay2020,1,0.05,FALSE,0.521505943358217,4.264,4.84886571456344,,20289251,5,rolling_v1|Tsay2020|252|5|0.05|1|NA|1|TRUE|QS|20260821,ok,,0.297000000005937
gfc_2005_2010,The global financial crisis period,58,gfc_2005_2010_w0058,2006-02-21,2007-02-21,2006-08-18,252,349,Tsay2020,1,0.05,FALSE,0.599126734317764,4.217,4.84886571456344,,20289280,5,rolling_v1|Tsay2020|252|5|0.05|1|NA|1|TRUE|QS|20260821,ok,,0.305000000007567
gfc_2005_2010,The global financial crisis period,59,gfc_2005_2010_w0059,2006-02-28,2007-02-28,2006-08-25,252,349,Tsay2020,1,0.05,FALSE,0.150756359494776,4.593,4.84886571456344,,20289309,5,rolling_v1|Tsay2020|252|5|0.05|1|NA|1|TRUE|QS|20260821,ok,,0.297000000005937
gfc_2005_2010,The global financial crisis period,60,gfc_2005_2010_w0060,2006-03-07,2007-03-07,2006-09-01,252,349,Tsay2020,1,0.05,FALSE,0.362074256438309,4.372,4.84886571456344,,20289076,5,rolling_v1|Tsay2020|252|5|0.05|1|NA|1|TRUE|QS|20260821,ok,,0.297000000005937
gfc_2005_2010,The global financial crisis period,61,gfc_2005_2010_w0061,2006-03-14,2007-03-14,2006-09-11,252,349,Tsay2020,1,0.05,TRUE,0.0118359048272652,5.165,4.84886571456344,,20289105,5,rolling_v1|Tsay2020|252|5|0.05|1|NA|1|TRUE|QS|20260821,ok,,0.296000000002096
gfc_2005_2010,The global financial crisis period,62,gfc_2005_2010_w0062,2006-03-21,2007-03-21,2006-09-18,252,349,Tsay2020,1,0.05,FALSE,0.135036697277191,4.619,4.84886571456344,,20289134,5,rolling_v1|Tsay2020|252|5|0.05|1|NA|1|TRUE|QS|20260821,ok,,0.320000000006985
gfc_2005_2010,The global financial crisis period,63,gfc_2005_2010_w0063,2006-03-28,2007-03-28,2006-09-25,252,349,Tsay2020,1,0.05,FALSE,0.414313270363274,4.334,4.84886571456344,,20289163,5,rolling_v1|Tsay2020|252|5|0.05|1|NA|1|TRUE|QS|20260821,ok,,0.297999999995227
gfc_2005_2010,The global financial crisis period,64,gfc_2005_2010_w0064,2006-04-04,2007-04-04,2006-10-02,252,349,Tsay2020,1,0.05,FALSE,0.422976144496262,4.328,4.84886571456344,,20289192,5,rolling_v1|Tsay2020|252|5|0.05|1|NA|1|TRUE|QS|20260821,ok,,0.295999999987544
gfc_2005_2010,The global financial crisis period,65,gfc_2005_2010_w0065,2006-04-11,2007-04-12,2006-10-09,252,349,Tsay2020,1,0.05,FALSE,0.481793627760653,4.289,4.84886571456344,,20289221,5,rolling_v1|Tsay2020|252|5|0.05|1|NA|1|TRUE|QS|20260821,ok,,0.295999999987544
gfc_2005_2010,The global financial crisis period,66,gfc_2005_2010_w0066,2006-04-19,2007-04-19,2006-10-16,252,349,Tsay2020,1,0.05,FALSE,0.689798761800939,4.163,4.84886571456344,,20289250,5,rolling_v1|Tsay2020|252|5|0.05|1|NA|1|TRUE|QS|20260821,ok,,0.295999999987544
gfc_2005_2010,The global financial crisis period,67,gfc_2005_2010_w0067,2006-04-26,2007-04-26,2006-10-23,252,349,Tsay2020,1,0.05,FALSE,0.737305105711473,4.134,4.84886571456344,,20289279,5,rolling_v1|Tsay2020|252|5|0.05|1|NA|1|TRUE|QS|20260821,ok,,0.296999999991385
gfc_2005_2010,The global financial crisis period,68,gfc_2005_2010_w0068,2006-05-03,2007-05-03,2006-10-30,252,349,Tsay2020,1,0.05,FALSE,0.938036476134119,3.974,4.84886571456344,,20289308,5,rolling_v1|Tsay2020|252|5|0.05|1|NA|1|TRUE|QS|20260821,ok,,0.297999999995227
gfc_2005_2010,The global financial crisis period,69,gfc_2005_2010_w0069,2006-05-10,2007-05-10,2006-11-06,252,349,Tsay2020,1,0.05,FALSE,0.897069982057064,4.018,4.84886571456344,,20289337,5,rolling_v1|Tsay2020|252|5|0.05|1|NA|1|TRUE|QS|20260821,ok,,0.295999999987544
gfc_2005_2010,The global financial crisis period,70,gfc_2005_2010_w0070,2006-05-17,2007-05-17,2006-11-13,252,349,Tsay2020,1,0.05,FALSE,0.652976326961857,4.185,4.84886571456344,,20289104,5,rolling_v1|Tsay2020|252|5|0.05|1|NA|1|TRUE|QS|20260821,ok,,0.295999999987544
gfc_2005_2010,The global financial crisis period,71,gfc_2005_2010_w0071,2006-05-24,2007-05-24,2006-11-20,252,349,Tsay2020,1,0.05,FALSE,0.34528486820867,4.385,4.84886571456344,,20289133,5,rolling_v1|Tsay2020|252|5|0.05|1|NA|1|TRUE|QS|20260821,ok,,0.296000000002096
gfc_2005_2010,The global financial crisis period,72,gfc_2005_2010_w0072,2006-06-01,2007-06-01,2006-11-28,252,349,Tsay2020,1,0.05,FALSE,0.386241865961135,4.354,4.84886571456344,,20289162,5,rolling_v1|Tsay2020|252|5|0.05|1|NA|1|TRUE|QS|20260821,ok,,0.296000000002096
gfc_2005_2010,The global financial crisis period,73,gfc_2005_2010_w0073,2006-06-08,2007-06-08,2006-12-05,252,349,Tsay2020,1,0.05,FALSE,0.519891899735247,4.265,4.84886571456344,,20289191,5,rolling_v1|Tsay2020|252|5|0.05|1|NA|1|TRUE|QS|20260821,ok,,0.296000000002096
gfc_2005_2010,The global financial crisis period,74,gfc_2005_2010_w0074,2006-06-15,2007-06-15,2006-12-12,252,349,Tsay2020,1,0.05,FALSE,0.189584884158952,4.538,4.84886571456344,,20289220,5,rolling_v1|Tsay2020|252|5|0.05|1|NA|1|TRUE|QS|20260821,ok,,0.294999999998254
gfc_2005_2010,The global financial crisis period,75,gfc_2005_2010_w0075,2006-06-22,2007-06-22,2006-12-19,252,349,Tsay2020,1,0.05,FALSE,0.0670532153447651,4.78,4.84886571456344,,20289249,5,rolling_v1|Tsay2020|252|5|0.05|1|NA|1|TRUE|QS|20260821,ok,,0.297000000005937
gfc_2005_2010,The global financial crisis period,76,gfc_2005_2010_w0076,2006-06-29,2007-06-29,2006-12-27,252,349,Tsay2020,1,0.05,FALSE,0.301755567031738,4.421,4.84886571456344,,20289278,5,rolling_v1|Tsay2020|252|5|0.05|1|NA|1|TRUE|QS|20260821,ok,,0.296000000002096
gfc_2005_2010,The global financial crisis period,77,gfc_2005_2010_w0077,2006-07-07,2007-07-09,2007-01-05,252,349,Tsay2020,1,0.05,FALSE,0.372684658693496,4.364,4.84886571456344,,20289307,5,rolling_v1|Tsay2020|252|5|0.05|1|NA|1|TRUE|QS|20260821,ok,,0.297000000005937
gfc_2005_2010,The global financial crisis period,78,gfc_2005_2010_w0078,2006-07-14,2007-07-16,2007-01-12,252,349,Tsay2020,1,0.05,FALSE,0.379422689885986,4.359,4.84886571456344,,20289336,5,rolling_v1|Tsay2020|252|5|0.05|1|NA|1|TRUE|QS|20260821,ok,,0.317999999999302
gfc_2005_2010,The global financial crisis period,79,gfc_2005_2010_w0079,2006-07-21,2007-07-23,2007-01-22,252,349,Tsay2020,1,0.05,FALSE,0.510249710608336,4.271,4.84886571456344,,20289365,5,rolling_v1|Tsay2020|252|5|0.05|1|NA|1|TRUE|QS|20260821,ok,,0.298999999999069
gfc_2005_2010,The global financial crisis period,80,gfc_2005_2010_w0080,2006-07-28,2007-07-30,2007-01-29,252,349,Tsay2020,1,0.05,FALSE,0.925473149009109,3.989,4.84886571456344,,20289132,5,rolling_v1|Tsay2020|252|5|0.05|1|NA|1|TRUE|QS|20260821,ok,,0.296000000002096
gfc_2005_2010,The global financial crisis period,81,gfc_2005_2010_w0081,2006-08-04,2007-08-06,2007-02-05,252,349,Tsay2020,1,0.05,FALSE,0.0908053350723282,4.711,4.84886571456344,,20289161,5,rolling_v1|Tsay2020|252|5|0.05|1|NA|1|TRUE|QS|20260821,ok,,0.295999999987544
gfc_2005_2010,The global financial crisis period,82,gfc_2005_2010_w0082,2006-08-11,2007-08-13,2007-02-12,252,349,Tsay2020,1,0.05,FALSE,0.803612275961386,4.091,4.84886571456344,,20289190,5,rolling_v1|Tsay2020|252|5|0.05|1|NA|1|TRUE|QS|20260821,ok,,0.296999999991385
gfc_2005_2010,The global financial crisis period,83,gfc_2005_2010_w0083,2006-08-18,2007-08-20,2007-02-20,252,349,Tsay2020,1,0.05,FALSE,0.622667529212849,4.203,4.84886571456344,,20289219,5,rolling_v1|Tsay2020|252|5|0.05|1|NA|1|TRUE|QS|20260821,ok,,0.296999999991385
gfc_2005_2010,The global financial crisis period,84,gfc_2005_2010_w0084,2006-08-25,2007-08-27,2007-02-27,252,349,Tsay2020,1,0.05,FALSE,0.770461850315631,4.113,4.84886571456344,,20289248,5,rolling_v1|Tsay2020|252|5|0.05|1|NA|1|TRUE|QS|20260821,ok,,0.364000000001397
gfc_2005_2010,The global financial crisis period,85,gfc_2005_2010_w0085,2006-09-01,2007-09-04,2007-03-06,252,349,Tsay2020,1,0.05,FALSE,0.224013675518743,4.497,4.84886571456344,,20289277,5,rolling_v1|Tsay2020|252|5|0.05|1|NA|1|TRUE|QS|20260821,ok,,0.319999999992433
gfc_2005_2010,The global financial crisis period,86,gfc_2005_2010_w0086,2006-09-11,2007-09-11,2007-03-13,252,349,Tsay2020,1,0.05,FALSE,0.153964151949176,4.588,4.84886571456344,,20289306,5,rolling_v1|Tsay2020|252|5|0.05|1|NA|1|TRUE|QS|20260821,ok,,0.297000000005937
gfc_2005_2010,The global financial crisis period,87,gfc_2005_2010_w0087,2006-09-18,2007-09-18,2007-03-20,252,349,Tsay2020,1,0.05,FALSE,0.281628607409048,4.439,4.84886571456344,,20289335,5,rolling_v1|Tsay2020|252|5|0.05|1|NA|1|TRUE|QS|20260821,ok,,0.296000000002096
gfc_2005_2010,The global financial crisis period,88,gfc_2005_2010_w0088,2006-09-25,2007-09-25,2007-03-27,252,349,Tsay2020,1,0.05,FALSE,0.34528486820867,4.385,4.84886571456344,,20289364,5,rolling_v1|Tsay2020|252|5|0.05|1|NA|1|TRUE|QS|20260821,ok,,0.294999999998254
gfc_2005_2010,The global financial crisis period,89,gfc_2005_2010_w0089,2006-10-02,2007-10-02,2007-04-03,252,349,Tsay2020,1,0.05,FALSE,0.840138888354066,4.065,4.84886571456344,,20289393,5,rolling_v1|Tsay2020|252|5|0.05|1|NA|1|TRUE|QS|20260821,ok,,0.296000000002096
gfc_2005_2010,The global financial crisis period,90,gfc_2005_2010_w0090,2006-10-09,2007-10-09,2007-04-11,252,349,Tsay2020,1,0.05,FALSE,0.539383633853271,4.253,4.84886571456344,,20289160,5,rolling_v1|Tsay2020|252|5|0.05|1|NA|1|TRUE|QS|20260821,ok,,0.297000000005937
gfc_2005_2010,The global financial crisis period,91,gfc_2005_2010_w0091,2006-10-16,2007-10-16,2007-04-18,252,349,Tsay2020,1,0.05,FALSE,0.16259562560322,4.575,4.84886571456344,,20289189,5,rolling_v1|Tsay2020|252|5|0.05|1|NA|1|TRUE|QS|20260821,ok,,0.296999999991385
gfc_2005_2010,The global financial crisis period,92,gfc_2005_2010_w0092,2006-10-23,2007-10-23,2007-04-25,252,349,Tsay2020,1,0.05,FALSE,0.989542341765481,3.866,4.84886571456344,,20289218,5,rolling_v1|Tsay2020|252|5|0.05|1|NA|1|TRUE|QS|20260821,ok,,0.296000000002096
gfc_2005_2010,The global financial crisis period,93,gfc_2005_2010_w0093,2006-10-30,2007-10-30,2007-05-02,252,349,Tsay2020,1,0.05,FALSE,0.854585014414176,4.054,4.84886571456344,,20289247,5,rolling_v1|Tsay2020|252|5|0.05|1|NA|1|TRUE|QS|20260821,ok,,0.31699999999546
gfc_2005_2010,The global financial crisis period,94,gfc_2005_2010_w0094,2006-11-06,2007-11-06,2007-05-09,252,349,Tsay2020,1,0.05,FALSE,0.119291684149803,4.648,4.84886571456344,,20289276,5,rolling_v1|Tsay2020|252|5|0.05|1|NA|1|TRUE|QS|20260821,ok,,0.298000000009779
gfc_2005_2010,The global financial crisis period,95,gfc_2005_2010_w0095,2006-11-13,2007-11-13,2007-05-16,252,349,Tsay2020,1,0.05,FALSE,0.320561969456254,4.405,4.84886571456344,,20289305,5,rolling_v1|Tsay2020|252|5|0.05|1|NA|1|TRUE|QS|20260821,ok,,0.295000000012806
gfc_2005_2010,The global financial crisis period,96,gfc_2005_2010_w0096,2006-11-20,2007-11-20,2007-05-23,252,349,Tsay2020,1,0.05,TRUE,0.0362232130392868,4.918,4.84886571456344,,20289334,5,rolling_v1|Tsay2020|252|5|0.05|1|NA|1|TRUE|QS|20260821,ok,,0.296000000002096
gfc_2005_2010,The global financial crisis period,97,gfc_2005_2010_w0097,2006-11-28,2007-11-28,2007-05-31,252,349,Tsay2020,1,0.05,FALSE,0.356848348419619,4.376,4.84886571456344,,20289363,5,rolling_v1|Tsay2020|252|5|0.05|1|NA|1|TRUE|QS|20260821,ok,,0.294999999998254
gfc_2005_2010,The global financial crisis period,98,gfc_2005_2010_w0098,2006-12-05,2007-12-05,2007-06-07,252,349,Tsay2020,1,0.05,FALSE,0.346556328834464,4.384,4.84886571456344,,20289392,5,rolling_v1|Tsay2020|252|5|0.05|1|NA|1|TRUE|QS|20260821,ok,,0.298999999999069
gfc_2005_2010,The global financial crisis period,99,gfc_2005_2010_w0099,2006-12-12,2007-12-12,2007-06-14,252,349,Tsay2020,1,0.05,FALSE,0.799202465724804,4.094,4.84886571456344,,20289421,5,rolling_v1|Tsay2020|252|5|0.05|1|NA|1|TRUE|QS|20260821,ok,,0.294999999998254
gfc_2005_2010,The global financial crisis period,100,gfc_2005_2010_w0100,2006-12-19,2007-12-19,2007-06-21,252,349,Tsay2020,1,0.05,FALSE,0.50864989479501,4.272,4.84886571456344,,20288935,5,rolling_v1|Tsay2020|252|5|0.05|1|NA|1|TRUE|QS|20260821,ok,,0.296000000002096
gfc_2005_2010,The global financial crisis period,101,gfc_2005_2010_w0101,2006-12-27,2007-12-27,2007-06-28,252,349,Tsay2020,1,0.05,FALSE,0.686470958311067,4.165,4.84886571456344,,20288964,5,rolling_v1|Tsay2020|252|5|0.05|1|NA|1|TRUE|QS|20260821,ok,,0.294999999998254
gfc_2005_2010,The global financial crisis period,102,gfc_2005_2010_w0102,2007-01-05,2008-01-04,2007-07-06,252,349,Tsay2020,1,0.05,FALSE,0.510249710608336,4.271,4.84886571456344,,20288993,5,rolling_v1|Tsay2020|252|5|0.05|1|NA|1|TRUE|QS|20260821,ok,,0.294000000008964
gfc_2005_2010,The global financial crisis period,103,gfc_2005_2010_w0103,2007-01-12,2008-01-11,2007-07-13,252,349,Tsay2020,1,0.05,FALSE,0.627720129372415,4.2,4.84886571456344,,20289022,5,rolling_v1|Tsay2020|252|5|0.05|1|NA|1|TRUE|QS|20260821,ok,,0.292000000001281
gfc_2005_2010,The global financial crisis period,104,gfc_2005_2010_w0104,2007-01-22,2008-01-18,2007-07-20,252,349,Tsay2020,1,0.05,FALSE,0.395923555458686,4.347,4.84886571456344,,20289051,5,rolling_v1|Tsay2020|252|5|0.05|1|NA|1|TRUE|QS|20260821,ok,,0.296000000002096
gfc_2005_2010,The global financial crisis period,105,gfc_2005_2010_w0105,2007-01-29,2008-01-28,2007-07-27,252,349,Tsay2020,1,0.05,FALSE,0.964571794717028,3.934,4.84886571456344,,20289080,5,rolling_v1|Tsay2020|252|5|0.05|1|NA|1|TRUE|QS|20260821,ok,,0.295000000012806
gfc_2005_2010,The global financial crisis period,106,gfc_2005_2010_w0106,2007-02-05,2008-02-04,2007-08-03,252,349,Tsay2020,1,0.05,FALSE,0.974282652960675,3.914,4.84886571456344,,20289109,5,rolling_v1|Tsay2020|252|5|0.05|1|NA|1|TRUE|QS|20260821,ok,,0.295000000012806
gfc_2005_2010,The global financial crisis period,107,gfc_2005_2010_w0107,2007-02-12,2008-02-11,2007-08-10,252,349,Tsay2020,1,0.05,FALSE,0.442112258981698,4.315,4.84886571456344,,20289138,5,rolling_v1|Tsay2020|252|5|0.05|1|NA|1|TRUE|QS|20260821,ok,,0.294999999998254
gfc_2005_2010,The global financial crisis period,108,gfc_2005_2010_w0108,2007-02-20,2008-02-19,2007-08-17,252,349,Tsay2020,1,0.05,FALSE,0.410022941456367,4.337,4.84886571456344,,20289167,5,rolling_v1|Tsay2020|252|5|0.05|1|NA|1|TRUE|QS|20260821,ok,,0.297999999995227
gfc_2005_2010,The global financial crisis period,109,gfc_2005_2010_w0109,2007-02-27,2008-02-26,2007-08-24,252,349,Tsay2020,1,0.05,FALSE,0.996591369728185,3.818,4.84886571456344,,20289196,5,rolling_v1|Tsay2020|252|5|0.05|1|NA|1|TRUE|QS|20260821,ok,,0.294999999998254
gfc_2005_2010,The global financial crisis period,110,gfc_2005_2010_w0110,2007-03-06,2008-03-04,2007-08-31,252,349,Tsay2020,1,0.05,FALSE,0.982226834227619,3.893,4.84886571456344,,20288963,5,rolling_v1|Tsay2020|252|5|0.05|1|NA|1|TRUE|QS|20260821,ok,,0.294999999998254
gfc_2005_2010,The global financial crisis period,111,gfc_2005_2010_w0111,2007-03-13,2008-03-11,2007-09-10,252,349,Tsay2020,1,0.05,FALSE,0.170236830628021,4.564,4.84886571456344,,20288992,5,rolling_v1|Tsay2020|252|5|0.05|1|NA|1|TRUE|QS|20260821,ok,,0.294999999998254
gfc_2005_2010,The global financial crisis period,112,gfc_2005_2010_w0112,2007-03-20,2008-03-18,2007-09-17,252,349,Tsay2020,1,0.05,FALSE,0.257479551830395,4.462,4.84886571456344,,20289021,5,rolling_v1|Tsay2020|252|5|0.05|1|NA|1|TRUE|QS|20260821,ok,,0.297000000005937
gfc_2005_2010,The global financial crisis period,113,gfc_2005_2010_w0113,2007-03-27,2008-03-26,2007-09-24,252,349,Tsay2020,1,0.05,FALSE,0.075869081875598,4.752,4.84886571456344,,20289050,5,rolling_v1|Tsay2020|252|5|0.05|1|NA|1|TRUE|QS|20260821,ok,,0.296000000002096
gfc_2005_2010,The global financial crisis period,114,gfc_2005_2010_w0114,2007-04-03,2008-04-02,2007-10-01,252,349,Tsay2020,1,0.05,FALSE,0.921876919127261,3.993,4.84886571456344,,20289079,5,rolling_v1|Tsay2020|252|5|0.05|1|NA|1|TRUE|QS|20260821,ok,,0.294999999998254
gfc_2005_2010,The global financial crisis period,115,gfc_2005_2010_w0115,2007-04-11,2008-04-09,2007-10-08,252,349,Tsay2020,1,0.05,FALSE,0.309877020366581,4.414,4.84886571456344,,20289108,5,rolling_v1|Tsay2020|252|5|0.05|1|NA|1|TRUE|QS|20260821,ok,,0.293999999994412
gfc_2005_2010,The global financial crisis period,116,gfc_2005_2010_w0116,2007-04-18,2008-04-16,2007-10-15,252,349,Tsay2020,1,0.05,FALSE,0.874409826392282,4.038,4.84886571456344,,20289137,5,rolling_v1|Tsay2020|252|5|0.05|1|NA|1|TRUE|QS|20260821,ok,,0.294999999998254
gfc_2005_2010,The global financial crisis period,117,gfc_2005_2010_w0117,2007-04-25,2008-04-23,2007-10-22,252,349,Tsay2020,1,0.05,FALSE,0.693121371972435,4.161,4.84886571456344,,20289166,5,rolling_v1|Tsay2020|252|5|0.05|1|NA|1|TRUE|QS|20260821,ok,,0.298000000009779
gfc_2005_2010,The global financial crisis period,118,gfc_2005_2010_w0118,2007-05-02,2008-04-30,2007-10-29,252,349,Tsay2020,1,0.05,FALSE,0.968723083408162,3.926,4.84886571456344,,20289195,5,rolling_v1|Tsay2020|252|5|0.05|1|NA|1|TRUE|QS|20260821,ok,,0.294999999998254
gfc_2005_2010,The global financial crisis period,119,gfc_2005_2010_w0119,2007-05-09,2008-05-07,2007-11-05,252,349,Tsay2020,1,0.05,FALSE,0.833365116860389,4.07,4.84886571456344,,20289224,5,rolling_v1|Tsay2020|252|5|0.05|1|NA|1|TRUE|QS|20260821,ok,,0.294999999998254
gfc_2005_2010,The global financial crisis period,120,gfc_2005_2010_w0120,2007-05-16,2008-05-14,2007-11-12,252,349,Tsay2020,1,0.05,FALSE,0.384871574751657,4.355,4.84886571456344,,20288991,5,rolling_v1|Tsay2020|252|5|0.05|1|NA|1|TRUE|QS|20260821,ok,,0.294999999998254
gfc_2005_2010,The global financial crisis period,121,gfc_2005_2010_w0121,2007-05-23,2008-05-21,2007-11-19,252,349,Tsay2020,1,0.05,FALSE,0.82646740333342,4.075,4.84886571456344,,20289020,5,rolling_v1|Tsay2020|252|5|0.05|1|NA|1|TRUE|QS|20260821,ok,,0.294999999998254
gfc_2005_2010,The global financial crisis period,122,gfc_2005_2010_w0122,2007-05-31,2008-05-29,2007-11-27,252,349,Tsay2020,1,0.05,FALSE,0.287110493548918,4.434,4.84886571456344,,20289049,5,rolling_v1|Tsay2020|252|5|0.05|1|NA|1|TRUE|QS|20260821,ok,,0.294999999998254
gfc_2005_2010,The global financial crisis period,123,gfc_2005_2010_w0123,2007-06-07,2008-06-05,2007-12-04,252,349,Tsay2020,1,0.05,FALSE,0.119804983112206,4.647,4.84886571456344,,20289078,5,rolling_v1|Tsay2020|252|5|0.05|1|NA|1|TRUE|QS|20260821,ok,,0.294999999998254
gfc_2005_2010,The global financial crisis period,124,gfc_2005_2010_w0124,2007-06-14,2008-06-12,2007-12-11,252,349,Tsay2020,1,0.05,FALSE,0.921876919127261,3.993,4.84886571456344,,20289107,5,rolling_v1|Tsay2020|252|5|0.05|1|NA|1|TRUE|QS|20260821,ok,,0.294999999998254
gfc_2005_2010,The global financial crisis period,125,gfc_2005_2010_w0125,2007-06-21,2008-06-19,2007-12-18,252,349,Tsay2020,1,0.05,FALSE,0.173815170122502,4.559,4.84886571456344,,20289136,5,rolling_v1|Tsay2020|252|5|0.05|1|NA|1|TRUE|QS|20260821,ok,,0.296000000002096
gfc_2005_2010,The global financial crisis period,126,gfc_2005_2010_w0126,2007-06-28,2008-06-26,2007-12-26,252,349,Tsay2020,1,0.05,FALSE,0.109446724272798,4.668,4.84886571456344,,20289165,5,rolling_v1|Tsay2020|252|5|0.05|1|NA|1|TRUE|QS|20260821,ok,,0.307000000000699
gfc_2005_2010,The global financial crisis period,127,gfc_2005_2010_w0127,2007-07-06,2008-07-03,2008-01-03,252,349,Tsay2020,1,0.05,FALSE,0.838794248162694,4.066,4.84886571456344,,20289194,5,rolling_v1|Tsay2020|252|5|0.05|1|NA|1|TRUE|QS|20260821,ok,,0.296000000002096
gfc_2005_2010,The global financial crisis period,128,gfc_2005_2010_w0128,2007-07-13,2008-07-11,2008-01-10,252,349,Tsay2020,1,0.05,FALSE,0.831995355716141,4.071,4.84886571456344,,20289223,5,rolling_v1|Tsay2020|252|5|0.05|1|NA|1|TRUE|QS|20260821,ok,,0.294999999998254
gfc_2005_2010,The global financial crisis period,129,gfc_2005_2010_w0129,2007-07-20,2008-07-18,2008-01-17,252,349,Tsay2020,1,0.05,FALSE,0.863436812598727,4.047,4.84886571456344,,20289252,5,rolling_v1|Tsay2020|252|5|0.05|1|NA|1|TRUE|QS|20260821,ok,,0.294999999998254
gfc_2005_2010,The global financial crisis period,130,gfc_2005_2010_w0130,2007-07-27,2008-07-25,2008-01-25,252,349,Tsay2020,1,0.05,FALSE,0.624351579667049,4.202,4.84886571456344,,20289019,5,rolling_v1|Tsay2020|252|5|0.05|1|NA|1|TRUE|QS|20260821,ok,,0.296000000002096
gfc_2005_2010,The global financial crisis period,131,gfc_2005_2010_w0131,2007-08-03,2008-08-01,2008-02-01,252,349,Tsay2020,1,0.05,FALSE,0.235051074903075,4.485,4.84886571456344,,20289048,5,rolling_v1|Tsay2020|252|5|0.05|1|NA|1|TRUE|QS|20260821,ok,,0.294999999998254
gfc_2005_2010,The global financial crisis period,132,gfc_2005_2010_w0132,2007-08-10,2008-08-08,2008-02-08,252,349,Tsay2020,1,0.05,FALSE,0.838794248162694,4.066,4.84886571456344,,20289077,5,rolling_v1|Tsay2020|252|5|0.05|1|NA|1|TRUE|QS|20260821,ok,,0.293999999994412
gfc_2005_2010,The global financial crisis period,133,gfc_2005_2010_w0133,2007-08-17,2008-08-15,2008-02-15,252,349,Tsay2020,1,0.05,FALSE,0.301755567031738,4.421,4.84886571456344,,20289106,5,rolling_v1|Tsay2020|252|5|0.05|1|NA|1|TRUE|QS|20260821,ok,,0.294999999998254
gfc_2005_2010,The global financial crisis period,134,gfc_2005_2010_w0134,2007-08-24,2008-08-22,2008-02-25,252,349,Tsay2020,1,0.05,FALSE,0.704704991653793,4.154,4.84886571456344,,20289135,5,rolling_v1|Tsay2020|252|5|0.05|1|NA|1|TRUE|QS|20260821,ok,,0.294000000008964
gfc_2005_2010,The global financial crisis period,135,gfc_2005_2010_w0135,2007-08-31,2008-08-29,2008-03-03,252,349,Tsay2020,1,0.05,FALSE,0.549222970849492,4.247,4.84886571456344,,20289164,5,rolling_v1|Tsay2020|252|5|0.05|1|NA|1|TRUE|QS|20260821,ok,,0.294999999998254
gfc_2005_2010,The global financial crisis period,136,gfc_2005_2010_w0136,2007-09-10,2008-09-08,2008-03-10,252,349,Tsay2020,1,0.05,FALSE,0.526359647608875,4.261,4.84886571456344,,20289193,5,rolling_v1|Tsay2020|252|5|0.05|1|NA|1|TRUE|QS|20260821,ok,,0.294999999998254
gfc_2005_2010,The global financial crisis period,137,gfc_2005_2010_w0137,2007-09-17,2008-09-15,2008-03-17,252,349,Tsay2020,1,0.05,FALSE,0.489623194356492,4.284,4.84886571456344,,20289222,5,rolling_v1|Tsay2020|252|5|0.05|1|NA|1|TRUE|QS|20260821,ok,,0.294999999998254
gfc_2005_2010,The global financial crisis period,138,gfc_2005_2010_w0138,2007-09-24,2008-09-22,2008-03-25,252,349,Tsay2020,1,0.05,FALSE,0.363389017629544,4.371,4.84886571456344,,20289251,5,rolling_v1|Tsay2020|252|5|0.05|1|NA|1|TRUE|QS|20260821,ok,,0.294000000008964
gfc_2005_2010,The global financial crisis period,139,gfc_2005_2010_w0139,2007-10-01,2008-09-29,2008-04-01,252,349,Tsay2020,1,0.05,FALSE,0.899200720375539,4.016,4.84886571456344,,20289280,5,rolling_v1|Tsay2020|252|5|0.05|1|NA|1|TRUE|QS|20260821,ok,,0.294999999998254
gfc_2005_2010,The global financial crisis period,140,gfc_2005_2010_w0140,2007-10-08,2008-10-06,2008-04-08,252,349,Tsay2020,1,0.05,TRUE,0.0207883404284883,5.041,4.84886571456344,,20289047,5,rolling_v1|Tsay2020|252|5|0.05|1|NA|1|TRUE|QS|20260821,ok,,0.294999999998254
gfc_2005_2010,The global financial crisis period,141,gfc_2005_2010_w0141,2007-10-15,2008-10-13,2008-04-15,252,349,Tsay2020,1,0.05,FALSE,0.358149847229317,4.375,4.84886571456344,,20289076,5,rolling_v1|Tsay2020|252|5|0.05|1|NA|1|TRUE|QS|20260821,ok,,0.294999999998254
gfc_2005_2010,The global financial crisis period,142,gfc_2005_2010_w0142,2007-10-22,2008-10-20,2008-04-22,252,349,Tsay2020,1,0.05,FALSE,0.696438469778714,4.159,4.84886571456344,,20289105,5,rolling_v1|Tsay2020|252|5|0.05|1|NA|1|TRUE|QS|20260821,ok,,0.293999999994412
gfc_2005_2010,The global financial crisis period,143,gfc_2005_2010_w0143,2007-10-29,2008-10-27,2008-04-29,252,349,Tsay2020,1,0.05,FALSE,0.379422689885986,4.359,4.84886571456344,,20289134,5,rolling_v1|Tsay2020|252|5|0.05|1|NA|1|TRUE|QS|20260821,ok,,0.293999999994412
gfc_2005_2010,The global financial crisis period,144,gfc_2005_2010_w0144,2007-11-05,2008-11-03,2008-05-06,252,349,Tsay2020,1,0.05,FALSE,0.761122293565212,4.119,4.84886571456344,,20289163,5,rolling_v1|Tsay2020|252|5|0.05|1|NA|1|TRUE|QS|20260821,ok,,0.294999999998254
gfc_2005_2010,The global financial crisis period,145,gfc_2005_2010_w0145,2007-11-12,2008-11-10,2008-05-13,252,349,Tsay2020,1,0.05,FALSE,0.0541886765892251,4.828,4.84886571456344,,20289192,5,rolling_v1|Tsay2020|252|5|0.05|1|NA|1|TRUE|QS|20260821,ok,,0.293999999994412
gfc_2005_2010,The global financial crisis period,146,gfc_2005_2010_w0146,2007-11-19,2008-11-17,2008-05-20,252,349,Tsay2020,1,0.05,FALSE,0.0579276648754362,4.813,4.84886571456344,,20289221,5,rolling_v1|Tsay2020|252|5|0.05|1|NA|1|TRUE|QS|20260821,ok,,0.294999999998254
gfc_2005_2010,The global financial crisis period,147,gfc_2005_2010_w0147,2007-11-27,2008-11-24,2008-05-28,252,349,Tsay2020,1,0.05,TRUE,0.00177064971725727,5.581,4.84886571456344,,20289250,5,rolling_v1|Tsay2020|252|5|0.05|1|NA|1|TRUE|QS|20260821,ok,,0.294999999998254
gfc_2005_2010,The global financial crisis period,148,gfc_2005_2010_w0148,2007-12-04,2008-12-02,2008-06-04,252,349,Tsay2020,1,0.05,FALSE,0.135036697277191,4.619,4.84886571456344,,20289279,5,rolling_v1|Tsay2020|252|5|0.05|1|NA|1|TRUE|QS|20260821,ok,,0.293999999994412
gfc_2005_2010,The global financial crisis period,149,gfc_2005_2010_w0149,2007-12-11,2008-12-09,2008-06-11,252,349,Tsay2020,1,0.05,TRUE,0.00123918359571618,5.659,4.84886571456344,,20289308,5,rolling_v1|Tsay2020|252|5|0.05|1|NA|1|TRUE|QS|20260821,ok,,0.294000000008964
gfc_2005_2010,The global financial crisis period,150,gfc_2005_2010_w0150,2007-12-18,2008-12-16,2008-06-18,252,349,Tsay2020,1,0.05,FALSE,0.188030403710694,4.54,4.84886571456344,,20289075,5,rolling_v1|Tsay2020|252|5|0.05|1|NA|1|TRUE|QS|20260821,ok,,0.295000000012806
gfc_2005_2010,The global financial crisis period,151,gfc_2005_2010_w0151,2007-12-26,2008-12-23,2008-06-25,252,349,Tsay2020,1,0.05,FALSE,0.301755567031738,4.421,4.84886571456344,,20289104,5,rolling_v1|Tsay2020|252|5|0.05|1|NA|1|TRUE|QS|20260821,ok,,0.311000000001513
gfc_2005_2010,The global financial crisis period,152,gfc_2005_2010_w0152,2008-01-03,2008-12-31,2008-07-02,252,349,Tsay2020,1,0.05,FALSE,0.555813474370438,4.243,4.84886571456344,,20289133,5,rolling_v1|Tsay2020|252|5|0.05|1|NA|1|TRUE|QS|20260821,ok,,0.296000000002096
gfc_2005_2010,The global financial crisis period,153,gfc_2005_2010_w0153,2008-01-10,2009-01-08,2008-07-10,252,349,Tsay2020,1,0.05,TRUE,0.0289191984534826,4.968,4.84886571456344,,20289162,5,rolling_v1|Tsay2020|252|5|0.05|1|NA|1|TRUE|QS|20260821,ok,,0.294999999998254
gfc_2005_2010,The global financial crisis period,154,gfc_2005_2010_w0154,2008-01-17,2009-01-15,2008-07-17,252,349,Tsay2020,1,0.05,FALSE,0.136770540728842,4.616,4.84886571456344,,20289191,5,rolling_v1|Tsay2020|252|5|0.05|1|NA|1|TRUE|QS|20260821,ok,,0.294999999998254
gfc_2005_2010,The global financial crisis period,155,gfc_2005_2010_w0155,2008-01-25,2009-01-23,2008-07-24,252,349,Tsay2020,1,0.05,FALSE,0.0613693468465699,4.8,4.84886571456344,,20289220,5,rolling_v1|Tsay2020|252|5|0.05|1|NA|1|TRUE|QS|20260821,ok,,0.302000000010594
gfc_2005_2010,The global financial crisis period,156,gfc_2005_2010_w0156,2008-02-01,2009-01-30,2008-07-31,252,349,Tsay2020,1,0.05,FALSE,0.131069457562802,4.626,4.84886571456344,,20289249,5,rolling_v1|Tsay2020|252|5|0.05|1|NA|1|TRUE|QS|20260821,ok,,0.295999999987544
gfc_2005_2010,The global financial crisis period,157,gfc_2005_2010_w0157,2008-02-08,2009-02-06,2008-08-07,252,349,Tsay2020,1,0.05,FALSE,0.0861660220202768,4.723,4.84886571456344,,20289278,5,rolling_v1|Tsay2020|252|5|0.05|1|NA|1|TRUE|QS|20260821,ok,,0.294999999998254
gfc_2005_2010,The global financial crisis period,158,gfc_2005_2010_w0158,2008-02-15,2009-02-13,2008-08-14,252,349,Tsay2020,1,0.05,TRUE,0.00829591171360478,5.243,4.84886571456344,,20289307,5,rolling_v1|Tsay2020|252|5|0.05|1|NA|1|TRUE|QS|20260821,ok,,0.294999999998254
gfc_2005_2010,The global financial crisis period,159,gfc_2005_2010_w0159,2008-02-25,2009-02-23,2008-08-21,252,349,Tsay2020,1,0.05,FALSE,0.0579276648754362,4.813,4.84886571456344,,20289336,5,rolling_v1|Tsay2020|252|5|0.05|1|NA|1|TRUE|QS|20260821,ok,,0.305999999996857
gfc_2005_2010,The global financial crisis period,160,gfc_2005_2010_w0160,2008-03-03,2009-03-02,2008-08-28,252,349,Tsay2020,1,0.05,FALSE,0.63951109364509,4.193,4.84886571456344,,20289103,5,rolling_v1|Tsay2020|252|5|0.05|1|NA|1|TRUE|QS|20260821,ok,,0.294999999998254
gfc_2005_2010,The global financial crisis period,161,gfc_2005_2010_w0161,2008-03-10,2009-03-09,2008-09-05,252,349,Tsay2020,1,0.05,FALSE,0.259510448884158,4.46,4.84886571456344,,20289132,5,rolling_v1|Tsay2020|252|5|0.05|1|NA|1|TRUE|QS|20260821,ok,,0.293000000005122
gfc_2005_2010,The global financial crisis period,162,gfc_2005_2010_w0162,2008-03-17,2009-03-16,2008-09-12,252,349,Tsay2020,1,0.05,FALSE,0.446597483794689,4.312,4.84886571456344,,20289161,5,rolling_v1|Tsay2020|252|5|0.05|1|NA|1|TRUE|QS|20260821,ok,,0.293999999994412
gfc_2005_2010,The global financial crisis period,163,gfc_2005_2010_w0163,2008-03-25,2009-03-23,2008-09-19,252,349,Tsay2020,1,0.05,FALSE,0.222217489612721,4.499,4.84886571456344,,20289190,5,rolling_v1|Tsay2020|252|5|0.05|1|NA|1|TRUE|QS|20260821,ok,,0.314999999987776
gfc_2005_2010,The global financial crisis period,164,gfc_2005_2010_w0164,2008-04-01,2009-03-30,2008-09-26,252,349,Tsay2020,1,0.05,TRUE,0.00410705570025482,5.397,4.84886571456344,,20289219,5,rolling_v1|Tsay2020|252|5|0.05|1|NA|1|TRUE|QS|20260821,ok,,0.293999999994412
gfc_2005_2010,The global financial crisis period,165,gfc_2005_2010_w0165,2008-04-08,2009-04-06,2008-10-03,252,349,Tsay2020,1,0.05,TRUE,0.000985733737195904,5.709,4.84886571456344,,20289248,5,rolling_v1|Tsay2020|252|5|0.05|1|NA|1|TRUE|QS|20260821,ok,,0.291999999986729
gfc_2005_2010,The global financial crisis period,166,gfc_2005_2010_w0166,2008-04-15,2009-04-14,2008-10-10,252,349,Tsay2020,1,0.05,TRUE,0.0019761272377653,5.557,4.84886571456344,,20289277,5,rolling_v1|Tsay2020|252|5|0.05|1|NA|1|TRUE|QS|20260821,ok,,0.29299999999057
gfc_2005_2010,The global financial crisis period,167,gfc_2005_2010_w0167,2008-04-22,2009-04-21,2008-10-17,252,349,Tsay2020,1,0.05,FALSE,0.0892331346951617,4.715,4.84886571456344,,20289306,5,rolling_v1|Tsay2020|252|5|0.05|1|NA|1|TRUE|QS|20260821,ok,,0.292000000001281
gfc_2005_2010,The global financial crisis period,168,gfc_2005_2010_w0168,2008-04-29,2009-04-28,2008-10-24,252,349,Tsay2020,1,0.05,FALSE,0.0638670331066865,4.791,4.84886571456344,,20289335,5,rolling_v1|Tsay2020|252|5|0.05|1|NA|1|TRUE|QS|20260821,ok,,0.293000000005122
gfc_2005_2010,The global financial crisis period,169,gfc_2005_2010_w0169,2008-05-06,2009-05-05,2008-10-31,252,349,Tsay2020,1,0.05,FALSE,0.0515967767203963,4.839,4.84886571456344,,20289364,5,rolling_v1|Tsay2020|252|5|0.05|1|NA|1|TRUE|QS|20260821,ok,,0.293000000005122
gfc_2005_2010,The global financial crisis period,170,gfc_2005_2010_w0170,2008-05-13,2009-05-12,2008-11-07,252,349,Tsay2020,1,0.05,FALSE,0.57571468971026,4.231,4.84886571456344,,20289131,5,rolling_v1|Tsay2020|252|5|0.05|1|NA|1|TRUE|QS|20260821,ok,,0.292000000001281
gfc_2005_2010,The global financial crisis period,171,gfc_2005_2010_w0171,2008-05-20,2009-05-19,2008-11-14,252,349,Tsay2020,1,0.05,FALSE,0.579048126525486,4.229,4.84886571456344,,20289160,5,rolling_v1|Tsay2020|252|5|0.05|1|NA|1|TRUE|QS|20260821,ok,,0.293000000005122
gfc_2005_2010,The global financial crisis period,172,gfc_2005_2010_w0172,2008-05-28,2009-05-27,2008-11-21,252,349,Tsay2020,1,0.05,FALSE,0.122928161938894,4.641,4.84886571456344,,20289189,5,rolling_v1|Tsay2020|252|5|0.05|1|NA|1|TRUE|QS|20260821,ok,,0.290999999997439
gfc_2005_2010,The global financial crisis period,173,gfc_2005_2010_w0173,2008-06-04,2009-06-03,2008-12-01,252,349,Tsay2020,1,0.05,FALSE,0.356848348419619,4.376,4.84886571456344,,20289218,5,rolling_v1|Tsay2020|252|5|0.05|1|NA|1|TRUE|QS|20260821,ok,,0.302999999999884
gfc_2005_2010,The global financial crisis period,174,gfc_2005_2010_w0174,2008-06-11,2009-06-10,2008-12-08,252,349,Tsay2020,1,0.05,FALSE,0.170236830628021,4.564,4.84886571456344,,20289247,5,rolling_v1|Tsay2020|252|5|0.05|1|NA|1|TRUE|QS|20260821,ok,,0.293000000005122
gfc_2005_2010,The global financial crisis period,175,gfc_2005_2010_w0175,2008-06-18,2009-06-17,2008-12-15,252,349,Tsay2020,1,0.05,FALSE,0.1457500989638,4.601,4.84886571456344,,20289276,5,rolling_v1|Tsay2020|252|5|0.05|1|NA|1|TRUE|QS|20260821,ok,,0.290999999997439
gfc_2005_2010,The global financial crisis period,176,gfc_2005_2010_w0176,2008-06-25,2009-06-24,2008-12-22,252,349,Tsay2020,1,0.05,FALSE,0.149490332014834,4.595,4.84886571456344,,20289305,5,rolling_v1|Tsay2020|252|5|0.05|1|NA|1|TRUE|QS|20260821,ok,,0.293000000005122
gfc_2005_2010,The global financial crisis period,177,gfc_2005_2010_w0177,2008-07-02,2009-07-01,2008-12-30,252,349,Tsay2020,1,0.05,FALSE,0.146367486823956,4.6,4.84886571456344,,20289334,5,rolling_v1|Tsay2020|252|5|0.05|1|NA|1|TRUE|QS|20260821,ok,,0.293000000005122
gfc_2005_2010,The global financial crisis period,178,gfc_2005_2010_w0178,2008-07-10,2009-07-09,2009-01-07,252,349,Tsay2020,1,0.05,FALSE,0.195916185070081,4.53,4.84886571456344,,20289363,5,rolling_v1|Tsay2020|252|5|0.05|1|NA|1|TRUE|QS|20260821,ok,,0.29299999999057
gfc_2005_2010,The global financial crisis period,179,gfc_2005_2010_w0179,2008-07-17,2009-07-16,2009-01-14,252,349,Tsay2020,1,0.05,FALSE,0.127210019309149,4.633,4.84886571456344,,20289392,5,rolling_v1|Tsay2020|252|5|0.05|1|NA|1|TRUE|QS|20260821,ok,,0.29299999999057
gfc_2005_2010,The global financial crisis period,180,gfc_2005_2010_w0180,2008-07-24,2009-07-23,2009-01-22,252,349,Tsay2020,1,0.05,TRUE,0.0219495968174865,5.029,4.84886571456344,,20289159,5,rolling_v1|Tsay2020|252|5|0.05|1|NA|1|TRUE|QS|20260821,ok,,0.294000000008964
gfc_2005_2010,The global financial crisis period,181,gfc_2005_2010_w0181,2008-07-31,2009-07-30,2009-01-29,252,349,Tsay2020,1,0.05,TRUE,0.0213611652964901,5.035,4.84886571456344,,20289188,5,rolling_v1|Tsay2020|252|5|0.05|1|NA|1|TRUE|QS|20260821,ok,,0.293000000005122
gfc_2005_2010,The global financial crisis period,182,gfc_2005_2010_w0182,2008-08-07,2009-08-06,2009-02-05,252,349,Tsay2020,1,0.05,TRUE,0.0116753739911951,5.168,4.84886571456344,,20289217,5,rolling_v1|Tsay2020|252|5|0.05|1|NA|1|TRUE|QS|20260821,ok,,0.294000000008964
gfc_2005_2010,The global financial crisis period,183,gfc_2005_2010_w0183,2008-08-14,2009-08-13,2009-02-12,252,349,Tsay2020,1,0.05,TRUE,0.0474011790844204,4.858,4.84886571456344,,20289246,5,rolling_v1|Tsay2020|252|5|0.05|1|NA|1|TRUE|QS|20260821,ok,,0.294999999998254
gfc_2005_2010,The global financial crisis period,184,gfc_2005_2010_w0184,2008-08-21,2009-08-20,2009-02-20,252,349,Tsay2020,1,0.05,FALSE,0.0799785645313104,4.74,4.84886571456344,,20289275,5,rolling_v1|Tsay2020|252|5|0.05|1|NA|1|TRUE|QS|20260821,ok,,0.294000000008964
gfc_2005_2010,The global financial crisis period,185,gfc_2005_2010_w0185,2008-08-28,2009-08-27,2009-02-27,252,349,Tsay2020,1,0.05,TRUE,0.00530435321160949,5.341,4.84886571456344,,20289304,5,rolling_v1|Tsay2020|252|5|0.05|1|NA|1|TRUE|QS|20260821,ok,,0.294999999998254
gfc_2005_2010,The global financial crisis period,186,gfc_2005_2010_w0186,2008-09-05,2009-09-03,2009-03-06,252,349,Tsay2020,1,0.05,TRUE,0.000238478379728568,6.019,4.84886571456344,,20289333,5,rolling_v1|Tsay2020|252|5|0.05|1|NA|1|TRUE|QS|20260821,ok,,0.293999999994412
gfc_2005_2010,The global financial crisis period,187,gfc_2005_2010_w0187,2008-09-12,2009-09-11,2009-03-13,252,349,Tsay2020,1,0.05,TRUE,0.000436419532400811,5.887,4.84886571456344,,20289362,5,rolling_v1|Tsay2020|252|5|0.05|1|NA|1|TRUE|QS|20260821,ok,,0.294999999998254
gfc_2005_2010,The global financial crisis period,188,gfc_2005_2010_w0188,2008-09-19,2009-09-18,2009-03-20,252,349,Tsay2020,1,0.05,TRUE,1.99246142729148e-06,7.064,4.84886571456344,,20289391,5,rolling_v1|Tsay2020|252|5|0.05|1|NA|1|TRUE|QS|20260821,ok,,0.294999999998254
gfc_2005_2010,The global financial crisis period,189,gfc_2005_2010_w0189,2008-09-26,2009-09-25,2009-03-27,252,349,Tsay2020,1,0.05,TRUE,2.22530501934326e-05,6.537,4.84886571456344,,20289420,5,rolling_v1|Tsay2020|252|5|0.05|1|NA|1|TRUE|QS|20260821,ok,,0.293999999994412
gfc_2005_2010,The global financial crisis period,190,gfc_2005_2010_w0190,2008-10-03,2009-10-02,2009-04-03,252,349,Tsay2020,1,0.05,TRUE,7.47868069361779e-07,7.278,4.84886571456344,,20289187,5,rolling_v1|Tsay2020|252|5|0.05|1|NA|1|TRUE|QS|20260821,ok,,0.293000000005122
gfc_2005_2010,The global financial crisis period,191,gfc_2005_2010_w0191,2008-10-10,2009-10-09,2009-04-13,252,349,Tsay2020,1,0.05,TRUE,0.0416313431156887,4.887,4.84886571456344,,20289216,5,rolling_v1|Tsay2020|252|5|0.05|1|NA|1|TRUE|QS|20260821,ok,,0.322999999989406
gfc_2005_2010,The global financial crisis period,192,gfc_2005_2010_w0192,2008-10-17,2009-10-16,2009-04-20,252,349,Tsay2020,1,0.05,TRUE,0.000103171677500957,6.202,4.84886571456344,,20289245,5,rolling_v1|Tsay2020|252|5|0.05|1|NA|1|TRUE|QS|20260821,ok,,0.297999999995227
gfc_2005_2010,The global financial crisis period,193,gfc_2005_2010_w0193,2008-10-24,2009-10-23,2009-04-27,252,349,Tsay2020,1,0.05,TRUE,0.000356797734183956,5.931,4.84886571456344,,20289274,5,rolling_v1|Tsay2020|252|5|0.05|1|NA|1|TRUE|QS|20260821,ok,,0.294000000008964
gfc_2005_2010,The global financial crisis period,194,gfc_2005_2010_w0194,2008-10-31,2009-10-30,2009-05-04,252,349,Tsay2020,1,0.05,TRUE,1.16679909167861e-05,6.678,4.84886571456344,,20289303,5,rolling_v1|Tsay2020|252|5|0.05|1|NA|1|TRUE|QS|20260821,ok,,0.294000000008964
gfc_2005_2010,The global financial crisis period,195,gfc_2005_2010_w0195,2008-11-07,2009-11-06,2009-05-11,252,349,Tsay2020,1,0.05,TRUE,2.51657311689524e-06,7.013,4.84886571456344,,20289332,5,rolling_v1|Tsay2020|252|5|0.05|1|NA|1|TRUE|QS|20260821,ok,,0.293999999994412
gfc_2005_2010,The global financial crisis period,196,gfc_2005_2010_w0196,2008-11-14,2009-11-13,2009-05-18,252,349,Tsay2020,1,0.05,TRUE,8.94089993597191e-07,7.239,4.84886571456344,,20289361,5,rolling_v1|Tsay2020|252|5|0.05|1|NA|1|TRUE|QS|20260821,ok,,0.293000000005122
gfc_2005_2010,The global financial crisis period,197,gfc_2005_2010_w0197,2008-11-21,2009-11-20,2009-05-26,252,349,Tsay2020,1,0.05,TRUE,5.09073813992345e-07,7.362,4.84886571456344,,20289390,5,rolling_v1|Tsay2020|252|5|0.05|1|NA|1|TRUE|QS|20260821,ok,,0.293999999994412
gfc_2005_2010,The global financial crisis period,198,gfc_2005_2010_w0198,2008-12-01,2009-11-30,2009-06-02,252,349,Tsay2020,1,0.05,TRUE,0.00082459056994777,5.748,4.84886571456344,,20289419,5,rolling_v1|Tsay2020|252|5|0.05|1|NA|1|TRUE|QS|20260821,ok,,0.294999999998254
gfc_2005_2010,The global financial crisis period,199,gfc_2005_2010_w0199,2008-12-08,2009-12-07,2009-06-09,252,349,Tsay2020,1,0.05,TRUE,5.95209460207968e-06,6.825,4.84886571456344,,20289448,5,rolling_v1|Tsay2020|252|5|0.05|1|NA|1|TRUE|QS|20260821,ok,,0.294000000008964
gfc_2005_2010,The global financial crisis period,200,gfc_2005_2010_w0200,2008-12-15,2009-12-14,2009-06-16,252,349,Tsay2020,1,0.05,TRUE,0.00126786359985254,5.654,4.84886571456344,,20288962,5,rolling_v1|Tsay2020|252|5|0.05|1|NA|1|TRUE|QS|20260821,ok,,0.294999999998254
gfc_2005_2010,The global financial crisis period,201,gfc_2005_2010_w0201,2008-12-22,2009-12-21,2009-06-23,252,349,Tsay2020,1,0.05,TRUE,0.000225729496058702,6.031,4.84886571456344,,20288991,5,rolling_v1|Tsay2020|252|5|0.05|1|NA|1|TRUE|QS|20260821,ok,,0.294999999998254
gfc_2005_2010,The global financial crisis period,202,gfc_2005_2010_w0202,2008-12-30,2009-12-29,2009-06-30,252,349,Tsay2020,1,0.05,TRUE,0.00130315656468083,5.648,4.84886571456344,,20289020,5,rolling_v1|Tsay2020|252|5|0.05|1|NA|1|TRUE|QS|20260821,ok,,0.293999999994412
gfc_2005_2010,The global financial crisis period,203,gfc_2005_2010_w0203,2009-01-07,2010-01-06,2009-07-08,252,349,Tsay2020,1,0.05,TRUE,0.00381747080847061,5.413,4.84886571456344,,20289049,5,rolling_v1|Tsay2020|252|5|0.05|1|NA|1|TRUE|QS|20260821,ok,,0.294000000008964
gfc_2005_2010,The global financial crisis period,204,gfc_2005_2010_w0204,2009-01-14,2010-01-13,2009-07-15,252,349,Tsay2020,1,0.05,FALSE,0.12612678717959,4.635,4.84886571456344,,20289078,5,rolling_v1|Tsay2020|252|5|0.05|1|NA|1|TRUE|QS|20260821,ok,,0.294999999998254
gfc_2005_2010,The global financial crisis period,205,gfc_2005_2010_w0205,2009-01-22,2010-01-21,2009-07-22,252,349,Tsay2020,1,0.05,TRUE,2.8889470725102e-05,6.48,4.84886571456344,,20289107,5,rolling_v1|Tsay2020|252|5|0.05|1|NA|1|TRUE|QS|20260821,ok,,0.294999999998254
gfc_2005_2010,The global financial crisis period,206,gfc_2005_2010_w0206,2009-01-29,2010-01-28,2009-07-29,252,349,Tsay2020,1,0.05,TRUE,4.4226048886653e-05,6.387,4.84886571456344,,20289136,5,rolling_v1|Tsay2020|252|5|0.05|1|NA|1|TRUE|QS|20260821,ok,,0.294999999998254
gfc_2005_2010,The global financial crisis period,207,gfc_2005_2010_w0207,2009-02-05,2010-02-04,2009-08-05,252,349,Tsay2020,1,0.05,TRUE,0.00946842328623743,5.214,4.84886571456344,,20289165,5,rolling_v1|Tsay2020|252|5|0.05|1|NA|1|TRUE|QS|20260821,ok,,0.296999999991385
gfc_2005_2010,The global financial crisis period,208,gfc_2005_2010_w0208,2009-02-12,2010-02-11,2009-08-12,252,349,Tsay2020,1,0.05,FALSE,0.31105072670329,4.413,4.84886571456344,,20289194,5,rolling_v1|Tsay2020|252|5|0.05|1|NA|1|TRUE|QS|20260821,ok,,0.297000000005937
gfc_2005_2010,The global financial crisis period,209,gfc_2005_2010_w0209,2009-02-20,2010-02-19,2009-08-19,252,349,Tsay2020,1,0.05,FALSE,0.261554398574306,4.458,4.84886571456344,,20289223,5,rolling_v1|Tsay2020|252|5|0.05|1|NA|1|TRUE|QS|20260821,ok,,0.296999999991385
gfc_2005_2010,The global financial crisis period,210,gfc_2005_2010_w0210,2009-02-27,2010-02-26,2009-08-26,252,349,Tsay2020,1,0.05,TRUE,0.00299610893642022,5.466,4.84886571456344,,20288990,5,rolling_v1|Tsay2020|252|5|0.05|1|NA|1|TRUE|QS|20260821,ok,,0.297999999995227
gfc_2005_2010,The global financial crisis period,211,gfc_2005_2010_w0211,2009-03-06,2010-03-05,2009-09-02,252,349,Tsay2020,1,0.05,FALSE,0.0546733302526242,4.826,4.84886571456344,,20289019,5,rolling_v1|Tsay2020|252|5|0.05|1|NA|1|TRUE|QS|20260821,ok,,0.485999999989872
gfc_2005_2010,The global financial crisis period,212,gfc_2005_2010_w0212,2009-03-13,2010-03-12,2009-09-10,252,349,Tsay2020,1,0.05,FALSE,0.666412748675801,4.177,4.84886571456344,,20289048,5,rolling_v1|Tsay2020|252|5|0.05|1|NA|1|TRUE|QS|20260821,ok,,0.389999999999418
gfc_2005_2010,The global financial crisis period,213,gfc_2005_2010_w0213,2009-03-20,2010-03-19,2009-09-17,252,349,Tsay2020,1,0.05,FALSE,0.132191849250417,4.624,4.84886571456344,,20289077,5,rolling_v1|Tsay2020|252|5|0.05|1|NA|1|TRUE|QS|20260821,ok,,0.392999999996391
gfc_2005_2010,The global financial crisis period,214,gfc_2005_2010_w0214,2009-03-27,2010-03-26,2009-09-24,252,349,Tsay2020,1,0.05,FALSE,0.350390794954163,4.381,4.84886571456344,,20289106,5,rolling_v1|Tsay2020|252|5|0.05|1|NA|1|TRUE|QS|20260821,ok,,0.368999999991502
gfc_2005_2010,The global financial crisis period,215,gfc_2005_2010_w0215,2009-04-03,2010-04-05,2009-10-01,252,349,Tsay2020,1,0.05,FALSE,0.112317422263882,4.662,4.84886571456344,,20289135,5,rolling_v1|Tsay2020|252|5|0.05|1|NA|1|TRUE|QS|20260821,ok,,0.330000000001746
gfc_2005_2010,The global financial crisis period,216,gfc_2005_2010_w0216,2009-04-13,2010-04-12,2009-10-08,252,349,Tsay2020,1,0.05,FALSE,0.140895971800513,4.609,4.84886571456344,,20289164,5,rolling_v1|Tsay2020|252|5|0.05|1|NA|1|TRUE|QS|20260821,ok,,0.301000000006752
gfc_2005_2010,The global financial crisis period,217,gfc_2005_2010_w0217,2009-04-20,2010-04-19,2009-10-15,252,349,Tsay2020,1,0.05,FALSE,0.964027016547712,3.935,4.84886571456344,,20289193,5,rolling_v1|Tsay2020|252|5|0.05|1|NA|1|TRUE|QS|20260821,ok,,0.301999999996042
gfc_2005_2010,The global financial crisis period,218,gfc_2005_2010_w0218,2009-04-27,2010-04-26,2009-10-22,252,349,Tsay2020,1,0.05,FALSE,0.908476801798859,4.007,4.84886571456344,,20289222,5,rolling_v1|Tsay2020|252|5|0.05|1|NA|1|TRUE|QS|20260821,ok,,0.301999999996042
gfc_2005_2010,The global financial crisis period,219,gfc_2005_2010_w0219,2009-05-04,2010-05-03,2009-10-29,252,349,Tsay2020,1,0.05,TRUE,0.0331063664646046,4.938,4.84886571456344,,20289251,5,rolling_v1|Tsay2020|252|5|0.05|1|NA|1|TRUE|QS|20260821,ok,,0.3009999999922
gfc_2005_2010,The global financial crisis period,220,gfc_2005_2010_w0220,2009-05-11,2010-05-10,2009-11-05,252,349,Tsay2020,1,0.05,FALSE,0.314592108236162,4.41,4.84886571456344,,20289018,5,rolling_v1|Tsay2020|252|5|0.05|1|NA|1|TRUE|QS|20260821,ok,,0.30000000000291
gfc_2005_2010,The global financial crisis period,221,gfc_2005_2010_w0221,2009-05-18,2010-05-17,2009-11-12,252,349,Tsay2020,1,0.05,FALSE,0.350390794954163,4.381,4.84886571456344,,20289047,5,rolling_v1|Tsay2020|252|5|0.05|1|NA|1|TRUE|QS|20260821,ok,,0.30000000000291
gfc_2005_2010,The global financial crisis period,222,gfc_2005_2010_w0222,2009-05-26,2010-05-24,2009-11-19,252,349,Tsay2020,1,0.05,FALSE,0.838794248162694,4.066,4.84886571456344,,20289076,5,rolling_v1|Tsay2020|252|5|0.05|1|NA|1|TRUE|QS|20260821,ok,,0.30000000000291
gfc_2005_2010,The global financial crisis period,223,gfc_2005_2010_w0223,2009-06-02,2010-06-01,2009-11-27,252,349,Tsay2020,1,0.05,FALSE,0.536117050587063,4.255,4.84886571456344,,20289105,5,rolling_v1|Tsay2020|252|5|0.05|1|NA|1|TRUE|QS|20260821,ok,,0.292000000001281
gfc_2005_2010,The global financial crisis period,224,gfc_2005_2010_w0224,2009-06-09,2010-06-08,2009-12-04,252,349,Tsay2020,1,0.05,FALSE,0.233180300174708,4.487,4.84886571456344,,20289134,5,rolling_v1|Tsay2020|252|5|0.05|1|NA|1|TRUE|QS|20260821,ok,,0.290000000008149
gfc_2005_2010,The global financial crisis period,225,gfc_2005_2010_w0225,2009-06-16,2010-06-15,2009-12-11,252,349,Tsay2020,1,0.05,FALSE,0.518279822709167,4.266,4.84886571456344,,20289163,5,rolling_v1|Tsay2020|252|5|0.05|1|NA|1|TRUE|QS|20260821,ok,,0.290000000008149
gfc_2005_2010,The global financial crisis period,226,gfc_2005_2010_w0226,2009-06-23,2010-06-22,2009-12-18,252,349,Tsay2020,1,0.05,TRUE,0.038401729306315,4.905,4.84886571456344,,20289192,5,rolling_v1|Tsay2020|252|5|0.05|1|NA|1|TRUE|QS|20260821,ok,,0.290000000008149
gfc_2005_2010,The global financial crisis period,227,gfc_2005_2010_w0227,2009-06-30,2010-06-29,2009-12-28,252,349,Tsay2020,1,0.05,TRUE,0.0337078954524709,4.934,4.84886571456344,,20289221,5,rolling_v1|Tsay2020|252|5|0.05|1|NA|1|TRUE|QS|20260821,ok,,0.290999999997439
gfc_2005_2010,The global financial crisis period,228,gfc_2005_2010_w0228,2009-07-08,2010-07-07,2010-01-05,252,349,Tsay2020,1,0.05,FALSE,0.582385679645861,4.227,4.84886571456344,,20289250,5,rolling_v1|Tsay2020|252|5|0.05|1|NA|1|TRUE|QS|20260821,ok,,0.290999999997439
gfc_2005_2010,The global financial crisis period,229,gfc_2005_2010_w0229,2009-07-15,2010-07-14,2010-01-12,252,349,Tsay2020,1,0.05,FALSE,0.706353478224573,4.153,4.84886571456344,,20289279,5,rolling_v1|Tsay2020|252|5|0.05|1|NA|1|TRUE|QS|20260821,ok,,0.292000000001281
gfc_2005_2010,The global financial crisis period,230,gfc_2005_2010_w0230,2009-07-22,2010-07-21,2010-01-20,252,349,Tsay2020,1,0.05,FALSE,0.944144041411218,3.966,4.84886571456344,,20289046,5,rolling_v1|Tsay2020|252|5|0.05|1|NA|1|TRUE|QS|20260821,ok,,0.293000000005122
gfc_2005_2010,The global financial crisis period,231,gfc_2005_2010_w0231,2009-07-29,2010-07-28,2010-01-27,252,349,Tsay2020,1,0.05,FALSE,0.286007432732027,4.435,4.84886571456344,,20289075,5,rolling_v1|Tsay2020|252|5|0.05|1|NA|1|TRUE|QS|20260821,ok,,0.290999999997439
gfc_2005_2010,The global financial crisis period,232,gfc_2005_2010_w0232,2009-08-05,2010-08-04,2010-02-03,252,349,Tsay2020,1,0.05,FALSE,0.374025739436093,4.363,4.84886571456344,,20289104,5,rolling_v1|Tsay2020|252|5|0.05|1|NA|1|TRUE|QS|20260821,ok,,0.309999999997672
gfc_2005_2010,The global financial crisis period,233,gfc_2005_2010_w0233,2009-08-12,2010-08-11,2010-02-10,252,349,Tsay2020,1,0.05,FALSE,0.320561969456254,4.405,4.84886571456344,,20289133,5,rolling_v1|Tsay2020|252|5|0.05|1|NA|1|TRUE|QS|20260821,ok,,0.29299999999057
gfc_2005_2010,The global financial crisis period,234,gfc_2005_2010_w0234,2009-08-19,2010-08-18,2010-02-18,252,349,Tsay2020,1,0.05,FALSE,0.129402352539451,4.629,4.84886571456344,,20289162,5,rolling_v1|Tsay2020|252|5|0.05|1|NA|1|TRUE|QS|20260821,ok,,0.294000000008964
gfc_2005_2010,The global financial crisis period,235,gfc_2005_2010_w0235,2009-08-26,2010-08-25,2010-02-25,252,349,Tsay2020,1,0.05,TRUE,0.0396274394185995,4.898,4.84886571456344,,20289191,5,rolling_v1|Tsay2020|252|5|0.05|1|NA|1|TRUE|QS|20260821,ok,,0.294000000008964
gfc_2005_2010,The global financial crisis period,236,gfc_2005_2010_w0236,2009-09-02,2010-09-01,2010-03-04,252,349,Tsay2020,1,0.05,FALSE,0.617616688613035,4.206,4.84886571456344,,20289220,5,rolling_v1|Tsay2020|252|5|0.05|1|NA|1|TRUE|QS|20260821,ok,,0.293000000005122
gfc_2005_2010,The global financial crisis period,237,gfc_2005_2010_w0237,2009-09-10,2010-09-09,2010-03-11,252,349,Tsay2020,1,0.05,FALSE,0.248501142785803,4.471,4.84886571456344,,20289249,5,rolling_v1|Tsay2020|252|5|0.05|1|NA|1|TRUE|QS|20260821,ok,,0.293000000005122
gfc_2005_2010,The global financial crisis period,238,gfc_2005_2010_w0238,2009-09-17,2010-09-16,2010-03-18,252,349,Tsay2020,1,0.05,TRUE,0.0183098804061861,5.069,4.84886571456344,,20289278,5,rolling_v1|Tsay2020|252|5|0.05|1|NA|1|TRUE|QS|20260821,ok,,0.29299999999057
gfc_2005_2010,The global financial crisis period,239,gfc_2005_2010_w0239,2009-09-24,2010-09-23,2010-03-25,252,349,Tsay2020,1,0.05,FALSE,0.155918409646272,4.585,4.84886571456344,,20289307,5,rolling_v1|Tsay2020|252|5|0.05|1|NA|1|TRUE|QS|20260821,ok,,0.293999999994412
gfc_2005_2010,The global financial crisis period,240,gfc_2005_2010_w0240,2009-10-01,2010-09-30,2010-04-01,252,349,Tsay2020,1,0.05,FALSE,0.0755359077250816,4.753,4.84886571456344,,20289074,5,rolling_v1|Tsay2020|252|5|0.05|1|NA|1|TRUE|QS|20260821,ok,,0.294000000008964
gfc_2005_2010,The global financial crisis period,241,gfc_2005_2010_w0241,2009-10-08,2010-10-07,2010-04-09,252,349,Tsay2020,1,0.05,FALSE,0.266721584564327,4.453,4.84886571456344,,20289103,5,rolling_v1|Tsay2020|252|5|0.05|1|NA|1|TRUE|QS|20260821,ok,,0.293999999994412
gfc_2005_2010,The global financial crisis period,242,gfc_2005_2010_w0242,2009-10-15,2010-10-14,2010-04-16,252,349,Tsay2020,1,0.05,FALSE,0.0850419360845788,4.726,4.84886571456344,,20289132,5,rolling_v1|Tsay2020|252|5|0.05|1|NA|1|TRUE|QS|20260821,ok,,0.293999999994412
gfc_2005_2010,The global financial crisis period,243,gfc_2005_2010_w0243,2009-10-22,2010-10-21,2010-04-23,252,349,Tsay2020,1,0.05,FALSE,0.651294358275401,4.186,4.84886571456344,,20289161,5,rolling_v1|Tsay2020|252|5|0.05|1|NA|1|TRUE|QS|20260821,ok,,0.293000000005122
gfc_2005_2010,The global financial crisis period,244,gfc_2005_2010_w0244,2009-10-29,2010-10-28,2010-04-30,252,349,Tsay2020,1,0.05,FALSE,0.541019462421035,4.252,4.84886571456344,,20289190,5,rolling_v1|Tsay2020|252|5|0.05|1|NA|1|TRUE|QS|20260821,ok,,0.294000000008964
gfc_2005_2010,The global financial crisis period,245,gfc_2005_2010_w0245,2009-11-05,2010-11-04,2010-05-07,252,349,Tsay2020,1,0.05,FALSE,0.12612678717959,4.635,4.84886571456344,,20289219,5,rolling_v1|Tsay2020|252|5|0.05|1|NA|1|TRUE|QS|20260821,ok,,0.332999999998719
gfc_2005_2010,The global financial crisis period,246,gfc_2005_2010_w0246,2009-11-12,2010-11-11,2010-05-14,252,349,Tsay2020,1,0.05,FALSE,0.362074256438309,4.372,4.84886571456344,,20289248,5,rolling_v1|Tsay2020|252|5|0.05|1|NA|1|TRUE|QS|20260821,ok,,0.475000000005821
gfc_2005_2010,The global financial crisis period,247,gfc_2005_2010_w0247,2009-11-19,2010-11-18,2010-05-21,252,349,Tsay2020,1,0.05,FALSE,0.24459453431996,4.475,4.84886571456344,,20289277,5,rolling_v1|Tsay2020|252|5|0.05|1|NA|1|TRUE|QS|20260821,ok,,0.591000000000349
gfc_2005_2010,The global financial crisis period,248,gfc_2005_2010_w0248,2009-11-27,2010-11-26,2010-05-28,252,349,Tsay2020,1,0.05,FALSE,0.895995230714358,4.019,4.84886571456344,,20289306,5,rolling_v1|Tsay2020|252|5|0.05|1|NA|1|TRUE|QS|20260821,ok,,0.884999999994761
gfc_2005_2010,The global financial crisis period,249,gfc_2005_2010_w0249,2009-12-04,2010-12-03,2010-06-07,252,349,Tsay2020,1,0.05,FALSE,0.602483869270468,4.215,4.84886571456344,,20289335,5,rolling_v1|Tsay2020|252|5|0.05|1|NA|1|TRUE|QS|20260821,ok,,0.760999999998603
gfc_2005_2010,The global financial crisis period,250,gfc_2005_2010_w0250,2009-12-11,2010-12-10,2010-06-14,252,349,Tsay2020,1,0.05,FALSE,0.903386751818185,4.012,4.84886571456344,,20289102,5,rolling_v1|Tsay2020|252|5|0.05|1|NA|1|TRUE|QS|20260821,ok,,0.777000000001863
gfc_2005_2010,The global financial crisis period,251,gfc_2005_2010_w0251,2009-12-18,2010-12-17,2010-06-21,252,349,Tsay2020,1,0.05,FALSE,0.823674561327833,4.077,4.84886571456344,,20289131,5,rolling_v1|Tsay2020|252|5|0.05|1|NA|1|TRUE|QS|20260821,ok,,1.09299999999348
gfc_2005_2010,The global financial crisis period,252,gfc_2005_2010_w0252,2009-12-28,2010-12-27,2010-06-28,252,349,Tsay2020,1,0.05,FALSE,0.415749502601336,4.333,4.84886571456344,,20289160,5,rolling_v1|Tsay2020|252|5|0.05|1|NA|1|TRUE|QS|20260821,ok,,1.1759999999922
gfc_2005_2010,The global financial crisis period,1,gfc_2005_2010_w0001,2005-01-03,2005-12-30,2005-07-01,252,349,Wang2022,1,0.05,FALSE,0.1824,0.000216879941572108,0.000231805763308721,1250,20288869,5,rolling_v1|Wang2022|252|5|0.05|1|1250|1|TRUE|QS|20260821,ok,,165.824999999997
gfc_2005_2010,The global financial crisis period,2,gfc_2005_2010_w0002,2005-01-10,2006-01-09,2005-07-11,252,349,Wang2022,1,0.05,FALSE,0.1376,0.00022066956044469,0.00022928146072483,1250,20288898,5,rolling_v1|Wang2022|252|5|0.05|1|1250|1|TRUE|QS|20260821,ok,,140.284
gfc_2005_2010,The global financial crisis period,3,gfc_2005_2010_w0003,2005-01-18,2006-01-17,2005-07-18,252,349,Wang2022,1,0.05,FALSE,0.1296,0.000219720712833015,0.000230044643383499,1250,20288927,5,rolling_v1|Wang2022|252|5|0.05|1|1250|1|TRUE|QS|20260821,ok,,136.671999999991
gfc_2005_2010,The global financial crisis period,4,gfc_2005_2010_w0004,2005-01-25,2006-01-24,2005-07-25,252,349,Wang2022,1,0.05,FALSE,0.084,0.000223186603403344,0.000229709975139073,1250,20288956,5,rolling_v1|Wang2022|252|5|0.05|1|1250|1|TRUE|QS|20260821,ok,,205.309999999998
gfc_2005_2010,The global financial crisis period,5,gfc_2005_2010_w0005,2005-02-01,2006-01-31,2005-08-01,252,349,Wang2022,1,0.05,FALSE,0.0816,0.000224741078490494,0.000229144197482876,1250,20288985,5,rolling_v1|Wang2022|252|5|0.05|1|1250|1|TRUE|QS|20260821,ok,,138.793999999994
gfc_2005_2010,The global financial crisis period,6,gfc_2005_2010_w0006,2005-02-08,2006-02-07,2005-08-08,252,349,Wang2022,1,0.05,FALSE,0.0944,0.000223947710894943,0.000230450832895443,1250,20289014,5,rolling_v1|Wang2022|252|5|0.05|1|1250|1|TRUE|QS|20260821,ok,,136.269
gfc_2005_2010,The global financial crisis period,7,gfc_2005_2010_w0007,2005-02-15,2006-02-14,2005-08-15,252,349,Wang2022,1,0.05,FALSE,0.0784,0.000225006113252444,0.0002302619280376,1250,20289043,5,rolling_v1|Wang2022|252|5|0.05|1|1250|1|TRUE|QS|20260821,ok,,205.058999999994
gfc_2005_2010,The global financial crisis period,8,gfc_2005_2010_w0008,2005-02-23,2006-02-22,2005-08-22,252,349,Wang2022,1,0.05,FALSE,0.0992,0.000224681021792954,0.000233318852628197,1250,20289072,5,rolling_v1|Wang2022|252|5|0.05|1|1250|1|TRUE|QS|20260821,ok,,157.989000000001
gfc_2005_2010,The global financial crisis period,9,gfc_2005_2010_w0009,2005-03-02,2006-03-01,2005-08-29,252,349,Wang2022,1,0.05,FALSE,0.064,0.000229389651131355,0.000231725237969653,1250,20289101,5,rolling_v1|Wang2022|252|5|0.05|1|1250|1|TRUE|QS|20260821,ok,,178.436999999991
gfc_2005_2010,The global financial crisis period,10,gfc_2005_2010_w0010,2005-03-09,2006-03-08,2005-09-06,252,349,Wang2022,1,0.05,TRUE,0.0448,0.000232388392854686,0.000230753773611242,1250,20288868,5,rolling_v1|Wang2022|252|5|0.05|1|1250|1|TRUE|QS|20260821,ok,,206.699000000008
gfc_2005_2010,The global financial crisis period,11,gfc_2005_2010_w0011,2005-03-16,2006-03-15,2005-09-13,252,349,Wang2022,1,0.05,TRUE,0.0464,0.000229873460971119,0.000228928223227715,1250,20288897,5,rolling_v1|Wang2022|252|5|0.05|1|1250|1|TRUE|QS|20260821,ok,,136.233999999997
gfc_2005_2010,The global financial crisis period,12,gfc_2005_2010_w0012,2005-03-23,2006-03-22,2005-09-20,252,349,Wang2022,1,0.05,FALSE,0.0528,0.000232514331570523,0.000232878025426647,1250,20288926,5,rolling_v1|Wang2022|252|5|0.05|1|1250|1|TRUE|QS|20260821,ok,,136.496999999988
gfc_2005_2010,The global financial crisis period,13,gfc_2005_2010_w0013,2005-03-31,2006-03-29,2005-09-27,252,349,Wang2022,1,0.05,FALSE,0.0648,0.000231241472205713,0.00023354144017954,1250,20288955,5,rolling_v1|Wang2022|252|5|0.05|1|1250|1|TRUE|QS|20260821,ok,,136.597000000009
gfc_2005_2010,The global financial crisis period,14,gfc_2005_2010_w0014,2005-04-07,2006-04-05,2005-10-04,252,349,Wang2022,1,0.05,FALSE,0.068,0.000230367786032242,0.000234665057929844,1250,20288984,5,rolling_v1|Wang2022|252|5|0.05|1|1250|1|TRUE|QS|20260821,ok,,193.714999999997
gfc_2005_2010,The global financial crisis period,15,gfc_2005_2010_w0015,2005-04-14,2006-04-12,2005-10-11,252,349,Wang2022,1,0.05,TRUE,0.04,0.000230839493927473,0.000228339689665473,1250,20289013,5,rolling_v1|Wang2022|252|5|0.05|1|1250|1|TRUE|QS|20260821,ok,,204.032999999996
gfc_2005_2010,The global financial crisis period,16,gfc_2005_2010_w0016,2005-04-21,2006-04-20,2005-10-18,252,349,Wang2022,1,0.05,TRUE,0.0424,0.000226527178397359,0.000224992637249761,1250,20289042,5,rolling_v1|Wang2022|252|5|0.05|1|1250|1|TRUE|QS|20260821,ok,,136.508000000002
gfc_2005_2010,The global financial crisis period,17,gfc_2005_2010_w0017,2005-04-28,2006-04-27,2005-10-25,252,349,Wang2022,1,0.05,FALSE,0.1136,0.000216548589273581,0.000222764853084354,1250,20289071,5,rolling_v1|Wang2022|252|5|0.05|1|1250|1|TRUE|QS|20260821,ok,,138.581000000006
gfc_2005_2010,The global financial crisis period,18,gfc_2005_2010_w0018,2005-05-05,2006-05-04,2005-11-01,252,349,Wang2022,1,0.05,FALSE,0.1776,0.000214527398633852,0.000223060698251519,1250,20289100,5,rolling_v1|Wang2022|252|5|0.05|1|1250|1|TRUE|QS|20260821,ok,,171.808999999994
gfc_2005_2010,The global financial crisis period,19,gfc_2005_2010_w0019,2005-05-12,2006-05-11,2005-11-08,252,349,Wang2022,1,0.05,FALSE,0.3,0.000210553270252687,0.000221664750046995,1250,20289129,5,rolling_v1|Wang2022|252|5|0.05|1|1250|1|TRUE|QS|20260821,ok,,207.851999999999
gfc_2005_2010,The global financial crisis period,20,gfc_2005_2010_w0020,2005-05-19,2006-05-18,2005-11-15,252,349,Wang2022,1,0.05,FALSE,0.2592,0.000211693826796117,0.00022401148353363,1250,20288896,5,rolling_v1|Wang2022|252|5|0.05|1|1250|1|TRUE|QS|20260821,ok,,206.437999999995
gfc_2005_2010,The global financial crisis period,21,gfc_2005_2010_w0021,2005-05-26,2006-05-25,2005-11-22,252,349,Wang2022,1,0.05,FALSE,0.284,0.000210153091048112,0.000221682543008279,1250,20288925,5,rolling_v1|Wang2022|252|5|0.05|1|1250|1|TRUE|QS|20260821,ok,,166.303999999989
gfc_2005_2010,The global financial crisis period,22,gfc_2005_2010_w0022,2005-06-03,2006-06-02,2005-11-30,252,349,Wang2022,1,0.05,FALSE,0.3016,0.000209494202948993,0.000222360764246611,1250,20288954,5,rolling_v1|Wang2022|252|5|0.05|1|1250|1|TRUE|QS|20260821,ok,,138.804999999993
gfc_2005_2010,The global financial crisis period,23,gfc_2005_2010_w0023,2005-06-10,2006-06-09,2005-12-07,252,349,Wang2022,1,0.05,FALSE,0.3096,0.000209211285091863,0.000222874746959754,1250,20288983,5,rolling_v1|Wang2022|252|5|0.05|1|1250|1|TRUE|QS|20260821,ok,,199.337
gfc_2005_2010,The global financial crisis period,24,gfc_2005_2010_w0024,2005-06-17,2006-06-16,2005-12-14,252,349,Wang2022,1,0.05,FALSE,0.3304,0.000208211357742571,0.000222302308659842,1250,20289012,5,rolling_v1|Wang2022|252|5|0.05|1|1250|1|TRUE|QS|20260821,ok,,183.820999999996
gfc_2005_2010,The global financial crisis period,25,gfc_2005_2010_w0025,2005-06-24,2006-06-23,2005-12-21,252,349,Wang2022,1,0.05,FALSE,0.3,0.000207954580429672,0.000221897972871949,1250,20289041,5,rolling_v1|Wang2022|252|5|0.05|1|1250|1|TRUE|QS|20260821,ok,,202.604999999996
gfc_2005_2010,The global financial crisis period,26,gfc_2005_2010_w0026,2005-07-01,2006-06-30,2005-12-29,252,349,Wang2022,1,0.05,FALSE,0.2984,0.000208037631371099,0.00022203424338402,1250,20289070,5,rolling_v1|Wang2022|252|5|0.05|1|1250|1|TRUE|QS|20260821,ok,,136.048999999999
gfc_2005_2010,The global financial crisis period,27,gfc_2005_2010_w0027,2005-07-11,2006-07-10,2006-01-06,252,349,Wang2022,1,0.05,FALSE,0.224,0.000209861669800853,0.000220613453926936,1250,20289099,5,rolling_v1|Wang2022|252|5|0.05|1|1250|1|TRUE|QS|20260821,ok,,173.300999999992
gfc_2005_2010,The global financial crisis period,28,gfc_2005_2010_w0028,2005-07-18,2006-07-17,2006-01-13,252,349,Wang2022,1,0.05,FALSE,0.2488,0.000208309915626271,0.000220140695589737,1250,20289128,5,rolling_v1|Wang2022|252|5|0.05|1|1250|1|TRUE|QS|20260821,ok,,203.311000000002
gfc_2005_2010,The global financial crisis period,29,gfc_2005_2010_w0029,2005-07-25,2006-07-24,2006-01-23,252,349,Wang2022,1,0.05,FALSE,0.3824,0.000206675913942672,0.000224398395601825,1250,20289157,5,rolling_v1|Wang2022|252|5|0.05|1|1250|1|TRUE|QS|20260821,ok,,143.686000000002
gfc_2005_2010,The global financial crisis period,30,gfc_2005_2010_w0030,2005-08-01,2006-07-31,2006-01-30,252,349,Wang2022,1,0.05,FALSE,0.3352,0.000208719843212634,0.000223710105822505,1250,20288924,5,rolling_v1|Wang2022|252|5|0.05|1|1250|1|TRUE|QS|20260821,ok,,204.434999999998
gfc_2005_2010,The global financial crisis period,31,gfc_2005_2010_w0031,2005-08-08,2006-08-07,2006-02-06,252,349,Wang2022,1,0.05,FALSE,0.3656,0.000208250109792226,0.000226012418500863,1250,20288953,5,rolling_v1|Wang2022|252|5|0.05|1|1250|1|TRUE|QS|20260821,ok,,166.497999999992
gfc_2005_2010,The global financial crisis period,32,gfc_2005_2010_w0032,2005-08-15,2006-08-14,2006-02-13,252,349,Wang2022,1,0.05,FALSE,0.3848,0.000207731303309586,0.00022456733276944,1250,20288982,5,rolling_v1|Wang2022|252|5|0.05|1|1250|1|TRUE|QS|20260821,ok,,135.845000000001
gfc_2005_2010,The global financial crisis period,33,gfc_2005_2010_w0033,2005-08-22,2006-08-21,2006-02-21,252,349,Wang2022,1,0.05,FALSE,0.476,0.000206088030261927,0.000225103205877779,1250,20289011,5,rolling_v1|Wang2022|252|5|0.05|1|1250|1|TRUE|QS|20260821,ok,,177.078999999998
gfc_2005_2010,The global financial crisis period,34,gfc_2005_2010_w0034,2005-08-29,2006-08-28,2006-02-28,252,349,Wang2022,1,0.05,FALSE,0.488,0.000205471697790488,0.000223748544773636,1250,20289040,5,rolling_v1|Wang2022|252|5|0.05|1|1250|1|TRUE|QS|20260821,ok,,135.771000000008
gfc_2005_2010,The global financial crisis period,35,gfc_2005_2010_w0035,2005-09-06,2006-09-05,2006-03-07,252,349,Wang2022,1,0.05,FALSE,0.5088,0.000205770363873357,0.000224661162851952,1250,20289069,5,rolling_v1|Wang2022|252|5|0.05|1|1250|1|TRUE|QS|20260821,ok,,135.926999999996
gfc_2005_2010,The global financial crisis period,36,gfc_2005_2010_w0036,2005-09-13,2006-09-12,2006-03-14,252,349,Wang2022,1,0.05,FALSE,0.5072,0.000205125936184168,0.000226170894499718,1250,20289098,5,rolling_v1|Wang2022|252|5|0.05|1|1250|1|TRUE|QS|20260821,ok,,194.877999999997
gfc_2005_2010,The global financial crisis period,37,gfc_2005_2010_w0037,2005-09-20,2006-09-19,2006-03-21,252,349,Wang2022,1,0.05,FALSE,0.5048,0.0002054753216467,0.000226698097321626,1250,20289127,5,rolling_v1|Wang2022|252|5|0.05|1|1250|1|TRUE|QS|20260821,ok,,135.877000000008
gfc_2005_2010,The global financial crisis period,38,gfc_2005_2010_w0038,2005-09-27,2006-09-26,2006-03-28,252,349,Wang2022,1,0.05,FALSE,0.4472,0.000206673845470172,0.000224473557426187,1250,20289156,5,rolling_v1|Wang2022|252|5|0.05|1|1250|1|TRUE|QS|20260821,ok,,135.953999999998
gfc_2005_2010,The global financial crisis period,39,gfc_2005_2010_w0039,2005-10-04,2006-10-03,2006-04-04,252,349,Wang2022,1,0.05,FALSE,0.4592,0.000206104125616944,0.000224652264804063,1250,20289185,5,rolling_v1|Wang2022|252|5|0.05|1|1250|1|TRUE|QS|20260821,ok,,136.188999999999
gfc_2005_2010,The global financial crisis period,40,gfc_2005_2010_w0040,2005-10-11,2006-10-10,2006-04-11,252,349,Wang2022,1,0.05,FALSE,0.3312,0.000208887810587406,0.000221875364131861,1250,20288952,5,rolling_v1|Wang2022|252|5|0.05|1|1250|1|TRUE|QS|20260821,ok,,144.787000000011
gfc_2005_2010,The global financial crisis period,41,gfc_2005_2010_w0041,2005-10-18,2006-10-17,2006-04-19,252,349,Wang2022,1,0.05,FALSE,0.3184,0.00020871616467479,0.000223805921978139,1250,20288981,5,rolling_v1|Wang2022|252|5|0.05|1|1250|1|TRUE|QS|20260821,ok,,136.243999999992
gfc_2005_2010,The global financial crisis period,42,gfc_2005_2010_w0042,2005-10-25,2006-10-24,2006-04-26,252,349,Wang2022,1,0.05,FALSE,0.3424,0.000207196862873957,0.00022234882944457,1250,20289010,5,rolling_v1|Wang2022|252|5|0.05|1|1250|1|TRUE|QS|20260821,ok,,135.717999999993
gfc_2005_2010,The global financial crisis period,43,gfc_2005_2010_w0043,2005-11-01,2006-10-31,2006-05-03,252,349,Wang2022,1,0.05,FALSE,0.3144,0.00020636800304795,0.000219977791905079,1250,20289039,5,rolling_v1|Wang2022|252|5|0.05|1|1250|1|TRUE|QS|20260821,ok,,166.172999999995
gfc_2005_2010,The global financial crisis period,44,gfc_2005_2010_w0044,2005-11-08,2006-11-07,2006-05-10,252,349,Wang2022,1,0.05,FALSE,0.388,0.000205470756644698,0.000220925093845725,1250,20289068,5,rolling_v1|Wang2022|252|5|0.05|1|1250|1|TRUE|QS|20260821,ok,,136.148000000001
gfc_2005_2010,The global financial crisis period,45,gfc_2005_2010_w0045,2005-11-15,2006-11-14,2006-05-17,252,349,Wang2022,1,0.05,FALSE,0.36,0.00020574993013288,0.000218125244386663,1250,20289097,5,rolling_v1|Wang2022|252|5|0.05|1|1250|1|TRUE|QS|20260821,ok,,135.754000000001
gfc_2005_2010,The global financial crisis period,46,gfc_2005_2010_w0046,2005-11-22,2006-11-21,2006-05-24,252,349,Wang2022,1,0.05,FALSE,0.348,0.000206661876039328,0.00022002240850388,1250,20289126,5,rolling_v1|Wang2022|252|5|0.05|1|1250|1|TRUE|QS|20260821,ok,,178.781000000003
gfc_2005_2010,The global financial crisis period,47,gfc_2005_2010_w0047,2005-11-30,2006-11-29,2006-06-01,252,349,Wang2022,1,0.05,FALSE,0.3192,0.000206535906138117,0.000220523517177406,1250,20289155,5,rolling_v1|Wang2022|252|5|0.05|1|1250|1|TRUE|QS|20260821,ok,,193.483000000007
gfc_2005_2010,The global financial crisis period,48,gfc_2005_2010_w0048,2005-12-07,2006-12-06,2006-06-08,252,349,Wang2022,1,0.05,FALSE,0.256,0.000207970715936677,0.000219461766825014,1250,20289184,5,rolling_v1|Wang2022|252|5|0.05|1|1250|1|TRUE|QS|20260821,ok,,161.502000000008
gfc_2005_2010,The global financial crisis period,49,gfc_2005_2010_w0049,2005-12-14,2006-12-13,2006-06-15,252,349,Wang2022,1,0.05,FALSE,0.2384,0.000208892939640522,0.00021886166463187,1250,20289213,5,rolling_v1|Wang2022|252|5|0.05|1|1250|1|TRUE|QS|20260821,ok,,135.69200000001
gfc_2005_2010,The global financial crisis period,50,gfc_2005_2010_w0050,2005-12-21,2006-12-20,2006-06-22,252,349,Wang2022,1,0.05,FALSE,0.2576,0.000209007251615791,0.000219925837322031,1250,20288980,5,rolling_v1|Wang2022|252|5|0.05|1|1250|1|TRUE|QS|20260821,ok,,207.25
gfc_2005_2010,The global financial crisis period,51,gfc_2005_2010_w0051,2005-12-29,2006-12-28,2006-06-29,252,349,Wang2022,1,0.05,FALSE,0.1912,0.000210395278003071,0.000220006070911877,1250,20289009,5,rolling_v1|Wang2022|252|5|0.05|1|1250|1|TRUE|QS|20260821,ok,,136.351999999999
gfc_2005_2010,The global financial crisis period,52,gfc_2005_2010_w0052,2006-01-06,2007-01-08,2006-07-07,252,349,Wang2022,1,0.05,FALSE,0.1944,0.000210402486750996,0.00021939112357561,1250,20289038,5,rolling_v1|Wang2022|252|5|0.05|1|1250|1|TRUE|QS|20260821,ok,,167.320000000007
gfc_2005_2010,The global financial crisis period,53,gfc_2005_2010_w0053,2006-01-13,2007-01-16,2006-07-14,252,349,Wang2022,1,0.05,FALSE,0.1968,0.000211676085538351,0.00022171791184482,1250,20289067,5,rolling_v1|Wang2022|252|5|0.05|1|1250|1|TRUE|QS|20260821,ok,,153.130999999994
gfc_2005_2010,The global financial crisis period,54,gfc_2005_2010_w0054,2006-01-23,2007-01-23,2006-07-21,252,349,Wang2022,1,0.05,FALSE,0.184,0.000211714700697138,0.000221437937301441,1250,20289096,5,rolling_v1|Wang2022|252|5|0.05|1|1250|1|TRUE|QS|20260821,ok,,153.363000000012
gfc_2005_2010,The global financial crisis period,55,gfc_2005_2010_w0055,2006-01-30,2007-01-30,2006-07-28,252,349,Wang2022,1,0.05,FALSE,0.22,0.00020965730394097,0.000219237977499603,1250,20289125,5,rolling_v1|Wang2022|252|5|0.05|1|1250|1|TRUE|QS|20260821,ok,,189.493000000002
gfc_2005_2010,The global financial crisis period,56,gfc_2005_2010_w0056,2006-02-06,2007-02-06,2006-08-04,252,349,Wang2022,1,0.05,FALSE,0.1944,0.000211180939695458,0.000222291316811603,1250,20289154,5,rolling_v1|Wang2022|252|5|0.05|1|1250|1|TRUE|QS|20260821,ok,,197.030999999988
gfc_2005_2010,The global financial crisis period,57,gfc_2005_2010_w0057,2006-02-13,2007-02-13,2006-08-11,252,349,Wang2022,1,0.05,FALSE,0.2056,0.000211904242522446,0.000221975452586336,1250,20289183,5,rolling_v1|Wang2022|252|5|0.05|1|1250|1|TRUE|QS|20260821,ok,,203.846000000005
gfc_2005_2010,The global financial crisis period,58,gfc_2005_2010_w0058,2006-02-21,2007-02-21,2006-08-18,252,349,Wang2022,1,0.05,FALSE,0.1936,0.000212754036337354,0.000223782051408897,1250,20289212,5,rolling_v1|Wang2022|252|5|0.05|1|1250|1|TRUE|QS|20260821,ok,,188.941000000006
gfc_2005_2010,The global financial crisis period,59,gfc_2005_2010_w0059,2006-02-28,2007-02-28,2006-08-25,252,349,Wang2022,1,0.05,FALSE,0.1552,0.000213016640225728,0.000221691004363526,1250,20289241,5,rolling_v1|Wang2022|252|5|0.05|1|1250|1|TRUE|QS|20260821,ok,,182.482000000004
gfc_2005_2010,The global financial crisis period,60,gfc_2005_2010_w0060,2006-03-07,2007-03-07,2006-09-01,252,349,Wang2022,1,0.05,FALSE,0.144,0.000214145053525599,0.000224007489579803,1250,20289008,5,rolling_v1|Wang2022|252|5|0.05|1|1250|1|TRUE|QS|20260821,ok,,186.561999999991
gfc_2005_2010,The global financial crisis period,61,gfc_2005_2010_w0061,2006-03-14,2007-03-14,2006-09-11,252,349,Wang2022,1,0.05,FALSE,0.184,0.000212017037513646,0.000223765611450137,1250,20289037,5,rolling_v1|Wang2022|252|5|0.05|1|1250|1|TRUE|QS|20260821,ok,,165.429000000004
gfc_2005_2010,The global financial crisis period,62,gfc_2005_2010_w0062,2006-03-21,2007-03-21,2006-09-18,252,349,Wang2022,1,0.05,FALSE,0.212,0.000210501198530641,0.000223635951763655,1250,20289066,5,rolling_v1|Wang2022|252|5|0.05|1|1250|1|TRUE|QS|20260821,ok,,207.635999999999
gfc_2005_2010,The global financial crisis period,63,gfc_2005_2010_w0063,2006-03-28,2007-03-28,2006-09-25,252,349,Wang2022,1,0.05,FALSE,0.1688,0.00021263295168621,0.000222781412899693,1250,20289095,5,rolling_v1|Wang2022|252|5|0.05|1|1250|1|TRUE|QS|20260821,ok,,160.835999999996
gfc_2005_2010,The global financial crisis period,64,gfc_2005_2010_w0064,2006-04-04,2007-04-04,2006-10-02,252,349,Wang2022,1,0.05,FALSE,0.1336,0.000213406803232249,0.000221220350224945,1250,20289124,5,rolling_v1|Wang2022|252|5|0.05|1|1250|1|TRUE|QS|20260821,ok,,156.263999999996
gfc_2005_2010,The global financial crisis period,65,gfc_2005_2010_w0065,2006-04-11,2007-04-12,2006-10-09,252,349,Wang2022,1,0.05,FALSE,0.1496,0.000213150618419424,0.000222703205653401,1250,20289153,5,rolling_v1|Wang2022|252|5|0.05|1|1250|1|TRUE|QS|20260821,ok,,181.108999999997
gfc_2005_2010,The global financial crisis period,66,gfc_2005_2010_w0066,2006-04-19,2007-04-19,2006-10-16,252,349,Wang2022,1,0.05,FALSE,0.176,0.000211657233757325,0.000222523094216117,1250,20289182,5,rolling_v1|Wang2022|252|5|0.05|1|1250|1|TRUE|QS|20260821,ok,,207.404999999999
gfc_2005_2010,The global financial crisis period,67,gfc_2005_2010_w0067,2006-04-26,2007-04-26,2006-10-23,252,349,Wang2022,1,0.05,FALSE,0.1816,0.000211118936580497,0.000224013639201782,1250,20289211,5,rolling_v1|Wang2022|252|5|0.05|1|1250|1|TRUE|QS|20260821,ok,,156.222999999998
gfc_2005_2010,The global financial crisis period,68,gfc_2005_2010_w0068,2006-05-03,2007-05-03,2006-10-30,252,349,Wang2022,1,0.05,FALSE,0.184,0.000210731465117281,0.00022151482104645,1250,20289240,5,rolling_v1|Wang2022|252|5|0.05|1|1250|1|TRUE|QS|20260821,ok,,140.414999999994
gfc_2005_2010,The global financial crisis period,69,gfc_2005_2010_w0069,2006-05-10,2007-05-10,2006-11-06,252,349,Wang2022,1,0.05,FALSE,0.2152,0.000209845738260504,0.000224259751669406,1250,20289269,5,rolling_v1|Wang2022|252|5|0.05|1|1250|1|TRUE|QS|20260821,ok,,158.854000000007
gfc_2005_2010,The global financial crisis period,70,gfc_2005_2010_w0070,2006-05-17,2007-05-17,2006-11-13,252,349,Wang2022,1,0.05,FALSE,0.316,0.000206624091277509,0.000222423113879972,1250,20289036,5,rolling_v1|Wang2022|252|5|0.05|1|1250|1|TRUE|QS|20260821,ok,,166.540999999997
gfc_2005_2010,The global financial crisis period,71,gfc_2005_2010_w0071,2006-05-24,2007-05-24,2006-11-20,252,349,Wang2022,1,0.05,FALSE,0.3672,0.000205975351479816,0.00022316325887419,1250,20289065,5,rolling_v1|Wang2022|252|5|0.05|1|1250|1|TRUE|QS|20260821,ok,,156.804999999993
gfc_2005_2010,The global financial crisis period,72,gfc_2005_2010_w0072,2006-06-01,2007-06-01,2006-11-28,252,349,Wang2022,1,0.05,FALSE,0.3472,0.000207404948063763,0.000223195071244923,1250,20289094,5,rolling_v1|Wang2022|252|5|0.05|1|1250|1|TRUE|QS|20260821,ok,,208.152000000002
gfc_2005_2010,The global financial crisis period,73,gfc_2005_2010_w0073,2006-06-08,2007-06-08,2006-12-05,252,349,Wang2022,1,0.05,FALSE,0.4704,0.000205285885317999,0.000227363585937586,1250,20289123,5,rolling_v1|Wang2022|252|5|0.05|1|1250|1|TRUE|QS|20260821,ok,,204.876999999993
gfc_2005_2010,The global financial crisis period,74,gfc_2005_2010_w0074,2006-06-15,2007-06-15,2006-12-12,252,349,Wang2022,1,0.05,FALSE,0.2832,0.000207901016971879,0.000225293819100799,1250,20289152,5,rolling_v1|Wang2022|252|5|0.05|1|1250|1|TRUE|QS|20260821,ok,,141.521000000008
gfc_2005_2010,The global financial crisis period,75,gfc_2005_2010_w0075,2006-06-22,2007-06-22,2006-12-19,252,349,Wang2022,1,0.05,FALSE,0.2592,0.000210137727640688,0.000224145534726244,1250,20289181,5,rolling_v1|Wang2022|252|5|0.05|1|1250|1|TRUE|QS|20260821,ok,,162.631999999998
gfc_2005_2010,The global financial crisis period,76,gfc_2005_2010_w0076,2006-06-29,2007-06-29,2006-12-27,252,349,Wang2022,1,0.05,FALSE,0.2032,0.000211167555558252,0.000225128241762934,1250,20289210,5,rolling_v1|Wang2022|252|5|0.05|1|1250|1|TRUE|QS|20260821,ok,,142.741000000009
gfc_2005_2010,The global financial crisis period,77,gfc_2005_2010_w0077,2006-07-07,2007-07-09,2007-01-05,252,349,Wang2022,1,0.05,FALSE,0.2696,0.000210035158164233,0.000225566958452871,1250,20289239,5,rolling_v1|Wang2022|252|5|0.05|1|1250|1|TRUE|QS|20260821,ok,,181.787000000011
gfc_2005_2010,The global financial crisis period,78,gfc_2005_2010_w0078,2006-07-14,2007-07-16,2007-01-12,252,349,Wang2022,1,0.05,FALSE,0.1968,0.000211980130869272,0.000224728985829518,1250,20289268,5,rolling_v1|Wang2022|252|5|0.05|1|1250|1|TRUE|QS|20260821,ok,,168.630000000005
gfc_2005_2010,The global financial crisis period,79,gfc_2005_2010_w0079,2006-07-21,2007-07-23,2007-01-22,252,349,Wang2022,1,0.05,FALSE,0.1024,0.000214492669976551,0.00022171683293873,1250,20289297,5,rolling_v1|Wang2022|252|5|0.05|1|1250|1|TRUE|QS|20260821,ok,,182.858999999997
gfc_2005_2010,The global financial crisis period,80,gfc_2005_2010_w0080,2006-07-28,2007-07-30,2007-01-29,252,349,Wang2022,1,0.05,FALSE,0.2216,0.0002127212324358,0.000232156800312319,1250,20289064,5,rolling_v1|Wang2022|252|5|0.05|1|1250|1|TRUE|QS|20260821,ok,,165.51400000001
gfc_2005_2010,The global financial crisis period,81,gfc_2005_2010_w0081,2006-08-04,2007-08-06,2007-02-05,252,349,Wang2022,1,0.05,FALSE,0.1032,0.000244275223985139,0.00025543612662283,1250,20289093,5,rolling_v1|Wang2022|252|5|0.05|1|1250|1|TRUE|QS|20260821,ok,,147.794999999998
gfc_2005_2010,The global financial crisis period,82,gfc_2005_2010_w0082,2006-08-11,2007-08-13,2007-02-12,252,349,Wang2022,1,0.05,FALSE,0.064,0.000261498099116944,0.000264701191094898,1250,20289122,5,rolling_v1|Wang2022|252|5|0.05|1|1250|1|TRUE|QS|20260821,ok,,160.773000000001
gfc_2005_2010,The global financial crisis period,83,gfc_2005_2010_w0083,2006-08-18,2007-08-20,2007-02-20,252,349,Wang2022,1,0.05,FALSE,0.0856,0.000261388811787648,0.00027023985542328,1250,20289151,5,rolling_v1|Wang2022|252|5|0.05|1|1250|1|TRUE|QS|20260821,ok,,166.224000000002
gfc_2005_2010,The global financial crisis period,84,gfc_2005_2010_w0084,2006-08-25,2007-08-27,2007-02-27,252,349,Wang2022,1,0.05,FALSE,0.06,0.000264495363191306,0.00026760776574628,1250,20289180,5,rolling_v1|Wang2022|252|5|0.05|1|1250|1|TRUE|QS|20260821,ok,,181.864000000001
gfc_2005_2010,The global financial crisis period,85,gfc_2005_2010_w0085,2006-09-01,2007-09-04,2007-03-06,252,349,Wang2022,1,0.05,FALSE,0.056,0.00027139641914828,0.000273360399184213,1250,20289209,5,rolling_v1|Wang2022|252|5|0.05|1|1250|1|TRUE|QS|20260821,ok,,173.739999999991
gfc_2005_2010,The global financial crisis period,86,gfc_2005_2010_w0086,2006-09-11,2007-09-11,2007-03-13,252,349,Wang2022,1,0.05,TRUE,0.0288,0.00028149460788284,0.000272265497360882,1250,20289238,5,rolling_v1|Wang2022|252|5|0.05|1|1250|1|TRUE|QS|20260821,ok,,159.620999999999
gfc_2005_2010,The global financial crisis period,87,gfc_2005_2010_w0087,2006-09-18,2007-09-18,2007-03-20,252,349,Wang2022,1,0.05,TRUE,0.0224,0.000281684240946714,0.00026964063705926,1250,20289267,5,rolling_v1|Wang2022|252|5|0.05|1|1250|1|TRUE|QS|20260821,ok,,159.257999999987
gfc_2005_2010,The global financial crisis period,88,gfc_2005_2010_w0088,2006-09-25,2007-09-25,2007-03-27,252,349,Wang2022,1,0.05,FALSE,0.052,0.000275055327251358,0.000276190686937683,1250,20289296,5,rolling_v1|Wang2022|252|5|0.05|1|1250|1|TRUE|QS|20260821,ok,,180.722999999998
gfc_2005_2010,The global financial crisis period,89,gfc_2005_2010_w0089,2006-10-02,2007-10-02,2007-04-03,252,349,Wang2022,1,0.05,TRUE,0.0416,0.000277261166273446,0.000271257086832545,1250,20289325,5,rolling_v1|Wang2022|252|5|0.05|1|1250|1|TRUE|QS|20260821,ok,,165.159000000014
gfc_2005_2010,The global financial crisis period,90,gfc_2005_2010_w0090,2006-10-09,2007-10-09,2007-04-11,252,349,Wang2022,1,0.05,TRUE,0.0488,0.00027724119871294,0.000275751180383463,1250,20289092,5,rolling_v1|Wang2022|252|5|0.05|1|1250|1|TRUE|QS|20260821,ok,,207.975000000006
gfc_2005_2010,The global financial crisis period,91,gfc_2005_2010_w0091,2006-10-16,2007-10-16,2007-04-18,252,349,Wang2022,1,0.05,TRUE,0.0408,0.000275784557169383,0.000270648092095991,1250,20289121,5,rolling_v1|Wang2022|252|5|0.05|1|1250|1|TRUE|QS|20260821,ok,,153.180999999997
gfc_2005_2010,The global financial crisis period,92,gfc_2005_2010_w0092,2006-10-23,2007-10-23,2007-04-25,252,349,Wang2022,1,0.05,TRUE,0.0352,0.000277305953291963,0.000271405322005346,1250,20289150,5,rolling_v1|Wang2022|252|5|0.05|1|1250|1|TRUE|QS|20260821,ok,,159.032000000007
gfc_2005_2010,The global financial crisis period,93,gfc_2005_2010_w0093,2006-10-30,2007-10-30,2007-05-02,252,349,Wang2022,1,0.05,TRUE,0.0368,0.000273638598822331,0.000266290894107394,1250,20289179,5,rolling_v1|Wang2022|252|5|0.05|1|1250|1|TRUE|QS|20260821,ok,,160.223999999987
gfc_2005_2010,The global financial crisis period,94,gfc_2005_2010_w0094,2006-11-06,2007-11-06,2007-05-09,252,349,Wang2022,1,0.05,TRUE,0.0208,0.000284553867865889,0.00026237786124789,1250,20289208,5,rolling_v1|Wang2022|252|5|0.05|1|1250|1|TRUE|QS|20260821,ok,,163.508000000002
gfc_2005_2010,The global financial crisis period,95,gfc_2005_2010_w0095,2006-11-13,2007-11-13,2007-05-16,252,349,Wang2022,1,0.05,TRUE,0.0032,0.000306814739777248,0.000262200794334024,1250,20289237,5,rolling_v1|Wang2022|252|5|0.05|1|1250|1|TRUE|QS|20260821,ok,,137.407999999996
gfc_2005_2010,The global financial crisis period,96,gfc_2005_2010_w0096,2006-11-20,2007-11-20,2007-05-23,252,349,Wang2022,1,0.05,TRUE,0.0016,0.000317623109751142,0.000263919450823573,1250,20289266,5,rolling_v1|Wang2022|252|5|0.05|1|1250|1|TRUE|QS|20260821,ok,,174.486999999994
gfc_2005_2010,The global financial crisis period,97,gfc_2005_2010_w0097,2006-11-28,2007-11-28,2007-05-31,252,349,Wang2022,1,0.05,TRUE,8e-04,0.000328772765547497,0.000268224224672838,1250,20289295,5,rolling_v1|Wang2022|252|5|0.05|1|1250|1|TRUE|QS|20260821,ok,,143.449999999997
gfc_2005_2010,The global financial crisis period,98,gfc_2005_2010_w0098,2006-12-05,2007-12-05,2007-06-07,252,349,Wang2022,1,0.05,TRUE,0.0016,0.000335173106762102,0.000268028091669944,1250,20289324,5,rolling_v1|Wang2022|252|5|0.05|1|1250|1|TRUE|QS|20260821,ok,,179.740000000005
gfc_2005_2010,The global financial crisis period,99,gfc_2005_2010_w0099,2006-12-12,2007-12-12,2007-06-14,252,349,Wang2022,1,0.05,TRUE,8e-04,0.000335033108942301,0.000269185596153187,1250,20289353,5,rolling_v1|Wang2022|252|5|0.05|1|1250|1|TRUE|QS|20260821,ok,,206.861999999994
gfc_2005_2010,The global financial crisis period,100,gfc_2005_2010_w0100,2006-12-19,2007-12-19,2007-06-21,252,349,Wang2022,1,0.05,TRUE,0.0024,0.000328473895795434,0.000268333187412694,1250,20288867,5,rolling_v1|Wang2022|252|5|0.05|1|1250|1|TRUE|QS|20260821,ok,,157.694000000003
gfc_2005_2010,The global financial crisis period,101,gfc_2005_2010_w0101,2006-12-27,2007-12-27,2007-06-28,252,349,Wang2022,1,0.05,TRUE,0.0048,0.000319391193942121,0.000268534155062773,1250,20288896,5,rolling_v1|Wang2022|252|5|0.05|1|1250|1|TRUE|QS|20260821,ok,,202.423999999999
gfc_2005_2010,The global financial crisis period,102,gfc_2005_2010_w0102,2007-01-05,2008-01-04,2007-07-06,252,349,Wang2022,1,0.05,TRUE,0.0096,0.000308133319790854,0.00026287074457386,1250,20288925,5,rolling_v1|Wang2022|252|5|0.05|1|1250|1|TRUE|QS|20260821,ok,,138.815000000002
gfc_2005_2010,The global financial crisis period,103,gfc_2005_2010_w0103,2007-01-12,2008-01-11,2007-07-13,252,349,Wang2022,1,0.05,TRUE,0.0024,0.00032299704179809,0.00026425339705795,1250,20288954,5,rolling_v1|Wang2022|252|5|0.05|1|1250|1|TRUE|QS|20260821,ok,,136.775000000009
gfc_2005_2010,The global financial crisis period,104,gfc_2005_2010_w0104,2007-01-22,2008-01-18,2007-07-20,252,349,Wang2022,1,0.05,TRUE,8e-04,0.000321051179229686,0.000261361716966363,1250,20288983,5,rolling_v1|Wang2022|252|5|0.05|1|1250|1|TRUE|QS|20260821,ok,,148.328999999998
gfc_2005_2010,The global financial crisis period,105,gfc_2005_2010_w0105,2007-01-29,2008-01-28,2007-07-27,252,349,Wang2022,1,0.05,TRUE,0.0032,0.000333892957714729,0.000265299880779881,1250,20289012,5,rolling_v1|Wang2022|252|5|0.05|1|1250|1|TRUE|QS|20260821,ok,,207.311000000002
gfc_2005_2010,The global financial crisis period,106,gfc_2005_2010_w0106,2007-02-05,2008-02-04,2007-08-03,252,349,Wang2022,1,0.05,TRUE,8e-04,0.000330743626363611,0.000263904204300873,1250,20289041,5,rolling_v1|Wang2022|252|5|0.05|1|1250|1|TRUE|QS|20260821,ok,,137.982999999993
gfc_2005_2010,The global financial crisis period,107,gfc_2005_2010_w0107,2007-02-12,2008-02-11,2007-08-10,252,349,Wang2022,1,0.05,TRUE,0.0056,0.000318477007157766,0.000266870168852544,1250,20289070,5,rolling_v1|Wang2022|252|5|0.05|1|1250|1|TRUE|QS|20260821,ok,,154.449000000008
gfc_2005_2010,The global financial crisis period,108,gfc_2005_2010_w0108,2007-02-20,2008-02-19,2007-08-17,252,349,Wang2022,1,0.05,TRUE,0.0024,0.000321144428495962,0.000259798165342181,1250,20289099,5,rolling_v1|Wang2022|252|5|0.05|1|1250|1|TRUE|QS|20260821,ok,,209.30799999999
gfc_2005_2010,The global financial crisis period,109,gfc_2005_2010_w0109,2007-02-27,2008-02-26,2007-08-24,252,349,Wang2022,1,0.05,TRUE,0,0.000318601330697409,0.000258588554501998,1250,20289128,5,rolling_v1|Wang2022|252|5|0.05|1|1250|1|TRUE|QS|20260821,ok,,135.976999999999
gfc_2005_2010,The global financial crisis period,110,gfc_2005_2010_w0110,2007-03-06,2008-03-04,2007-08-31,252,349,Wang2022,1,0.05,TRUE,0.0064,0.000309084111941376,0.000263439319061291,1250,20288895,5,rolling_v1|Wang2022|252|5|0.05|1|1250|1|TRUE|QS|20260821,ok,,137.994000000006
gfc_2005_2010,The global financial crisis period,111,gfc_2005_2010_w0111,2007-03-13,2008-03-11,2007-09-10,252,349,Wang2022,1,0.05,TRUE,0.0064,0.000309583511159461,0.000261134587221917,1250,20288924,5,rolling_v1|Wang2022|252|5|0.05|1|1250|1|TRUE|QS|20260821,ok,,135.187000000005
gfc_2005_2010,The global financial crisis period,112,gfc_2005_2010_w0112,2007-03-20,2008-03-18,2007-09-17,252,349,Wang2022,1,0.05,TRUE,8e-04,0.000321176166239053,0.000259614336419488,1250,20288953,5,rolling_v1|Wang2022|252|5|0.05|1|1250|1|TRUE|QS|20260821,ok,,199.464999999997
gfc_2005_2010,The global financial crisis period,113,gfc_2005_2010_w0113,2007-03-27,2008-03-26,2007-09-24,252,349,Wang2022,1,0.05,TRUE,0,0.000341381703938943,0.000265538038202296,1250,20288982,5,rolling_v1|Wang2022|252|5|0.05|1|1250|1|TRUE|QS|20260821,ok,,178.407000000007
gfc_2005_2010,The global financial crisis period,114,gfc_2005_2010_w0114,2007-04-03,2008-04-02,2007-10-01,252,349,Wang2022,1,0.05,TRUE,0.004,0.000328119707378012,0.000265504710483096,1250,20289011,5,rolling_v1|Wang2022|252|5|0.05|1|1250|1|TRUE|QS|20260821,ok,,137.357999999993
gfc_2005_2010,The global financial crisis period,115,gfc_2005_2010_w0115,2007-04-11,2008-04-09,2007-10-08,252,349,Wang2022,1,0.05,TRUE,0,0.000325149319603346,0.000263006298638548,1250,20289040,5,rolling_v1|Wang2022|252|5|0.05|1|1250|1|TRUE|QS|20260821,ok,,135.266999999993
gfc_2005_2010,The global financial crisis period,116,gfc_2005_2010_w0116,2007-04-18,2008-04-16,2007-10-15,252,349,Wang2022,1,0.05,TRUE,0.0016,0.000321138045669492,0.000257981162802582,1250,20289069,5,rolling_v1|Wang2022|252|5|0.05|1|1250|1|TRUE|QS|20260821,ok,,206.466
gfc_2005_2010,The global financial crisis period,117,gfc_2005_2010_w0117,2007-04-25,2008-04-23,2007-10-22,252,349,Wang2022,1,0.05,TRUE,0.0016,0.000321565753806455,0.000258325892782345,1250,20289098,5,rolling_v1|Wang2022|252|5|0.05|1|1250|1|TRUE|QS|20260821,ok,,135.527000000002
gfc_2005_2010,The global financial crisis period,118,gfc_2005_2010_w0118,2007-05-02,2008-04-30,2007-10-29,252,349,Wang2022,1,0.05,TRUE,0.0056,0.000315871431435687,0.00025636405167629,1250,20289127,5,rolling_v1|Wang2022|252|5|0.05|1|1250|1|TRUE|QS|20260821,ok,,135.441000000006
gfc_2005_2010,The global financial crisis period,119,gfc_2005_2010_w0119,2007-05-09,2008-05-07,2007-11-05,252,349,Wang2022,1,0.05,TRUE,0.0024,0.000319222245967729,0.000257629866467141,1250,20289156,5,rolling_v1|Wang2022|252|5|0.05|1|1250|1|TRUE|QS|20260821,ok,,139.982000000004
gfc_2005_2010,The global financial crisis period,120,gfc_2005_2010_w0120,2007-05-16,2008-05-14,2007-11-12,252,349,Wang2022,1,0.05,TRUE,0,0.000317354186302369,0.000251924036850626,1250,20288923,5,rolling_v1|Wang2022|252|5|0.05|1|1250|1|TRUE|QS|20260821,ok,,204.755000000005
gfc_2005_2010,The global financial crisis period,121,gfc_2005_2010_w0121,2007-05-23,2008-05-21,2007-11-19,252,349,Wang2022,1,0.05,TRUE,0.0056,0.00031344794937405,0.00025403664461472,1250,20288952,5,rolling_v1|Wang2022|252|5|0.05|1|1250|1|TRUE|QS|20260821,ok,,209.489000000001
gfc_2005_2010,The global financial crisis period,122,gfc_2005_2010_w0122,2007-05-31,2008-05-29,2007-11-27,252,349,Wang2022,1,0.05,TRUE,0,0.000318105904198644,0.000249375553877065,1250,20288981,5,rolling_v1|Wang2022|252|5|0.05|1|1250|1|TRUE|QS|20260821,ok,,180.328999999998
gfc_2005_2010,The global financial crisis period,123,gfc_2005_2010_w0123,2007-06-07,2008-06-05,2007-12-04,252,349,Wang2022,1,0.05,TRUE,8e-04,0.000321569796628296,0.000249835049926379,1250,20289010,5,rolling_v1|Wang2022|252|5|0.05|1|1250|1|TRUE|QS|20260821,ok,,182.831999999995
gfc_2005_2010,The global financial crisis period,124,gfc_2005_2010_w0124,2007-06-14,2008-06-12,2007-12-11,252,349,Wang2022,1,0.05,TRUE,8e-04,0.000323972904973071,0.00024924926639613,1250,20289039,5,rolling_v1|Wang2022|252|5|0.05|1|1250|1|TRUE|QS|20260821,ok,,138.540999999997
gfc_2005_2010,The global financial crisis period,125,gfc_2005_2010_w0125,2007-06-21,2008-06-19,2007-12-18,252,349,Wang2022,1,0.05,TRUE,0,0.000318947078351529,0.000250253278811599,1250,20289068,5,rolling_v1|Wang2022|252|5|0.05|1|1250|1|TRUE|QS|20260821,ok,,157.508000000002
gfc_2005_2010,The global financial crisis period,126,gfc_2005_2010_w0126,2007-06-28,2008-06-26,2007-12-26,252,349,Wang2022,1,0.05,TRUE,0,0.000318132977167928,0.000250081055963655,1250,20289097,5,rolling_v1|Wang2022|252|5|0.05|1|1250|1|TRUE|QS|20260821,ok,,182.428999999989
gfc_2005_2010,The global financial crisis period,127,gfc_2005_2010_w0127,2007-07-06,2008-07-03,2008-01-03,252,349,Wang2022,1,0.05,TRUE,0.0016,0.000313421960238239,0.000249546952825554,1250,20289126,5,rolling_v1|Wang2022|252|5|0.05|1|1250|1|TRUE|QS|20260821,ok,,155.538
gfc_2005_2010,The global financial crisis period,128,gfc_2005_2010_w0128,2007-07-13,2008-07-11,2008-01-10,252,349,Wang2022,1,0.05,TRUE,0.0024,0.000325562258166485,0.000246539669083058,1250,20289155,5,rolling_v1|Wang2022|252|5|0.05|1|1250|1|TRUE|QS|20260821,ok,,172.126999999993
gfc_2005_2010,The global financial crisis period,129,gfc_2005_2010_w0129,2007-07-20,2008-07-18,2008-01-17,252,349,Wang2022,1,0.05,TRUE,0,0.000310176057894038,0.000246784238899483,1250,20289184,5,rolling_v1|Wang2022|252|5|0.05|1|1250|1|TRUE|QS|20260821,ok,,175.187999999995
gfc_2005_2010,The global financial crisis period,130,gfc_2005_2010_w0130,2007-07-27,2008-07-25,2008-01-25,252,349,Wang2022,1,0.05,TRUE,0.0032,0.000311440742428948,0.000248667642347179,1250,20288951,5,rolling_v1|Wang2022|252|5|0.05|1|1250|1|TRUE|QS|20260821,ok,,154.926000000007
gfc_2005_2010,The global financial crisis period,131,gfc_2005_2010_w0131,2007-08-03,2008-08-01,2008-02-01,252,349,Wang2022,1,0.05,TRUE,0.0024,0.000300351134333901,0.000250328911395562,1250,20288980,5,rolling_v1|Wang2022|252|5|0.05|1|1250|1|TRUE|QS|20260821,ok,,135.75
gfc_2005_2010,The global financial crisis period,132,gfc_2005_2010_w0132,2007-08-10,2008-08-08,2008-02-08,252,349,Wang2022,1,0.05,TRUE,0,0.000294781483606855,0.000240927471987385,1250,20289009,5,rolling_v1|Wang2022|252|5|0.05|1|1250|1|TRUE|QS|20260821,ok,,135.375999999989
gfc_2005_2010,The global financial crisis period,133,gfc_2005_2010_w0133,2007-08-17,2008-08-15,2008-02-15,252,349,Wang2022,1,0.05,TRUE,0.0032,0.000292523944395291,0.000243514257131954,1250,20289038,5,rolling_v1|Wang2022|252|5|0.05|1|1250|1|TRUE|QS|20260821,ok,,136.101999999999
gfc_2005_2010,The global financial crisis period,134,gfc_2005_2010_w0134,2007-08-24,2008-08-22,2008-02-25,252,349,Wang2022,1,0.05,TRUE,0.0024,0.000288553767290192,0.000243668322522258,1250,20289067,5,rolling_v1|Wang2022|252|5|0.05|1|1250|1|TRUE|QS|20260821,ok,,173.096000000005
gfc_2005_2010,The global financial crisis period,135,gfc_2005_2010_w0135,2007-08-31,2008-08-29,2008-03-03,252,349,Wang2022,1,0.05,TRUE,0.0064,0.000282836806026462,0.000243709284146622,1250,20289096,5,rolling_v1|Wang2022|252|5|0.05|1|1250|1|TRUE|QS|20260821,ok,,208.779999999999
gfc_2005_2010,The global financial crisis period,136,gfc_2005_2010_w0136,2007-09-10,2008-09-08,2008-03-10,252,349,Wang2022,1,0.05,TRUE,0.0064,0.000274938718524777,0.000241895995595729,1250,20289125,5,rolling_v1|Wang2022|252|5|0.05|1|1250|1|TRUE|QS|20260821,ok,,134.853999999992
gfc_2005_2010,The global financial crisis period,137,gfc_2005_2010_w0137,2007-09-17,2008-09-15,2008-03-17,252,349,Wang2022,1,0.05,TRUE,0.004,0.000281968991863808,0.000240815071982191,1250,20289154,5,rolling_v1|Wang2022|252|5|0.05|1|1250|1|TRUE|QS|20260821,ok,,135.616000000009
gfc_2005_2010,The global financial crisis period,138,gfc_2005_2010_w0138,2007-09-24,2008-09-22,2008-03-25,252,349,Wang2022,1,0.05,TRUE,0.0016,0.000335476999404555,0.000275717628570948,1250,20289183,5,rolling_v1|Wang2022|252|5|0.05|1|1250|1|TRUE|QS|20260821,ok,,198.456999999995
gfc_2005_2010,The global financial crisis period,139,gfc_2005_2010_w0139,2007-10-01,2008-09-29,2008-04-01,252,349,Wang2022,1,0.05,TRUE,0.004,0.000309845551609438,0.000265142214732814,1250,20289212,5,rolling_v1|Wang2022|252|5|0.05|1|1250|1|TRUE|QS|20260821,ok,,156.009000000005
gfc_2005_2010,The global financial crisis period,140,gfc_2005_2010_w0140,2007-10-08,2008-10-06,2008-04-08,252,349,Wang2022,1,0.05,TRUE,0.012,0.000331884256177826,0.00029793256244771,1250,20288979,5,rolling_v1|Wang2022|252|5|0.05|1|1250|1|TRUE|QS|20260821,ok,,184.649000000005
gfc_2005_2010,The global financial crisis period,141,gfc_2005_2010_w0141,2007-10-15,2008-10-13,2008-04-15,252,349,Wang2022,1,0.05,FALSE,0.2096,0.000283334521046588,0.000321062913868832,1250,20289008,5,rolling_v1|Wang2022|252|5|0.05|1|1250|1|TRUE|QS|20260821,ok,,136.297000000006
gfc_2005_2010,The global financial crisis period,142,gfc_2005_2010_w0142,2007-10-22,2008-10-20,2008-04-22,252,349,Wang2022,1,0.05,FALSE,0.064,0.000347051675155373,0.000355419238793565,1250,20289037,5,rolling_v1|Wang2022|252|5|0.05|1|1250|1|TRUE|QS|20260821,ok,,165.635999999999
gfc_2005_2010,The global financial crisis period,143,gfc_2005_2010_w0143,2007-10-29,2008-10-27,2008-04-29,252,349,Wang2022,1,0.05,FALSE,0.0792,0.000337804263541268,0.000358091891816158,1250,20289066,5,rolling_v1|Wang2022|252|5|0.05|1|1250|1|TRUE|QS|20260821,ok,,136.184999999998
gfc_2005_2010,The global financial crisis period,144,gfc_2005_2010_w0144,2007-11-05,2008-11-03,2008-05-06,252,349,Wang2022,1,0.05,FALSE,0.0544,0.000354637824283348,0.000356579680757886,1250,20289095,5,rolling_v1|Wang2022|252|5|0.05|1|1250|1|TRUE|QS|20260821,ok,,154.52399999999
gfc_2005_2010,The global financial crisis period,145,gfc_2005_2010_w0145,2007-11-12,2008-11-10,2008-05-13,252,349,Wang2022,1,0.05,FALSE,0.0656,0.000351923064072899,0.000361923599715852,1250,20289124,5,rolling_v1|Wang2022|252|5|0.05|1|1250|1|TRUE|QS|20260821,ok,,135.89899999999
gfc_2005_2010,The global financial crisis period,146,gfc_2005_2010_w0146,2007-11-19,2008-11-17,2008-05-20,252,349,Wang2022,1,0.05,TRUE,0.048,0.000379488203668223,0.000374890138373719,1250,20289153,5,rolling_v1|Wang2022|252|5|0.05|1|1250|1|TRUE|QS|20260821,ok,,143.920999999988
gfc_2005_2010,The global financial crisis period,147,gfc_2005_2010_w0147,2007-11-27,2008-11-24,2008-05-28,252,349,Wang2022,1,0.05,FALSE,0.1416,0.000341752101112234,0.000404904913111317,1250,20289182,5,rolling_v1|Wang2022|252|5|0.05|1|1250|1|TRUE|QS|20260821,ok,,207.850999999995
gfc_2005_2010,The global financial crisis period,148,gfc_2005_2010_w0148,2007-12-04,2008-12-02,2008-06-04,252,349,Wang2022,1,0.05,FALSE,0.1032,0.000358807492208658,0.000402531036276859,1250,20289211,5,rolling_v1|Wang2022|252|5|0.05|1|1250|1|TRUE|QS|20260821,ok,,203.722999999998
gfc_2005_2010,The global financial crisis period,149,gfc_2005_2010_w0149,2007-12-11,2008-12-09,2008-06-11,252,349,Wang2022,1,0.05,FALSE,0.0864,0.000352353838282553,0.00037963489343642,1250,20289240,5,rolling_v1|Wang2022|252|5|0.05|1|1250|1|TRUE|QS|20260821,ok,,135.365999999995
gfc_2005_2010,The global financial crisis period,150,gfc_2005_2010_w0150,2007-12-18,2008-12-16,2008-06-18,252,349,Wang2022,1,0.05,FALSE,0.0904,0.000356765279430951,0.000394029484024169,1250,20289007,5,rolling_v1|Wang2022|252|5|0.05|1|1250|1|TRUE|QS|20260821,ok,,134.437000000005
gfc_2005_2010,The global financial crisis period,151,gfc_2005_2010_w0151,2007-12-26,2008-12-23,2008-06-25,252,349,Wang2022,1,0.05,FALSE,0.0888,0.000358696396288746,0.000399232282346413,1250,20289036,5,rolling_v1|Wang2022|252|5|0.05|1|1250|1|TRUE|QS|20260821,ok,,168.921000000002
gfc_2005_2010,The global financial crisis period,152,gfc_2005_2010_w0152,2008-01-03,2008-12-31,2008-07-02,252,349,Wang2022,1,0.05,FALSE,0.0848,0.000354756278758718,0.000384521110608582,1250,20289065,5,rolling_v1|Wang2022|252|5|0.05|1|1250|1|TRUE|QS|20260821,ok,,135.025999999998
gfc_2005_2010,The global financial crisis period,153,gfc_2005_2010_w0153,2008-01-10,2009-01-08,2008-07-10,252,349,Wang2022,1,0.05,FALSE,0.0936,0.00034839074153418,0.000379616191886688,1250,20289094,5,rolling_v1|Wang2022|252|5|0.05|1|1250|1|TRUE|QS|20260821,ok,,134.349000000002
gfc_2005_2010,The global financial crisis period,154,gfc_2005_2010_w0154,2008-01-17,2009-01-15,2008-07-17,252,349,Wang2022,1,0.05,FALSE,0.104,0.000345149058080334,0.000378225188098511,1250,20289123,5,rolling_v1|Wang2022|252|5|0.05|1|1250|1|TRUE|QS|20260821,ok,,203.351999999999
gfc_2005_2010,The global financial crisis period,155,gfc_2005_2010_w0155,2008-01-25,2009-01-23,2008-07-24,252,349,Wang2022,1,0.05,FALSE,0.0648,0.000357468531826801,0.000365247061990737,1250,20289152,5,rolling_v1|Wang2022|252|5|0.05|1|1250|1|TRUE|QS|20260821,ok,,134.998000000007
gfc_2005_2010,The global financial crisis period,156,gfc_2005_2010_w0156,2008-02-01,2009-01-30,2008-07-31,252,349,Wang2022,1,0.05,FALSE,0.0728,0.00035367601325999,0.000377366514883016,1250,20289181,5,rolling_v1|Wang2022|252|5|0.05|1|1250|1|TRUE|QS|20260821,ok,,187.463000000003
gfc_2005_2010,The global financial crisis period,157,gfc_2005_2010_w0157,2008-02-08,2009-02-06,2008-08-07,252,349,Wang2022,1,0.05,FALSE,0.08,0.000349880822413852,0.000378993862032946,1250,20289210,5,rolling_v1|Wang2022|252|5|0.05|1|1250|1|TRUE|QS|20260821,ok,,135.120999999999
gfc_2005_2010,The global financial crisis period,158,gfc_2005_2010_w0158,2008-02-15,2009-02-13,2008-08-14,252,349,Wang2022,1,0.05,FALSE,0.0704,0.000349822185460384,0.000365351528147181,1250,20289239,5,rolling_v1|Wang2022|252|5|0.05|1|1250|1|TRUE|QS|20260821,ok,,135.022999999987
gfc_2005_2010,The global financial crisis period,159,gfc_2005_2010_w0159,2008-02-25,2009-02-23,2008-08-21,252,349,Wang2022,1,0.05,FALSE,0.0808,0.000337557073212988,0.000358945877768151,1250,20289268,5,rolling_v1|Wang2022|252|5|0.05|1|1250|1|TRUE|QS|20260821,ok,,135.968000000008
gfc_2005_2010,The global financial crisis period,160,gfc_2005_2010_w0160,2008-03-03,2009-03-02,2008-08-28,252,349,Wang2022,1,0.05,FALSE,0.0824,0.000335346813166222,0.000369104581497022,1250,20289035,5,rolling_v1|Wang2022|252|5|0.05|1|1250|1|TRUE|QS|20260821,ok,,135.48000000001
gfc_2005_2010,The global financial crisis period,161,gfc_2005_2010_w0161,2008-03-10,2009-03-09,2008-09-05,252,349,Wang2022,1,0.05,FALSE,0.0696,0.000340536060677521,0.000359600468107321,1250,20289064,5,rolling_v1|Wang2022|252|5|0.05|1|1250|1|TRUE|QS|20260821,ok,,141.368000000002
gfc_2005_2010,The global financial crisis period,162,gfc_2005_2010_w0162,2008-03-17,2009-03-16,2008-09-12,252,349,Wang2022,1,0.05,FALSE,0.0704,0.000329856512258698,0.000351173196447639,1250,20289093,5,rolling_v1|Wang2022|252|5|0.05|1|1250|1|TRUE|QS|20260821,ok,,159.066999999995
gfc_2005_2010,The global financial crisis period,163,gfc_2005_2010_w0163,2008-03-25,2009-03-23,2008-09-19,252,349,Wang2022,1,0.05,FALSE,0.0784,0.000321700011914027,0.000341102478103875,1250,20289122,5,rolling_v1|Wang2022|252|5|0.05|1|1250|1|TRUE|QS|20260821,ok,,158.59599999999
gfc_2005_2010,The global financial crisis period,164,gfc_2005_2010_w0164,2008-04-01,2009-03-30,2008-09-26,252,349,Wang2022,1,0.05,FALSE,0.056,0.00032966748847132,0.00033648571804321,1250,20289151,5,rolling_v1|Wang2022|252|5|0.05|1|1250|1|TRUE|QS|20260821,ok,,193.760999999999
gfc_2005_2010,The global financial crisis period,165,gfc_2005_2010_w0165,2008-04-08,2009-04-06,2008-10-03,252,349,Wang2022,1,0.05,FALSE,0.0696,0.000324769814234359,0.000332539662926058,1250,20289180,5,rolling_v1|Wang2022|252|5|0.05|1|1250|1|TRUE|QS|20260821,ok,,175.417000000001
gfc_2005_2010,The global financial crisis period,166,gfc_2005_2010_w0166,2008-04-15,2009-04-14,2008-10-10,252,349,Wang2022,1,0.05,FALSE,0.0768,0.000320461119625648,0.000345107825543007,1250,20289209,5,rolling_v1|Wang2022|252|5|0.05|1|1250|1|TRUE|QS|20260821,ok,,147.284
gfc_2005_2010,The global financial crisis period,167,gfc_2005_2010_w0167,2008-04-22,2009-04-21,2008-10-17,252,349,Wang2022,1,0.05,FALSE,0.0568,0.000323675172499377,0.000334020870527024,1250,20289238,5,rolling_v1|Wang2022|252|5|0.05|1|1250|1|TRUE|QS|20260821,ok,,174.57699999999
gfc_2005_2010,The global financial crisis period,168,gfc_2005_2010_w0168,2008-04-29,2009-04-28,2008-10-24,252,349,Wang2022,1,0.05,FALSE,0.0712,0.000322643050650326,0.000335085579495988,1250,20289267,5,rolling_v1|Wang2022|252|5|0.05|1|1250|1|TRUE|QS|20260821,ok,,177.277000000002
gfc_2005_2010,The global financial crisis period,169,gfc_2005_2010_w0169,2008-05-06,2009-05-05,2008-10-31,252,349,Wang2022,1,0.05,FALSE,0.0648,0.000318643323857174,0.000335176262334914,1250,20289296,5,rolling_v1|Wang2022|252|5|0.05|1|1250|1|TRUE|QS|20260821,ok,,182.043999999994
gfc_2005_2010,The global financial crisis period,170,gfc_2005_2010_w0170,2008-05-13,2009-05-12,2008-11-07,252,349,Wang2022,1,0.05,FALSE,0.0584,0.00031965794993513,0.000325955215615023,1250,20289063,5,rolling_v1|Wang2022|252|5|0.05|1|1250|1|TRUE|QS|20260821,ok,,204.137999999992
gfc_2005_2010,The global financial crisis period,171,gfc_2005_2010_w0171,2008-05-20,2009-05-19,2008-11-14,252,349,Wang2022,1,0.05,TRUE,0.0488,0.000321410685600432,0.000315013202629781,1250,20289092,5,rolling_v1|Wang2022|252|5|0.05|1|1250|1|TRUE|QS|20260821,ok,,135.107000000004
gfc_2005_2010,The global financial crisis period,172,gfc_2005_2010_w0172,2008-05-28,2009-05-27,2008-11-21,252,349,Wang2022,1,0.05,FALSE,0.056,0.000322457768669025,0.000326882527182258,1250,20289121,5,rolling_v1|Wang2022|252|5|0.05|1|1250|1|TRUE|QS|20260821,ok,,205.960999999996
gfc_2005_2010,The global financial crisis period,173,gfc_2005_2010_w0173,2008-06-04,2009-06-03,2008-12-01,252,349,Wang2022,1,0.05,FALSE,0.0592,0.000318243289631093,0.000326505137434524,1250,20289150,5,rolling_v1|Wang2022|252|5|0.05|1|1250|1|TRUE|QS|20260821,ok,,135.096000000005
gfc_2005_2010,The global financial crisis period,174,gfc_2005_2010_w0174,2008-06-11,2009-06-10,2008-12-08,252,349,Wang2022,1,0.05,FALSE,0.0536,0.00031689703797883,0.000321958726214418,1250,20289179,5,rolling_v1|Wang2022|252|5|0.05|1|1250|1|TRUE|QS|20260821,ok,,134.307000000001
gfc_2005_2010,The global financial crisis period,175,gfc_2005_2010_w0175,2008-06-18,2009-06-17,2008-12-15,252,349,Wang2022,1,0.05,FALSE,0.0512,0.000315484807118472,0.000315762072487712,1250,20289208,5,rolling_v1|Wang2022|252|5|0.05|1|1250|1|TRUE|QS|20260821,ok,,151.739999999991
gfc_2005_2010,The global financial crisis period,176,gfc_2005_2010_w0176,2008-06-25,2009-06-24,2008-12-22,252,349,Wang2022,1,0.05,FALSE,0.0672,0.00031298162338503,0.000331094689025517,1250,20289237,5,rolling_v1|Wang2022|252|5|0.05|1|1250|1|TRUE|QS|20260821,ok,,137.301999999996
gfc_2005_2010,The global financial crisis period,177,gfc_2005_2010_w0177,2008-07-02,2009-07-01,2008-12-30,252,349,Wang2022,1,0.05,FALSE,0.0776,0.000312180639191867,0.000338255159119933,1250,20289266,5,rolling_v1|Wang2022|252|5|0.05|1|1250|1|TRUE|QS|20260821,ok,,144.017999999996
gfc_2005_2010,The global financial crisis period,178,gfc_2005_2010_w0178,2008-07-10,2009-07-09,2009-01-07,252,349,Wang2022,1,0.05,FALSE,0.0704,0.000312302010211713,0.000325884197949184,1250,20289295,5,rolling_v1|Wang2022|252|5|0.05|1|1250|1|TRUE|QS|20260821,ok,,135.540999999997
gfc_2005_2010,The global financial crisis period,179,gfc_2005_2010_w0179,2008-07-17,2009-07-16,2009-01-14,252,349,Wang2022,1,0.05,FALSE,0.0776,0.000310300722636782,0.000331776871754223,1250,20289324,5,rolling_v1|Wang2022|252|5|0.05|1|1250|1|TRUE|QS|20260821,ok,,140.936999999991
gfc_2005_2010,The global financial crisis period,180,gfc_2005_2010_w0180,2008-07-24,2009-07-23,2009-01-22,252,349,Wang2022,1,0.05,FALSE,0.0704,0.000310605699542857,0.000327218653727805,1250,20289091,5,rolling_v1|Wang2022|252|5|0.05|1|1250|1|TRUE|QS|20260821,ok,,192.385999999999
gfc_2005_2010,The global financial crisis period,181,gfc_2005_2010_w0181,2008-07-31,2009-07-30,2009-01-29,252,349,Wang2022,1,0.05,FALSE,0.0728,0.000310087924952302,0.000327929081763396,1250,20289120,5,rolling_v1|Wang2022|252|5|0.05|1|1250|1|TRUE|QS|20260821,ok,,150.449999999997
gfc_2005_2010,The global financial crisis period,182,gfc_2005_2010_w0182,2008-08-07,2009-08-06,2009-02-05,252,349,Wang2022,1,0.05,FALSE,0.06,0.000311073576566221,0.000315816848016695,1250,20289149,5,rolling_v1|Wang2022|252|5|0.05|1|1250|1|TRUE|QS|20260821,ok,,135.089999999997
gfc_2005_2010,The global financial crisis period,183,gfc_2005_2010_w0183,2008-08-14,2009-08-13,2009-02-12,252,349,Wang2022,1,0.05,FALSE,0.0712,0.000311739972819356,0.000327980354022122,1250,20289178,5,rolling_v1|Wang2022|252|5|0.05|1|1250|1|TRUE|QS|20260821,ok,,177.448000000004
gfc_2005_2010,The global financial crisis period,184,gfc_2005_2010_w0184,2008-08-21,2009-08-20,2009-02-20,252,349,Wang2022,1,0.05,FALSE,0.0792,0.000311480395225553,0.0003316166900955,1250,20289207,5,rolling_v1|Wang2022|252|5|0.05|1|1250|1|TRUE|QS|20260821,ok,,150.330000000002
gfc_2005_2010,The global financial crisis period,185,gfc_2005_2010_w0185,2008-08-28,2009-08-27,2009-02-27,252,349,Wang2022,1,0.05,FALSE,0.0856,0.000310119311179034,0.000336747272871349,1250,20289236,5,rolling_v1|Wang2022|252|5|0.05|1|1250|1|TRUE|QS|20260821,ok,,137.832999999999
gfc_2005_2010,The global financial crisis period,186,gfc_2005_2010_w0186,2008-09-05,2009-09-03,2009-03-06,252,349,Wang2022,1,0.05,FALSE,0.06,0.000309041526731956,0.000317105548676263,1250,20289265,5,rolling_v1|Wang2022|252|5|0.05|1|1250|1|TRUE|QS|20260821,ok,,168.891000000003
gfc_2005_2010,The global financial crisis period,187,gfc_2005_2010_w0187,2008-09-12,2009-09-11,2009-03-13,252,349,Wang2022,1,0.05,FALSE,0.0976,0.000305946905942989,0.000328670978360191,1250,20289294,5,rolling_v1|Wang2022|252|5|0.05|1|1250|1|TRUE|QS|20260821,ok,,206.508000000002
gfc_2005_2010,The global financial crisis period,188,gfc_2005_2010_w0188,2008-09-19,2009-09-18,2009-03-20,252,349,Wang2022,1,0.05,FALSE,0.1064,0.000300343052050449,0.000330150763154822,1250,20289323,5,rolling_v1|Wang2022|252|5|0.05|1|1250|1|TRUE|QS|20260821,ok,,156.942999999999
gfc_2005_2010,The global financial crisis period,189,gfc_2005_2010_w0189,2008-09-26,2009-09-25,2009-03-27,252,349,Wang2022,1,0.05,FALSE,0.0992,0.00030070999925328,0.000329763868514647,1250,20289352,5,rolling_v1|Wang2022|252|5|0.05|1|1250|1|TRUE|QS|20260821,ok,,135.534
gfc_2005_2010,The global financial crisis period,190,gfc_2005_2010_w0190,2008-10-03,2009-10-02,2009-04-03,252,349,Wang2022,1,0.05,FALSE,0.14,0.000292922481265123,0.000338200211096117,1250,20289119,5,rolling_v1|Wang2022|252|5|0.05|1|1250|1|TRUE|QS|20260821,ok,,189.152999999991
gfc_2005_2010,The global financial crisis period,191,gfc_2005_2010_w0191,2008-10-10,2009-10-09,2009-04-13,252,349,Wang2022,1,0.05,FALSE,0.0712,0.000334652727120257,0.000356852498737822,1250,20289148,5,rolling_v1|Wang2022|252|5|0.05|1|1250|1|TRUE|QS|20260821,ok,,136.573999999993
gfc_2005_2010,The global financial crisis period,192,gfc_2005_2010_w0192,2008-10-17,2009-10-16,2009-04-20,252,349,Wang2022,1,0.05,FALSE,0.1496,0.000296464992100865,0.000366068093774788,1250,20289177,5,rolling_v1|Wang2022|252|5|0.05|1|1250|1|TRUE|QS|20260821,ok,,134.701000000001
gfc_2005_2010,The global financial crisis period,193,gfc_2005_2010_w0193,2008-10-24,2009-10-23,2009-04-27,252,349,Wang2022,1,0.05,FALSE,0.1496,0.000300253638257429,0.000368192374664744,1250,20289206,5,rolling_v1|Wang2022|252|5|0.05|1|1250|1|TRUE|QS|20260821,ok,,138.687999999995
gfc_2005_2010,The global financial crisis period,194,gfc_2005_2010_w0194,2008-10-31,2009-10-30,2009-05-04,252,349,Wang2022,1,0.05,FALSE,0.208,0.000284498222628913,0.000367037722465817,1250,20289235,5,rolling_v1|Wang2022|252|5|0.05|1|1250|1|TRUE|QS|20260821,ok,,134.475999999995
gfc_2005_2010,The global financial crisis period,195,gfc_2005_2010_w0195,2008-11-07,2009-11-06,2009-05-11,252,349,Wang2022,1,0.05,FALSE,0.1912,0.000284472977461433,0.000360916873979851,1250,20289264,5,rolling_v1|Wang2022|252|5|0.05|1|1250|1|TRUE|QS|20260821,ok,,135.024999999994
gfc_2005_2010,The global financial crisis period,196,gfc_2005_2010_w0196,2008-11-14,2009-11-13,2009-05-18,252,349,Wang2022,1,0.05,FALSE,0.348,0.000254598706271724,0.000355919693280422,1250,20289293,5,rolling_v1|Wang2022|252|5|0.05|1|1250|1|TRUE|QS|20260821,ok,,142.657999999996
gfc_2005_2010,The global financial crisis period,197,gfc_2005_2010_w0197,2008-11-21,2009-11-20,2009-05-26,252,349,Wang2022,1,0.05,FALSE,0.2344,0.000252873902886182,0.000321362544497677,1250,20289322,5,rolling_v1|Wang2022|252|5|0.05|1|1250|1|TRUE|QS|20260821,ok,,191.146999999997
gfc_2005_2010,The global financial crisis period,198,gfc_2005_2010_w0198,2008-12-01,2009-11-30,2009-06-02,252,349,Wang2022,1,0.05,TRUE,0.0496,0.000292228229776816,0.000292168192571327,1250,20289351,5,rolling_v1|Wang2022|252|5|0.05|1|1250|1|TRUE|QS|20260821,ok,,191.944000000003
gfc_2005_2010,The global financial crisis period,199,gfc_2005_2010_w0199,2008-12-08,2009-12-07,2009-06-09,252,349,Wang2022,1,0.05,FALSE,0.0632,0.000271090738858821,0.000276939536452998,1250,20289380,5,rolling_v1|Wang2022|252|5|0.05|1|1250|1|TRUE|QS|20260821,ok,,201.570000000007
gfc_2005_2010,The global financial crisis period,200,gfc_2005_2010_w0200,2008-12-15,2009-12-14,2009-06-16,252,349,Wang2022,1,0.05,FALSE,0.1032,0.000260685818357926,0.000283418335034921,1250,20288894,5,rolling_v1|Wang2022|252|5|0.05|1|1250|1|TRUE|QS|20260821,ok,,208.235000000001
gfc_2005_2010,The global financial crisis period,201,gfc_2005_2010_w0201,2008-12-22,2009-12-21,2009-06-23,252,349,Wang2022,1,0.05,FALSE,0.1424,0.000252646905808585,0.000287181612829673,1250,20288923,5,rolling_v1|Wang2022|252|5|0.05|1|1250|1|TRUE|QS|20260821,ok,,205.141000000003
gfc_2005_2010,The global financial crisis period,202,gfc_2005_2010_w0202,2008-12-30,2009-12-29,2009-06-30,252,349,Wang2022,1,0.05,FALSE,0.1368,0.000254728203430381,0.000284170968800856,1250,20288952,5,rolling_v1|Wang2022|252|5|0.05|1|1250|1|TRUE|QS|20260821,ok,,168.490000000005
gfc_2005_2010,The global financial crisis period,203,gfc_2005_2010_w0203,2009-01-07,2010-01-06,2009-07-08,252,349,Wang2022,1,0.05,FALSE,0.1288,0.0002599456685211,0.000289350240311484,1250,20288981,5,rolling_v1|Wang2022|252|5|0.05|1|1250|1|TRUE|QS|20260821,ok,,148.440999999992
gfc_2005_2010,The global financial crisis period,204,gfc_2005_2010_w0204,2009-01-14,2010-01-13,2009-07-15,252,349,Wang2022,1,0.05,FALSE,0.116,0.000266709558708873,0.000293783932108543,1250,20289010,5,rolling_v1|Wang2022|252|5|0.05|1|1250|1|TRUE|QS|20260821,ok,,208.058999999994
gfc_2005_2010,The global financial crisis period,205,gfc_2005_2010_w0205,2009-01-22,2010-01-21,2009-07-22,252,349,Wang2022,1,0.05,FALSE,0.252,0.0002433942471928,0.000291161084757589,1250,20289039,5,rolling_v1|Wang2022|252|5|0.05|1|1250|1|TRUE|QS|20260821,ok,,205.865000000005
gfc_2005_2010,The global financial crisis period,206,gfc_2005_2010_w0206,2009-01-29,2010-01-28,2009-07-29,252,349,Wang2022,1,0.05,FALSE,0.2464,0.000240752646423736,0.00028243329075623,1250,20289068,5,rolling_v1|Wang2022|252|5|0.05|1|1250|1|TRUE|QS|20260821,ok,,206.485000000001
gfc_2005_2010,The global financial crisis period,207,gfc_2005_2010_w0207,2009-02-05,2010-02-04,2009-08-05,252,349,Wang2022,1,0.05,FALSE,0.2384,0.00024440840053127,0.000287372683135844,1250,20289097,5,rolling_v1|Wang2022|252|5|0.05|1|1250|1|TRUE|QS|20260821,ok,,163.981999999989
gfc_2005_2010,The global financial crisis period,208,gfc_2005_2010_w0208,2009-02-12,2010-02-11,2009-08-12,252,349,Wang2022,1,0.05,FALSE,0.2448,0.000248281121804671,0.00029498661034284,1250,20289126,5,rolling_v1|Wang2022|252|5|0.05|1|1250|1|TRUE|QS|20260821,ok,,210.004000000001
gfc_2005_2010,The global financial crisis period,209,gfc_2005_2010_w0209,2009-02-20,2010-02-19,2009-08-19,252,349,Wang2022,1,0.05,FALSE,0.1672,0.000258338106363846,0.000295142579764416,1250,20289155,5,rolling_v1|Wang2022|252|5|0.05|1|1250|1|TRUE|QS|20260821,ok,,212.553
gfc_2005_2010,The global financial crisis period,210,gfc_2005_2010_w0210,2009-02-27,2010-02-26,2009-08-26,252,349,Wang2022,1,0.05,FALSE,0.2272,0.000250119104778657,0.000297936209689386,1250,20288922,5,rolling_v1|Wang2022|252|5|0.05|1|1250|1|TRUE|QS|20260821,ok,,183.922999999995
gfc_2005_2010,The global financial crisis period,211,gfc_2005_2010_w0211,2009-03-06,2010-03-05,2009-09-02,252,349,Wang2022,1,0.05,FALSE,0.164,0.000256564326821484,0.000288088891657075,1250,20288951,5,rolling_v1|Wang2022|252|5|0.05|1|1250|1|TRUE|QS|20260821,ok,,152.289000000004
gfc_2005_2010,The global financial crisis period,212,gfc_2005_2010_w0212,2009-03-13,2010-03-12,2009-09-10,252,349,Wang2022,1,0.05,FALSE,0.1264,0.000263417740944932,0.000286966560831593,1250,20288980,5,rolling_v1|Wang2022|252|5|0.05|1|1250|1|TRUE|QS|20260821,ok,,151.445000000007
gfc_2005_2010,The global financial crisis period,213,gfc_2005_2010_w0213,2009-03-20,2010-03-19,2009-09-17,252,349,Wang2022,1,0.05,FALSE,0.0936,0.000275516136262666,0.000294431434075899,1250,20289009,5,rolling_v1|Wang2022|252|5|0.05|1|1250|1|TRUE|QS|20260821,ok,,206.278000000006
gfc_2005_2010,The global financial crisis period,214,gfc_2005_2010_w0214,2009-03-27,2010-03-26,2009-09-24,252,349,Wang2022,1,0.05,FALSE,0.168,0.000243104909915092,0.000266955383748046,1250,20289038,5,rolling_v1|Wang2022|252|5|0.05|1|1250|1|TRUE|QS|20260821,ok,,209.342000000004
gfc_2005_2010,The global financial crisis period,215,gfc_2005_2010_w0215,2009-04-03,2010-04-05,2009-10-01,252,349,Wang2022,1,0.05,FALSE,0.0928,0.000250715666549283,0.000262325793064227,1250,20289067,5,rolling_v1|Wang2022|252|5|0.05|1|1250|1|TRUE|QS|20260821,ok,,149.009000000005
gfc_2005_2010,The global financial crisis period,216,gfc_2005_2010_w0216,2009-04-13,2010-04-12,2009-10-08,252,349,Wang2022,1,0.05,TRUE,0.0496,0.000260534870175895,0.000260126655937218,1250,20289096,5,rolling_v1|Wang2022|252|5|0.05|1|1250|1|TRUE|QS|20260821,ok,,205.832000000009
gfc_2005_2010,The global financial crisis period,217,gfc_2005_2010_w0217,2009-04-20,2010-04-19,2009-10-15,252,349,Wang2022,1,0.05,FALSE,0.068,0.000256077396397433,0.000261436187468745,1250,20289125,5,rolling_v1|Wang2022|252|5|0.05|1|1250|1|TRUE|QS|20260821,ok,,209.849000000002
gfc_2005_2010,The global financial crisis period,218,gfc_2005_2010_w0218,2009-04-27,2010-04-26,2009-10-22,252,349,Wang2022,1,0.05,FALSE,0.1408,0.000237849740305422,0.000255187583154853,1250,20289154,5,rolling_v1|Wang2022|252|5|0.05|1|1250|1|TRUE|QS|20260821,ok,,194.178
gfc_2005_2010,The global financial crisis period,219,gfc_2005_2010_w0219,2009-05-04,2010-05-03,2009-10-29,252,349,Wang2022,1,0.05,FALSE,0.1384,0.000233321361478589,0.000254816857366001,1250,20289183,5,rolling_v1|Wang2022|252|5|0.05|1|1250|1|TRUE|QS|20260821,ok,,194.381999999998
gfc_2005_2010,The global financial crisis period,220,gfc_2005_2010_w0220,2009-05-11,2010-05-10,2009-11-05,252,349,Wang2022,1,0.05,FALSE,0.28,0.000214421271459452,0.000254714547118389,1250,20288950,5,rolling_v1|Wang2022|252|5|0.05|1|1250|1|TRUE|QS|20260821,ok,,208.061999999991
gfc_2005_2010,The global financial crisis period,221,gfc_2005_2010_w0221,2009-05-18,2010-05-17,2009-11-12,252,349,Wang2022,1,0.05,FALSE,0.3176,0.000210724367694318,0.000258484793073216,1250,20288979,5,rolling_v1|Wang2022|252|5|0.05|1|1250|1|TRUE|QS|20260821,ok,,205.313999999998
gfc_2005_2010,The global financial crisis period,222,gfc_2005_2010_w0222,2009-05-26,2010-05-24,2009-11-19,252,349,Wang2022,1,0.05,FALSE,0.2416,0.00021376769769179,0.000248411395826719,1250,20289008,5,rolling_v1|Wang2022|252|5|0.05|1|1250|1|TRUE|QS|20260821,ok,,158.935999999987
gfc_2005_2010,The global financial crisis period,223,gfc_2005_2010_w0223,2009-06-02,2010-06-01,2009-11-27,252,349,Wang2022,1,0.05,FALSE,0.2672,0.000208882634203799,0.000254157071991781,1250,20289037,5,rolling_v1|Wang2022|252|5|0.05|1|1250|1|TRUE|QS|20260821,ok,,137.975000000006
gfc_2005_2010,The global financial crisis period,224,gfc_2005_2010_w0224,2009-06-09,2010-06-08,2009-12-04,252,349,Wang2022,1,0.05,FALSE,0.3144,0.00020651131683091,0.000255847886143522,1250,20289066,5,rolling_v1|Wang2022|252|5|0.05|1|1250|1|TRUE|QS|20260821,ok,,209.245999999999
gfc_2005_2010,The global financial crisis period,225,gfc_2005_2010_w0225,2009-06-16,2010-06-15,2009-12-11,252,349,Wang2022,1,0.05,FALSE,0.2344,0.000212162138496339,0.000254051455261858,1250,20289095,5,rolling_v1|Wang2022|252|5|0.05|1|1250|1|TRUE|QS|20260821,ok,,205.865999999995
gfc_2005_2010,The global financial crisis period,226,gfc_2005_2010_w0226,2009-06-23,2010-06-22,2009-12-18,252,349,Wang2022,1,0.05,FALSE,0.256,0.000213068091883962,0.000260208908199021,1250,20289124,5,rolling_v1|Wang2022|252|5|0.05|1|1250|1|TRUE|QS|20260821,ok,,205.69200000001
gfc_2005_2010,The global financial crisis period,227,gfc_2005_2010_w0227,2009-06-30,2010-06-29,2009-12-28,252,349,Wang2022,1,0.05,FALSE,0.252,0.000210222115500823,0.000252314157764663,1250,20289153,5,rolling_v1|Wang2022|252|5|0.05|1|1250|1|TRUE|QS|20260821,ok,,183.483999999997
gfc_2005_2010,The global financial crisis period,228,gfc_2005_2010_w0228,2009-07-08,2010-07-07,2010-01-05,252,349,Wang2022,1,0.05,FALSE,0.3776,0.000198577022762565,0.000252597058727959,1250,20289182,5,rolling_v1|Wang2022|252|5|0.05|1|1250|1|TRUE|QS|20260821,ok,,186.933000000005
gfc_2005_2010,The global financial crisis period,229,gfc_2005_2010_w0229,2009-07-15,2010-07-14,2010-01-12,252,349,Wang2022,1,0.05,FALSE,0.3968,0.000198522870498236,0.000257700328983309,1250,20289211,5,rolling_v1|Wang2022|252|5|0.05|1|1250|1|TRUE|QS|20260821,ok,,170.472999999998
gfc_2005_2010,The global financial crisis period,230,gfc_2005_2010_w0230,2009-07-22,2010-07-21,2010-01-20,252,349,Wang2022,1,0.05,FALSE,0.4096,0.000197092329622202,0.00025814624673306,1250,20288978,5,rolling_v1|Wang2022|252|5|0.05|1|1250|1|TRUE|QS|20260821,ok,,181.531999999992
gfc_2005_2010,The global financial crisis period,231,gfc_2005_2010_w0231,2009-07-29,2010-07-28,2010-01-27,252,349,Wang2022,1,0.05,FALSE,0.3864,0.000198887559526435,0.000260642055641864,1250,20289007,5,rolling_v1|Wang2022|252|5|0.05|1|1250|1|TRUE|QS|20260821,ok,,209.683000000005
gfc_2005_2010,The global financial crisis period,232,gfc_2005_2010_w0232,2009-08-05,2010-08-04,2010-02-03,252,349,Wang2022,1,0.05,FALSE,0.3216,0.000202195088497083,0.000259421331168896,1250,20289036,5,rolling_v1|Wang2022|252|5|0.05|1|1250|1|TRUE|QS|20260821,ok,,202.547000000006
gfc_2005_2010,The global financial crisis period,233,gfc_2005_2010_w0233,2009-08-12,2010-08-11,2010-02-10,252,349,Wang2022,1,0.05,FALSE,0.4232,0.0001943669102556,0.000256924735098799,1250,20289065,5,rolling_v1|Wang2022|252|5|0.05|1|1250|1|TRUE|QS|20260821,ok,,203.953999999998
gfc_2005_2010,The global financial crisis period,234,gfc_2005_2010_w0234,2009-08-19,2010-08-18,2010-02-18,252,349,Wang2022,1,0.05,FALSE,0.4336,0.000196311512885027,0.000265676536998254,1250,20289094,5,rolling_v1|Wang2022|252|5|0.05|1|1250|1|TRUE|QS|20260821,ok,,188.127999999997
gfc_2005_2010,The global financial crisis period,235,gfc_2005_2010_w0235,2009-08-26,2010-08-25,2010-02-25,252,349,Wang2022,1,0.05,FALSE,0.4064,0.000196971967830084,0.000265392664989341,1250,20289123,5,rolling_v1|Wang2022|252|5|0.05|1|1250|1|TRUE|QS|20260821,ok,,203.865999999995
gfc_2005_2010,The global financial crisis period,236,gfc_2005_2010_w0236,2009-09-02,2010-09-01,2010-03-04,252,349,Wang2022,1,0.05,FALSE,0.2704,0.000207636542021728,0.000260960154937828,1250,20289152,5,rolling_v1|Wang2022|252|5|0.05|1|1250|1|TRUE|QS|20260821,ok,,180.034
gfc_2005_2010,The global financial crisis period,237,gfc_2005_2010_w0237,2009-09-10,2010-09-09,2010-03-11,252,349,Wang2022,1,0.05,FALSE,0.2304,0.000212463884155402,0.000261450586168324,1250,20289181,5,rolling_v1|Wang2022|252|5|0.05|1|1250|1|TRUE|QS|20260821,ok,,194.468999999997
gfc_2005_2010,The global financial crisis period,238,gfc_2005_2010_w0238,2009-09-17,2010-09-16,2010-03-18,252,349,Wang2022,1,0.05,FALSE,0.2432,0.000211897156827904,0.000267311807103183,1250,20289210,5,rolling_v1|Wang2022|252|5|0.05|1|1250|1|TRUE|QS|20260821,ok,,200.320999999996
gfc_2005_2010,The global financial crisis period,239,gfc_2005_2010_w0239,2009-09-24,2010-09-23,2010-03-25,252,349,Wang2022,1,0.05,FALSE,0.2504,0.000211984583234422,0.000269062235824555,1250,20289239,5,rolling_v1|Wang2022|252|5|0.05|1|1250|1|TRUE|QS|20260821,ok,,179.870999999999
gfc_2005_2010,The global financial crisis period,240,gfc_2005_2010_w0240,2009-10-01,2010-09-30,2010-04-01,252,349,Wang2022,1,0.05,FALSE,0.2024,0.000218591283699312,0.000270487486741777,1250,20289006,5,rolling_v1|Wang2022|252|5|0.05|1|1250|1|TRUE|QS|20260821,ok,,181.563999999998
gfc_2005_2010,The global financial crisis period,241,gfc_2005_2010_w0241,2009-10-08,2010-10-07,2010-04-09,252,349,Wang2022,1,0.05,FALSE,0.1432,0.000232053037577116,0.000267764035004949,1250,20289035,5,rolling_v1|Wang2022|252|5|0.05|1|1250|1|TRUE|QS|20260821,ok,,156.346999999994
gfc_2005_2010,The global financial crisis period,242,gfc_2005_2010_w0242,2009-10-15,2010-10-14,2010-04-16,252,349,Wang2022,1,0.05,FALSE,0.1456,0.00023451652694352,0.000271418115595174,1250,20289064,5,rolling_v1|Wang2022|252|5|0.05|1|1250|1|TRUE|QS|20260821,ok,,165.942999999999
gfc_2005_2010,The global financial crisis period,243,gfc_2005_2010_w0243,2009-10-22,2010-10-21,2010-04-23,252,349,Wang2022,1,0.05,FALSE,0.1384,0.000233376615540893,0.000267824022718016,1250,20289093,5,rolling_v1|Wang2022|252|5|0.05|1|1250|1|TRUE|QS|20260821,ok,,142.686000000002
gfc_2005_2010,The global financial crisis period,244,gfc_2005_2010_w0244,2009-10-29,2010-10-28,2010-04-30,252,349,Wang2022,1,0.05,FALSE,0.18,0.000225184155029014,0.00027299074512335,1250,20289122,5,rolling_v1|Wang2022|252|5|0.05|1|1250|1|TRUE|QS|20260821,ok,,166.929999999993
gfc_2005_2010,The global financial crisis period,245,gfc_2005_2010_w0245,2009-11-05,2010-11-04,2010-05-07,252,349,Wang2022,1,0.05,FALSE,0.2496,0.000209694871956166,0.00025761142896375,1250,20289151,5,rolling_v1|Wang2022|252|5|0.05|1|1250|1|TRUE|QS|20260821,ok,,185.779999999999
gfc_2005_2010,The global financial crisis period,246,gfc_2005_2010_w0246,2009-11-12,2010-11-11,2010-05-14,252,349,Wang2022,1,0.05,FALSE,0.2512,0.000209324367527759,0.000257657500248597,1250,20289180,5,rolling_v1|Wang2022|252|5|0.05|1|1250|1|TRUE|QS|20260821,ok,,208.912000000011
gfc_2005_2010,The global financial crisis period,247,gfc_2005_2010_w0247,2009-11-19,2010-11-18,2010-05-21,252,349,Wang2022,1,0.05,FALSE,0.2736,0.000207799923045983,0.000266497517782876,1250,20289209,5,rolling_v1|Wang2022|252|5|0.05|1|1250|1|TRUE|QS|20260821,ok,,179.925000000003
gfc_2005_2010,The global financial crisis period,248,gfc_2005_2010_w0248,2009-11-27,2010-11-26,2010-05-28,252,349,Wang2022,1,0.05,FALSE,0.2432,0.00021136704211482,0.000259086476062936,1250,20289238,5,rolling_v1|Wang2022|252|5|0.05|1|1250|1|TRUE|QS|20260821,ok,,208.226999999999
gfc_2005_2010,The global financial crisis period,249,gfc_2005_2010_w0249,2009-12-04,2010-12-03,2010-06-07,252,349,Wang2022,1,0.05,FALSE,0.3232,0.000203808409586059,0.000265087740687418,1250,20289267,5,rolling_v1|Wang2022|252|5|0.05|1|1250|1|TRUE|QS|20260821,ok,,204.317999999999
gfc_2005_2010,The global financial crisis period,250,gfc_2005_2010_w0250,2009-12-11,2010-12-10,2010-06-14,252,349,Wang2022,1,0.05,FALSE,0.3216,0.000204214239853859,0.000265797619107005,1250,20289034,5,rolling_v1|Wang2022|252|5|0.05|1|1250|1|TRUE|QS|20260821,ok,,204.839999999997
gfc_2005_2010,The global financial crisis period,251,gfc_2005_2010_w0251,2009-12-18,2010-12-17,2010-06-21,252,349,Wang2022,1,0.05,FALSE,0.3088,0.000203124136476137,0.000263962359039546,1250,20289063,5,rolling_v1|Wang2022|252|5|0.05|1|1250|1|TRUE|QS|20260821,ok,,209.399999999994
gfc_2005_2010,The global financial crisis period,252,gfc_2005_2010_w0252,2009-12-28,2010-12-27,2010-06-28,252,349,Wang2022,1,0.05,FALSE,0.3056,0.000205583536477309,0.00027092111950669,1250,20289092,5,rolling_v1|Wang2022|252|5|0.05|1|1250|1|TRUE|QS|20260821,ok,,207.698000000004
gfc_2005_2010,The global financial crisis period,1,gfc_2005_2010_w0001,2005-01-03,2005-12-30,2005-07-01,252,349,our_resampling,1,0.05,FALSE,0.413,-0.148738742716846,2.28660476688164,1000,20306681,5,rolling_v1|our_resampling|252|5|0.05|1|1000|1|TRUE|QS|20260821,ok,,0.311000000001513
gfc_2005_2010,The global financial crisis period,2,gfc_2005_2010_w0002,2005-01-10,2006-01-09,2005-07-11,252,349,our_resampling,1,0.05,FALSE,0.367,0.126200997849471,2.32082847384614,1000,20306716,5,rolling_v1|our_resampling|252|5|0.05|1|1000|1|TRUE|QS|20260821,ok,,0.298999999999069
gfc_2005_2010,The global financial crisis period,3,gfc_2005_2010_w0003,2005-01-18,2006-01-17,2005-07-18,252,349,our_resampling,1,0.05,FALSE,0.37,0.0695767616750607,2.38321858432659,1000,20306751,5,rolling_v1|our_resampling|252|5|0.05|1|1000|1|TRUE|QS|20260821,ok,,0.30000000000291
gfc_2005_2010,The global financial crisis period,4,gfc_2005_2010_w0004,2005-01-25,2006-01-24,2005-07-25,252,349,our_resampling,1,0.05,FALSE,0.317,0.242456749418398,2.44197232023514,1000,20306786,5,rolling_v1|our_resampling|252|5|0.05|1|1000|1|TRUE|QS|20260821,ok,,0.298999999999069
gfc_2005_2010,The global financial crisis period,5,gfc_2005_2010_w0005,2005-02-01,2006-01-31,2005-08-01,252,349,our_resampling,1,0.05,FALSE,0.215,0.50500339505272,2.05813450942762,1000,20306821,5,rolling_v1|our_resampling|252|5|0.05|1|1000|1|TRUE|QS|20260821,ok,,0.298999999999069
gfc_2005_2010,The global financial crisis period,6,gfc_2005_2010_w0006,2005-02-08,2006-02-07,2005-08-08,252,349,our_resampling,1,0.05,FALSE,0.308,0.242864212853202,2.33757856254441,1000,20306856,5,rolling_v1|our_resampling|252|5|0.05|1|1000|1|TRUE|QS|20260821,ok,,0.298999999999069
gfc_2005_2010,The global financial crisis period,7,gfc_2005_2010_w0007,2005-02-15,2006-02-14,2005-08-15,252,349,our_resampling,1,0.05,FALSE,0.303,0.302822678385795,2.25332276079297,1000,20306891,5,rolling_v1|our_resampling|252|5|0.05|1|1000|1|TRUE|QS|20260821,ok,,0.298999999999069
gfc_2005_2010,The global financial crisis period,8,gfc_2005_2010_w0008,2005-02-23,2006-02-22,2005-08-22,252,349,our_resampling,1,0.05,FALSE,0.267,0.409444543987804,2.45534634053017,1000,20306926,5,rolling_v1|our_resampling|252|5|0.05|1|1000|1|TRUE|QS|20260821,ok,,0.30000000000291
gfc_2005_2010,The global financial crisis period,9,gfc_2005_2010_w0009,2005-03-02,2006-03-01,2005-08-29,252,349,our_resampling,1,0.05,FALSE,0.181,0.788537225587762,2.42011164031503,1000,20306961,5,rolling_v1|our_resampling|252|5|0.05|1|1000|1|TRUE|QS|20260821,ok,,0.298999999999069
gfc_2005_2010,The global financial crisis period,10,gfc_2005_2010_w0010,2005-03-09,2006-03-08,2005-09-06,252,349,our_resampling,1,0.05,FALSE,0.163,1.07729845707557,2.63861493057344,1000,20306680,5,rolling_v1|our_resampling|252|5|0.05|1|1000|1|TRUE|QS|20260821,ok,,0.30000000000291
gfc_2005_2010,The global financial crisis period,11,gfc_2005_2010_w0011,2005-03-16,2006-03-15,2005-09-13,252,349,our_resampling,1,0.05,FALSE,0.14,1.00580685521636,2.19859482333818,1000,20306715,5,rolling_v1|our_resampling|252|5|0.05|1|1000|1|TRUE|QS|20260821,ok,,0.3009999999922
gfc_2005_2010,The global financial crisis period,12,gfc_2005_2010_w0012,2005-03-23,2006-03-22,2005-09-20,252,349,our_resampling,1,0.05,FALSE,0.16,1.04117439834893,2.56082538655468,1000,20306750,5,rolling_v1|our_resampling|252|5|0.05|1|1000|1|TRUE|QS|20260821,ok,,0.30000000000291
gfc_2005_2010,The global financial crisis period,13,gfc_2005_2010_w0013,2005-03-31,2006-03-29,2005-09-27,252,349,our_resampling,1,0.05,FALSE,0.164,0.891096165942613,2.60119936846397,1000,20306785,5,rolling_v1|our_resampling|252|5|0.05|1|1000|1|TRUE|QS|20260821,ok,,0.339000000007218
gfc_2005_2010,The global financial crisis period,14,gfc_2005_2010_w0014,2005-04-07,2006-04-05,2005-10-04,252,349,our_resampling,1,0.05,FALSE,0.166,0.790877299515969,2.40277098128219,1000,20306820,5,rolling_v1|our_resampling|252|5|0.05|1|1000|1|TRUE|QS|20260821,ok,,0.307000000000699
gfc_2005_2010,The global financial crisis period,15,gfc_2005_2010_w0015,2005-04-14,2006-04-12,2005-10-11,252,349,our_resampling,1,0.05,FALSE,0.191,0.859445822631247,2.5980774199464,1000,20306855,5,rolling_v1|our_resampling|252|5|0.05|1|1000|1|TRUE|QS|20260821,ok,,0.302999999999884
gfc_2005_2010,The global financial crisis period,16,gfc_2005_2010_w0016,2005-04-21,2006-04-20,2005-10-18,252,349,our_resampling,1,0.05,FALSE,0.174,0.750116937243274,2.02709690774711,1000,20306890,5,rolling_v1|our_resampling|252|5|0.05|1|1000|1|TRUE|QS|20260821,ok,,0.298000000009779
gfc_2005_2010,The global financial crisis period,17,gfc_2005_2010_w0017,2005-04-28,2006-04-27,2005-10-25,252,349,our_resampling,1,0.05,FALSE,0.335,0.159102408457391,1.81261746170532,1000,20306925,5,rolling_v1|our_resampling|252|5|0.05|1|1000|1|TRUE|QS|20260821,ok,,0.298000000009779
gfc_2005_2010,The global financial crisis period,18,gfc_2005_2010_w0018,2005-05-05,2006-05-04,2005-11-01,252,349,our_resampling,1,0.05,FALSE,0.456,-0.129817837554102,2.02635724398866,1000,20306960,5,rolling_v1|our_resampling|252|5|0.05|1|1000|1|TRUE|QS|20260821,ok,,0.302000000010594
gfc_2005_2010,The global financial crisis period,19,gfc_2005_2010_w0019,2005-05-12,2006-05-11,2005-11-08,252,349,our_resampling,1,0.05,FALSE,0.537,-0.306248810443695,2.02685821389633,1000,20306995,5,rolling_v1|our_resampling|252|5|0.05|1|1000|1|TRUE|QS|20260821,ok,,0.296000000002096
gfc_2005_2010,The global financial crisis period,20,gfc_2005_2010_w0020,2005-05-19,2006-05-18,2005-11-15,252,349,our_resampling,1,0.05,FALSE,0.408,0.034654639105832,1.94707813103417,1000,20306714,5,rolling_v1|our_resampling|252|5|0.05|1|1000|1|TRUE|QS|20260821,ok,,0.296999999991385
gfc_2005_2010,The global financial crisis period,21,gfc_2005_2010_w0021,2005-05-26,2006-05-25,2005-11-22,252,349,our_resampling,1,0.05,FALSE,0.412,-0.00247561293701164,2.12617815271402,1000,20306749,5,rolling_v1|our_resampling|252|5|0.05|1|1000|1|TRUE|QS|20260821,ok,,0.297999999995227
gfc_2005_2010,The global financial crisis period,22,gfc_2005_2010_w0022,2005-06-03,2006-06-02,2005-11-30,252,349,our_resampling,1,0.05,FALSE,0.481,-0.150972217175784,2.16919277919476,1000,20306784,5,rolling_v1|our_resampling|252|5|0.05|1|1000|1|TRUE|QS|20260821,ok,,0.298000000009779
gfc_2005_2010,The global financial crisis period,23,gfc_2005_2010_w0023,2005-06-10,2006-06-09,2005-12-07,252,349,our_resampling,1,0.05,FALSE,0.363,0.10896550359271,1.88943510517077,1000,20306819,5,rolling_v1|our_resampling|252|5|0.05|1|1000|1|TRUE|QS|20260821,ok,,0.296999999991385
gfc_2005_2010,The global financial crisis period,24,gfc_2005_2010_w0024,2005-06-17,2006-06-16,2005-12-14,252,349,our_resampling,1,0.05,FALSE,0.368,0.186821657487006,2.18710018931439,1000,20306854,5,rolling_v1|our_resampling|252|5|0.05|1|1000|1|TRUE|QS|20260821,ok,,0.297999999995227
gfc_2005_2010,The global financial crisis period,25,gfc_2005_2010_w0025,2005-06-24,2006-06-23,2005-12-21,252,349,our_resampling,1,0.05,FALSE,0.349,0.141915331097562,1.86733899133313,1000,20306889,5,rolling_v1|our_resampling|252|5|0.05|1|1000|1|TRUE|QS|20260821,ok,,0.298000000009779
gfc_2005_2010,The global financial crisis period,26,gfc_2005_2010_w0026,2005-07-01,2006-06-30,2005-12-29,252,349,our_resampling,1,0.05,FALSE,0.336,0.160702534218082,1.60572731735828,1000,20306924,5,rolling_v1|our_resampling|252|5|0.05|1|1000|1|TRUE|QS|20260821,ok,,0.297000000005937
gfc_2005_2010,The global financial crisis period,27,gfc_2005_2010_w0027,2005-07-11,2006-07-10,2006-01-06,252,349,our_resampling,1,0.05,FALSE,0.322,0.186834922368827,1.79840165387679,1000,20306959,5,rolling_v1|our_resampling|252|5|0.05|1|1000|1|TRUE|QS|20260821,ok,,0.309999999997672
gfc_2005_2010,The global financial crisis period,28,gfc_2005_2010_w0028,2005-07-18,2006-07-17,2006-01-13,252,349,our_resampling,1,0.05,FALSE,0.301,0.246254312148574,1.84840282200817,1000,20306994,5,rolling_v1|our_resampling|252|5|0.05|1|1000|1|TRUE|QS|20260821,ok,,0.30000000000291
gfc_2005_2010,The global financial crisis period,29,gfc_2005_2010_w0029,2005-07-25,2006-07-24,2006-01-23,252,349,our_resampling,1,0.05,FALSE,0.534,-0.284533164527518,1.97702353386826,1000,20307029,5,rolling_v1|our_resampling|252|5|0.05|1|1000|1|TRUE|QS|20260821,ok,,0.297999999995227
gfc_2005_2010,The global financial crisis period,30,gfc_2005_2010_w0030,2005-08-01,2006-07-31,2006-01-30,252,349,our_resampling,1,0.05,FALSE,0.39,-0.0435512445593048,1.94761426917623,1000,20306748,5,rolling_v1|our_resampling|252|5|0.05|1|1000|1|TRUE|QS|20260821,ok,,0.297999999995227
gfc_2005_2010,The global financial crisis period,31,gfc_2005_2010_w0031,2005-08-08,2006-08-07,2006-02-06,252,349,our_resampling,1,0.05,FALSE,0.447,-0.160260275833918,2.07201668029215,1000,20306783,5,rolling_v1|our_resampling|252|5|0.05|1|1000|1|TRUE|QS|20260821,ok,,0.297999999995227
gfc_2005_2010,The global financial crisis period,32,gfc_2005_2010_w0032,2005-08-15,2006-08-14,2006-02-13,252,349,our_resampling,1,0.05,FALSE,0.47,-0.13267918344999,2.06705665357447,1000,20306818,5,rolling_v1|our_resampling|252|5|0.05|1|1000|1|TRUE|QS|20260821,ok,,0.296000000002096
gfc_2005_2010,The global financial crisis period,33,gfc_2005_2010_w0033,2005-08-22,2006-08-21,2006-02-21,252,349,our_resampling,1,0.05,FALSE,0.37,0.0316217177360491,2.10225784396008,1000,20306853,5,rolling_v1|our_resampling|252|5|0.05|1|1000|1|TRUE|QS|20260821,ok,,0.297000000005937
gfc_2005_2010,The global financial crisis period,34,gfc_2005_2010_w0034,2005-08-29,2006-08-28,2006-02-28,252,349,our_resampling,1,0.05,FALSE,0.39,0.0110408304326735,1.96125905703799,1000,20306888,5,rolling_v1|our_resampling|252|5|0.05|1|1000|1|TRUE|QS|20260821,ok,,0.297000000005937
gfc_2005_2010,The global financial crisis period,35,gfc_2005_2010_w0035,2005-09-06,2006-09-05,2006-03-07,252,349,our_resampling,1,0.05,FALSE,0.313,0.0965966367377682,2.0121473961102,1000,20306923,5,rolling_v1|our_resampling|252|5|0.05|1|1000|1|TRUE|QS|20260821,ok,,0.298000000009779
gfc_2005_2010,The global financial crisis period,36,gfc_2005_2010_w0036,2005-09-13,2006-09-12,2006-03-14,252,349,our_resampling,1,0.05,FALSE,0.352,0.0647903571621776,2.05638052621003,1000,20306958,5,rolling_v1|our_resampling|252|5|0.05|1|1000|1|TRUE|QS|20260821,ok,,0.297000000005937
gfc_2005_2010,The global financial crisis period,37,gfc_2005_2010_w0037,2005-09-20,2006-09-19,2006-03-21,252,349,our_resampling,1,0.05,FALSE,0.312,0.136976831183835,1.9215602795327,1000,20306993,5,rolling_v1|our_resampling|252|5|0.05|1|1000|1|TRUE|QS|20260821,ok,,0.297999999995227
gfc_2005_2010,The global financial crisis period,38,gfc_2005_2010_w0038,2005-09-27,2006-09-26,2006-03-28,252,349,our_resampling,1,0.05,FALSE,0.286,0.167580303510793,1.81841053523229,1000,20307028,5,rolling_v1|our_resampling|252|5|0.05|1|1000|1|TRUE|QS|20260821,ok,,0.297000000005937
gfc_2005_2010,The global financial crisis period,39,gfc_2005_2010_w0039,2005-10-04,2006-10-03,2006-04-04,252,349,our_resampling,1,0.05,FALSE,0.296,0.233896580862204,2.13018337180172,1000,20307063,5,rolling_v1|our_resampling|252|5|0.05|1|1000|1|TRUE|QS|20260821,ok,,0.298000000009779
gfc_2005_2010,The global financial crisis period,40,gfc_2005_2010_w0040,2005-10-11,2006-10-10,2006-04-11,252,349,our_resampling,1,0.05,FALSE,0.263,0.381969036513951,2.13957729811181,1000,20306782,5,rolling_v1|our_resampling|252|5|0.05|1|1000|1|TRUE|QS|20260821,ok,,0.3009999999922
gfc_2005_2010,The global financial crisis period,41,gfc_2005_2010_w0041,2005-10-18,2006-10-17,2006-04-19,252,349,our_resampling,1,0.05,FALSE,0.287,0.329685825961502,1.88256812557328,1000,20306817,5,rolling_v1|our_resampling|252|5|0.05|1|1000|1|TRUE|QS|20260821,ok,,0.297000000005937
gfc_2005_2010,The global financial crisis period,42,gfc_2005_2010_w0042,2005-10-25,2006-10-24,2006-04-26,252,349,our_resampling,1,0.05,FALSE,0.235,0.547031988496063,2.1558193875911,1000,20306852,5,rolling_v1|our_resampling|252|5|0.05|1|1000|1|TRUE|QS|20260821,ok,,0.296999999991385
gfc_2005_2010,The global financial crisis period,43,gfc_2005_2010_w0043,2005-11-01,2006-10-31,2006-05-03,252,349,our_resampling,1,0.05,FALSE,0.235,0.520215007836754,2.03679735896094,1000,20306887,5,rolling_v1|our_resampling|252|5|0.05|1|1000|1|TRUE|QS|20260821,ok,,0.297000000005937
gfc_2005_2010,The global financial crisis period,44,gfc_2005_2010_w0044,2005-11-08,2006-11-07,2006-05-10,252,349,our_resampling,1,0.05,FALSE,0.228,0.43736631320023,1.82004712123074,1000,20306922,5,rolling_v1|our_resampling|252|5|0.05|1|1000|1|TRUE|QS|20260821,ok,,0.298000000009779
gfc_2005_2010,The global financial crisis period,45,gfc_2005_2010_w0045,2005-11-15,2006-11-14,2006-05-17,252,349,our_resampling,1,0.05,FALSE,0.249,0.522059776589787,2.11331726643342,1000,20306957,5,rolling_v1|our_resampling|252|5|0.05|1|1000|1|TRUE|QS|20260821,ok,,0.297000000005937
gfc_2005_2010,The global financial crisis period,46,gfc_2005_2010_w0046,2005-11-22,2006-11-21,2006-05-24,252,349,our_resampling,1,0.05,FALSE,0.221,0.593193156914325,2.40679605418406,1000,20306992,5,rolling_v1|our_resampling|252|5|0.05|1|1000|1|TRUE|QS|20260821,ok,,0.297000000005937
gfc_2005_2010,The global financial crisis period,47,gfc_2005_2010_w0047,2005-11-30,2006-11-29,2006-06-01,252,349,our_resampling,1,0.05,FALSE,0.189,0.687808545306719,1.99039182980516,1000,20307027,5,rolling_v1|our_resampling|252|5|0.05|1|1000|1|TRUE|QS|20260821,ok,,0.298000000009779
gfc_2005_2010,The global financial crisis period,48,gfc_2005_2010_w0048,2005-12-07,2006-12-06,2006-06-08,252,349,our_resampling,1,0.05,FALSE,0.154,0.843387697774985,2.0606871256479,1000,20307062,5,rolling_v1|our_resampling|252|5|0.05|1|1000|1|TRUE|QS|20260821,ok,,0.296999999991385
gfc_2005_2010,The global financial crisis period,49,gfc_2005_2010_w0049,2005-12-14,2006-12-13,2006-06-15,252,349,our_resampling,1,0.05,FALSE,0.135,0.851171495461943,1.78614237886919,1000,20307097,5,rolling_v1|our_resampling|252|5|0.05|1|1000|1|TRUE|QS|20260821,ok,,0.297999999995227
gfc_2005_2010,The global financial crisis period,50,gfc_2005_2010_w0050,2005-12-21,2006-12-20,2006-06-22,252,349,our_resampling,1,0.05,FALSE,0.183,0.759643574440317,2.03032391512031,1000,20306816,5,rolling_v1|our_resampling|252|5|0.05|1|1000|1|TRUE|QS|20260821,ok,,0.297000000005937
gfc_2005_2010,The global financial crisis period,51,gfc_2005_2010_w0051,2005-12-29,2006-12-28,2006-06-29,252,349,our_resampling,1,0.05,FALSE,0.145,0.939221078985478,2.02270929324975,1000,20306851,5,rolling_v1|our_resampling|252|5|0.05|1|1000|1|TRUE|QS|20260821,ok,,0.297999999995227
gfc_2005_2010,The global financial crisis period,52,gfc_2005_2010_w0052,2006-01-06,2007-01-08,2006-07-07,252,349,our_resampling,1,0.05,FALSE,0.137,1.06451291403496,2.07614118761372,1000,20306886,5,rolling_v1|our_resampling|252|5|0.05|1|1000|1|TRUE|QS|20260821,ok,,0.295999999987544
gfc_2005_2010,The global financial crisis period,53,gfc_2005_2010_w0053,2006-01-13,2007-01-16,2006-07-14,252,349,our_resampling,1,0.05,FALSE,0.114,1.23772256204843,2.11441697945066,1000,20306921,5,rolling_v1|our_resampling|252|5|0.05|1|1000|1|TRUE|QS|20260821,ok,,0.296999999991385
gfc_2005_2010,The global financial crisis period,54,gfc_2005_2010_w0054,2006-01-23,2007-01-23,2006-07-21,252,349,our_resampling,1,0.05,FALSE,0.089,1.44643521128946,2.30046757511065,1000,20306956,5,rolling_v1|our_resampling|252|5|0.05|1|1000|1|TRUE|QS|20260821,ok,,0.297000000005937
gfc_2005_2010,The global financial crisis period,55,gfc_2005_2010_w0055,2006-01-30,2007-01-30,2006-07-28,252,349,our_resampling,1,0.05,FALSE,0.139,1.01910230201003,1.97769397971425,1000,20306991,5,rolling_v1|our_resampling|252|5|0.05|1|1000|1|TRUE|QS|20260821,ok,,0.297000000005937
gfc_2005_2010,The global financial crisis period,56,gfc_2005_2010_w0056,2006-02-06,2007-02-06,2006-08-04,252,349,our_resampling,1,0.05,FALSE,0.12,1.19379106700976,2.09703974231829,1000,20307026,5,rolling_v1|our_resampling|252|5|0.05|1|1000|1|TRUE|QS|20260821,ok,,0.297000000005937
gfc_2005_2010,The global financial crisis period,57,gfc_2005_2010_w0057,2006-02-13,2007-02-13,2006-08-11,252,349,our_resampling,1,0.05,FALSE,0.103,1.30687684069781,2.23248918229765,1000,20307061,5,rolling_v1|our_resampling|252|5|0.05|1|1000|1|TRUE|QS|20260821,ok,,0.298000000009779
gfc_2005_2010,The global financial crisis period,58,gfc_2005_2010_w0058,2006-02-21,2007-02-21,2006-08-18,252,349,our_resampling,1,0.05,FALSE,0.096,1.46767557299148,2.52111391265053,1000,20307096,5,rolling_v1|our_resampling|252|5|0.05|1|1000|1|TRUE|QS|20260821,ok,,0.297000000005937
gfc_2005_2010,The global financial crisis period,59,gfc_2005_2010_w0059,2006-02-28,2007-02-28,2006-08-25,252,349,our_resampling,1,0.05,FALSE,0.062,1.56840373704988,1.66890860375036,1000,20307131,5,rolling_v1|our_resampling|252|5|0.05|1|1000|1|TRUE|QS|20260821,ok,,0.297000000005937
gfc_2005_2010,The global financial crisis period,60,gfc_2005_2010_w0060,2006-03-07,2007-03-07,2006-09-01,252,349,our_resampling,1,0.05,FALSE,0.066,1.62058188304219,1.91427304906816,1000,20306850,5,rolling_v1|our_resampling|252|5|0.05|1|1000|1|TRUE|QS|20260821,ok,,0.296999999991385
gfc_2005_2010,The global financial crisis period,61,gfc_2005_2010_w0061,2006-03-14,2007-03-14,2006-09-11,252,349,our_resampling,1,0.05,FALSE,0.087,1.29302287593244,1.99018590574647,1000,20306885,5,rolling_v1|our_resampling|252|5|0.05|1|1000|1|TRUE|QS|20260821,ok,,0.299999999988358
gfc_2005_2010,The global financial crisis period,62,gfc_2005_2010_w0062,2006-03-21,2007-03-21,2006-09-18,252,349,our_resampling,1,0.05,FALSE,0.138,0.99380422095635,2.05186070463429,1000,20306920,5,rolling_v1|our_resampling|252|5|0.05|1|1000|1|TRUE|QS|20260821,ok,,0.301999999996042
gfc_2005_2010,The global financial crisis period,63,gfc_2005_2010_w0063,2006-03-28,2007-03-28,2006-09-25,252,349,our_resampling,1,0.05,FALSE,0.105,1.26314721230081,1.85380491144459,1000,20306955,5,rolling_v1|our_resampling|252|5|0.05|1|1000|1|TRUE|QS|20260821,ok,,0.297000000005937
gfc_2005_2010,The global financial crisis period,64,gfc_2005_2010_w0064,2006-04-04,2007-04-04,2006-10-02,252,349,our_resampling,1,0.05,FALSE,0.094,1.33122916115699,2.09514253425128,1000,20306990,5,rolling_v1|our_resampling|252|5|0.05|1|1000|1|TRUE|QS|20260821,ok,,0.296000000002096
gfc_2005_2010,The global financial crisis period,65,gfc_2005_2010_w0065,2006-04-11,2007-04-12,2006-10-09,252,349,our_resampling,1,0.05,FALSE,0.109,1.05274605076937,1.85954613839879,1000,20307025,5,rolling_v1|our_resampling|252|5|0.05|1|1000|1|TRUE|QS|20260821,ok,,0.297000000005937
gfc_2005_2010,The global financial crisis period,66,gfc_2005_2010_w0066,2006-04-19,2007-04-19,2006-10-16,252,349,our_resampling,1,0.05,FALSE,0.102,1.11798297460421,1.78380036042429,1000,20307060,5,rolling_v1|our_resampling|252|5|0.05|1|1000|1|TRUE|QS|20260821,ok,,0.296000000002096
gfc_2005_2010,The global financial crisis period,67,gfc_2005_2010_w0067,2006-04-26,2007-04-26,2006-10-23,252,349,our_resampling,1,0.05,FALSE,0.103,1.13944571700845,1.73524679443856,1000,20307095,5,rolling_v1|our_resampling|252|5|0.05|1|1000|1|TRUE|QS|20260821,ok,,0.297000000005937
gfc_2005_2010,The global financial crisis period,68,gfc_2005_2010_w0068,2006-05-03,2007-05-03,2006-10-30,252,349,our_resampling,1,0.05,FALSE,0.09,1.2608620321442,1.63280061585872,1000,20307130,5,rolling_v1|our_resampling|252|5|0.05|1|1000|1|TRUE|QS|20260821,ok,,0.296999999991385
gfc_2005_2010,The global financial crisis period,69,gfc_2005_2010_w0069,2006-05-10,2007-05-10,2006-11-06,252,349,our_resampling,1,0.05,FALSE,0.123,1.0810879086936,1.94827926835721,1000,20307165,5,rolling_v1|our_resampling|252|5|0.05|1|1000|1|TRUE|QS|20260821,ok,,0.297000000005937
gfc_2005_2010,The global financial crisis period,70,gfc_2005_2010_w0070,2006-05-17,2007-05-17,2006-11-13,252,349,our_resampling,1,0.05,FALSE,0.251,0.399204593911765,1.99571789257239,1000,20306884,5,rolling_v1|our_resampling|252|5|0.05|1|1000|1|TRUE|QS|20260821,ok,,0.296000000002096
gfc_2005_2010,The global financial crisis period,71,gfc_2005_2010_w0071,2006-05-24,2007-05-24,2006-11-20,252,349,our_resampling,1,0.05,FALSE,0.24,0.471345778010427,1.96453642867176,1000,20306919,5,rolling_v1|our_resampling|252|5|0.05|1|1000|1|TRUE|QS|20260821,ok,,0.297000000005937
gfc_2005_2010,The global financial crisis period,72,gfc_2005_2010_w0072,2006-06-01,2007-06-01,2006-11-28,252,349,our_resampling,1,0.05,FALSE,0.219,0.518984631338156,2.0935687133194,1000,20306954,5,rolling_v1|our_resampling|252|5|0.05|1|1000|1|TRUE|QS|20260821,ok,,0.297000000005937
gfc_2005_2010,The global financial crisis period,73,gfc_2005_2010_w0073,2006-06-08,2007-06-08,2006-12-05,252,349,our_resampling,1,0.05,FALSE,0.272,0.256399185970094,2.03157273059218,1000,20306989,5,rolling_v1|our_resampling|252|5|0.05|1|1000|1|TRUE|QS|20260821,ok,,0.297000000005937
gfc_2005_2010,The global financial crisis period,74,gfc_2005_2010_w0074,2006-06-15,2007-06-15,2006-12-12,252,349,our_resampling,1,0.05,FALSE,0.233,0.411643461800479,1.80105715047566,1000,20307024,5,rolling_v1|our_resampling|252|5|0.05|1|1000|1|TRUE|QS|20260821,ok,,0.297000000005937
gfc_2005_2010,The global financial crisis period,75,gfc_2005_2010_w0075,2006-06-22,2007-06-22,2006-12-19,252,349,our_resampling,1,0.05,FALSE,0.224,0.424457624064929,2.16168901335244,1000,20307059,5,rolling_v1|our_resampling|252|5|0.05|1|1000|1|TRUE|QS|20260821,ok,,0.297000000005937
gfc_2005_2010,The global financial crisis period,76,gfc_2005_2010_w0076,2006-06-29,2007-06-29,2006-12-27,252,349,our_resampling,1,0.05,FALSE,0.237,0.464950933163877,1.90967720396201,1000,20307094,5,rolling_v1|our_resampling|252|5|0.05|1|1000|1|TRUE|QS|20260821,ok,,0.296000000002096
gfc_2005_2010,The global financial crisis period,77,gfc_2005_2010_w0077,2006-07-07,2007-07-09,2007-01-05,252,349,our_resampling,1,0.05,FALSE,0.258,0.393376614375466,2.27445788753528,1000,20307129,5,rolling_v1|our_resampling|252|5|0.05|1|1000|1|TRUE|QS|20260821,ok,,0.297000000005937
gfc_2005_2010,The global financial crisis period,78,gfc_2005_2010_w0078,2006-07-14,2007-07-16,2007-01-12,252,349,our_resampling,1,0.05,FALSE,0.227,0.526308874326336,2.06366468446979,1000,20307164,5,rolling_v1|our_resampling|252|5|0.05|1|1000|1|TRUE|QS|20260821,ok,,0.297999999995227
gfc_2005_2010,The global financial crisis period,79,gfc_2005_2010_w0079,2006-07-21,2007-07-23,2007-01-22,252,349,our_resampling,1,0.05,FALSE,0.127,0.930200702231544,1.64247307561618,1000,20307199,5,rolling_v1|our_resampling|252|5|0.05|1|1000|1|TRUE|QS|20260821,ok,,0.298000000009779
gfc_2005_2010,The global financial crisis period,80,gfc_2005_2010_w0080,2006-07-28,2007-07-30,2007-01-29,252,349,our_resampling,1,0.05,FALSE,0.278,0.360127109958395,2.07150490340439,1000,20306918,5,rolling_v1|our_resampling|252|5|0.05|1|1000|1|TRUE|QS|20260821,ok,,0.296000000002096
gfc_2005_2010,The global financial crisis period,81,gfc_2005_2010_w0081,2006-08-04,2007-08-06,2007-02-05,252,349,our_resampling,1,0.05,FALSE,0.112,1.40058813063262,2.49576929164758,1000,20306953,5,rolling_v1|our_resampling|252|5|0.05|1|1000|1|TRUE|QS|20260821,ok,,0.296000000002096
gfc_2005_2010,The global financial crisis period,82,gfc_2005_2010_w0082,2006-08-11,2007-08-13,2007-02-12,252,349,our_resampling,1,0.05,FALSE,0.082,2.02052315923886,2.89923870928301,1000,20306988,5,rolling_v1|our_resampling|252|5|0.05|1|1000|1|TRUE|QS|20260821,ok,,0.297000000005937
gfc_2005_2010,The global financial crisis period,83,gfc_2005_2010_w0083,2006-08-18,2007-08-20,2007-02-20,252,349,our_resampling,1,0.05,FALSE,0.069,2.31030916768887,2.82616598813291,1000,20307023,5,rolling_v1|our_resampling|252|5|0.05|1|1000|1|TRUE|QS|20260821,ok,,0.296000000002096
gfc_2005_2010,The global financial crisis period,84,gfc_2005_2010_w0084,2006-08-25,2007-08-27,2007-02-27,252,349,our_resampling,1,0.05,FALSE,0.061,2.45909219149125,2.63124306489821,1000,20307058,5,rolling_v1|our_resampling|252|5|0.05|1|1000|1|TRUE|QS|20260821,ok,,0.297000000005937
gfc_2005_2010,The global financial crisis period,85,gfc_2005_2010_w0085,2006-09-01,2007-09-04,2007-03-06,252,349,our_resampling,1,0.05,FALSE,0.055,2.66975146683854,2.81363742539886,1000,20307093,5,rolling_v1|our_resampling|252|5|0.05|1|1000|1|TRUE|QS|20260821,ok,,0.301000000006752
gfc_2005_2010,The global financial crisis period,86,gfc_2005_2010_w0086,2006-09-11,2007-09-11,2007-03-13,252,349,our_resampling,1,0.05,TRUE,0.043,3.37851656599612,3.0481317916344,1000,20307128,5,rolling_v1|our_resampling|252|5|0.05|1|1000|1|TRUE|QS|20260821,ok,,0.297000000005937
gfc_2005_2010,The global financial crisis period,87,gfc_2005_2010_w0087,2006-09-18,2007-09-18,2007-03-20,252,349,our_resampling,1,0.05,TRUE,0.03,3.87193188260891,3.19336193701672,1000,20307163,5,rolling_v1|our_resampling|252|5|0.05|1|1000|1|TRUE|QS|20260821,ok,,0.297000000005937
gfc_2005_2010,The global financial crisis period,88,gfc_2005_2010_w0088,2006-09-25,2007-09-25,2007-03-27,252,349,our_resampling,1,0.05,TRUE,0.047,3.07946985438623,3.02725158987046,1000,20307198,5,rolling_v1|our_resampling|252|5|0.05|1|1000|1|TRUE|QS|20260821,ok,,0.297000000005937
gfc_2005_2010,The global financial crisis period,89,gfc_2005_2010_w0089,2006-10-02,2007-10-02,2007-04-03,252,349,our_resampling,1,0.05,TRUE,0.034,3.16351258213278,2.65062931695652,1000,20307233,5,rolling_v1|our_resampling|252|5|0.05|1|1000|1|TRUE|QS|20260821,ok,,0.30000000000291
gfc_2005_2010,The global financial crisis period,90,gfc_2005_2010_w0090,2006-10-09,2007-10-09,2007-04-11,252,349,our_resampling,1,0.05,TRUE,0.038,3.06051177718366,2.43739097695377,1000,20306952,5,rolling_v1|our_resampling|252|5|0.05|1|1000|1|TRUE|QS|20260821,ok,,0.297999999995227
gfc_2005_2010,The global financial crisis period,91,gfc_2005_2010_w0091,2006-10-16,2007-10-16,2007-04-18,252,349,our_resampling,1,0.05,TRUE,0.031,3.17953407989941,2.70473724417461,1000,20306987,5,rolling_v1|our_resampling|252|5|0.05|1|1000|1|TRUE|QS|20260821,ok,,0.296999999991385
gfc_2005_2010,The global financial crisis period,92,gfc_2005_2010_w0092,2006-10-23,2007-10-23,2007-04-25,252,349,our_resampling,1,0.05,TRUE,0.041,3.07066526590022,2.80410306371809,1000,20307022,5,rolling_v1|our_resampling|252|5|0.05|1|1000|1|TRUE|QS|20260821,ok,,0.301999999996042
gfc_2005_2010,The global financial crisis period,93,gfc_2005_2010_w0093,2006-10-30,2007-10-30,2007-05-02,252,349,our_resampling,1,0.05,TRUE,0.04,3.07342436230588,2.63618960288841,1000,20307057,5,rolling_v1|our_resampling|252|5|0.05|1|1000|1|TRUE|QS|20260821,ok,,0.3009999999922
gfc_2005_2010,The global financial crisis period,94,gfc_2005_2010_w0094,2006-11-06,2007-11-06,2007-05-09,252,349,our_resampling,1,0.05,TRUE,0.022,3.3520794356206,2.45179914212234,1000,20307092,5,rolling_v1|our_resampling|252|5|0.05|1|1000|1|TRUE|QS|20260821,ok,,0.302000000010594
gfc_2005_2010,The global financial crisis period,95,gfc_2005_2010_w0095,2006-11-13,2007-11-13,2007-05-16,252,349,our_resampling,1,0.05,TRUE,0.005,4.81819657171248,2.37319648582281,1000,20307127,5,rolling_v1|our_resampling|252|5|0.05|1|1000|1|TRUE|QS|20260821,ok,,0.301000000006752
gfc_2005_2010,The global financial crisis period,96,gfc_2005_2010_w0096,2006-11-20,2007-11-20,2007-05-23,252,349,our_resampling,1,0.05,TRUE,0.002,5.87302071806389,2.46970277150353,1000,20307162,5,rolling_v1|our_resampling|252|5|0.05|1|1000|1|TRUE|QS|20260821,ok,,0.307000000000699
gfc_2005_2010,The global financial crisis period,97,gfc_2005_2010_w0097,2006-11-28,2007-11-28,2007-05-31,252,349,our_resampling,1,0.05,TRUE,0.005,6.04407922890808,2.71662474100393,1000,20307197,5,rolling_v1|our_resampling|252|5|0.05|1|1000|1|TRUE|QS|20260821,ok,,0.297999999995227
gfc_2005_2010,The global financial crisis period,98,gfc_2005_2010_w0098,2006-12-05,2007-12-05,2007-06-07,252,349,our_resampling,1,0.05,TRUE,0.006,6.39656093203071,2.57630691524625,1000,20307232,5,rolling_v1|our_resampling|252|5|0.05|1|1000|1|TRUE|QS|20260821,ok,,0.298000000009779
gfc_2005_2010,The global financial crisis period,99,gfc_2005_2010_w0099,2006-12-12,2007-12-12,2007-06-14,252,349,our_resampling,1,0.05,TRUE,0.002,6.36794010694634,2.49967565912511,1000,20307267,5,rolling_v1|our_resampling|252|5|0.05|1|1000|1|TRUE|QS|20260821,ok,,0.298000000009779
gfc_2005_2010,The global financial crisis period,100,gfc_2005_2010_w0100,2006-12-19,2007-12-19,2007-06-21,252,349,our_resampling,1,0.05,TRUE,0.004,5.91998447469351,2.29560924587554,1000,20306679,5,rolling_v1|our_resampling|252|5|0.05|1|1000|1|TRUE|QS|20260821,ok,,0.297999999995227
gfc_2005_2010,The global financial crisis period,101,gfc_2005_2010_w0101,2006-12-27,2007-12-27,2007-06-28,252,349,our_resampling,1,0.05,TRUE,0.001,5.57263651094233,2.10162780792428,1000,20306714,5,rolling_v1|our_resampling|252|5|0.05|1|1000|1|TRUE|QS|20260821,ok,,0.296999999991385
gfc_2005_2010,The global financial crisis period,102,gfc_2005_2010_w0102,2007-01-05,2008-01-04,2007-07-06,252,349,our_resampling,1,0.05,TRUE,0.009,4.16968894972488,1.99222709210005,1000,20306749,5,rolling_v1|our_resampling|252|5|0.05|1|1000|1|TRUE|QS|20260821,ok,,0.298999999999069
gfc_2005_2010,The global financial crisis period,103,gfc_2005_2010_w0103,2007-01-12,2008-01-11,2007-07-13,252,349,our_resampling,1,0.05,TRUE,0.002,5.24118920977382,1.91019948474282,1000,20306784,5,rolling_v1|our_resampling|252|5|0.05|1|1000|1|TRUE|QS|20260821,ok,,0.30000000000291
gfc_2005_2010,The global financial crisis period,104,gfc_2005_2010_w0104,2007-01-22,2008-01-18,2007-07-20,252,349,our_resampling,1,0.05,TRUE,0.001,5.00704257951759,1.92293342798872,1000,20306819,5,rolling_v1|our_resampling|252|5|0.05|1|1000|1|TRUE|QS|20260821,ok,,0.297999999995227
gfc_2005_2010,The global financial crisis period,105,gfc_2005_2010_w0105,2007-01-29,2008-01-28,2007-07-27,252,349,our_resampling,1,0.05,TRUE,0.001,5.25535958199032,1.87733698573009,1000,20306854,5,rolling_v1|our_resampling|252|5|0.05|1|1000|1|TRUE|QS|20260821,ok,,0.298999999999069
gfc_2005_2010,The global financial crisis period,106,gfc_2005_2010_w0106,2007-02-05,2008-02-04,2007-08-03,252,349,our_resampling,1,0.05,TRUE,0,5.32204902480908,1.77757092799976,1000,20306889,5,rolling_v1|our_resampling|252|5|0.05|1|1000|1|TRUE|QS|20260821,ok,,0.297999999995227
gfc_2005_2010,The global financial crisis period,107,gfc_2005_2010_w0107,2007-02-12,2008-02-11,2007-08-10,252,349,our_resampling,1,0.05,TRUE,0.001,4.54305877448635,1.844849743503,1000,20306924,5,rolling_v1|our_resampling|252|5|0.05|1|1000|1|TRUE|QS|20260821,ok,,0.297999999995227
gfc_2005_2010,The global financial crisis period,108,gfc_2005_2010_w0108,2007-02-20,2008-02-19,2007-08-17,252,349,our_resampling,1,0.05,TRUE,0.003,4.86008080462464,2.10876122130647,1000,20306959,5,rolling_v1|our_resampling|252|5|0.05|1|1000|1|TRUE|QS|20260821,ok,,0.293999999994412
gfc_2005_2010,The global financial crisis period,109,gfc_2005_2010_w0109,2007-02-27,2008-02-26,2007-08-24,252,349,our_resampling,1,0.05,TRUE,0.002,5.07454999006999,1.89470090390704,1000,20306994,5,rolling_v1|our_resampling|252|5|0.05|1|1000|1|TRUE|QS|20260821,ok,,0.298999999999069
gfc_2005_2010,The global financial crisis period,110,gfc_2005_2010_w0110,2007-03-06,2008-03-04,2007-08-31,252,349,our_resampling,1,0.05,TRUE,0.002,4.36126011266046,2.0730145721608,1000,20306713,5,rolling_v1|our_resampling|252|5|0.05|1|1000|1|TRUE|QS|20260821,ok,,0.298000000009779
gfc_2005_2010,The global financial crisis period,111,gfc_2005_2010_w0111,2007-03-13,2008-03-11,2007-09-10,252,349,our_resampling,1,0.05,TRUE,0.003,5.5552831508631,1.83769831219171,1000,20306748,5,rolling_v1|our_resampling|252|5|0.05|1|1000|1|TRUE|QS|20260821,ok,,0.297000000005937
gfc_2005_2010,The global financial crisis period,112,gfc_2005_2010_w0112,2007-03-20,2008-03-18,2007-09-17,252,349,our_resampling,1,0.05,TRUE,0.003,5.09899969649821,1.69140871723394,1000,20306783,5,rolling_v1|our_resampling|252|5|0.05|1|1000|1|TRUE|QS|20260821,ok,,0.297999999995227
gfc_2005_2010,The global financial crisis period,113,gfc_2005_2010_w0113,2007-03-27,2008-03-26,2007-09-24,252,349,our_resampling,1,0.05,TRUE,0.002,6.71516577172254,2.28559893452759,1000,20306818,5,rolling_v1|our_resampling|252|5|0.05|1|1000|1|TRUE|QS|20260821,ok,,0.298999999999069
gfc_2005_2010,The global financial crisis period,114,gfc_2005_2010_w0114,2007-04-03,2008-04-02,2007-10-01,252,349,our_resampling,1,0.05,TRUE,0.002,5.66655849997389,2.03537987186281,1000,20306853,5,rolling_v1|our_resampling|252|5|0.05|1|1000|1|TRUE|QS|20260821,ok,,0.297999999995227
gfc_2005_2010,The global financial crisis period,115,gfc_2005_2010_w0115,2007-04-11,2008-04-09,2007-10-08,252,349,our_resampling,1,0.05,TRUE,0,5.58029969120397,1.86531375247854,1000,20306888,5,rolling_v1|our_resampling|252|5|0.05|1|1000|1|TRUE|QS|20260821,ok,,0.297999999995227
gfc_2005_2010,The global financial crisis period,116,gfc_2005_2010_w0116,2007-04-18,2008-04-16,2007-10-15,252,349,our_resampling,1,0.05,TRUE,0.004,5.27267423223397,1.94642734256537,1000,20306923,5,rolling_v1|our_resampling|252|5|0.05|1|1000|1|TRUE|QS|20260821,ok,,0.296999999991385
gfc_2005_2010,The global financial crisis period,117,gfc_2005_2010_w0117,2007-04-25,2008-04-23,2007-10-22,252,349,our_resampling,1,0.05,TRUE,0.002,5.30391183332842,2.17181147751909,1000,20306958,5,rolling_v1|our_resampling|252|5|0.05|1|1000|1|TRUE|QS|20260821,ok,,0.297000000005937
gfc_2005_2010,The global financial crisis period,118,gfc_2005_2010_w0118,2007-05-02,2008-04-30,2007-10-29,252,349,our_resampling,1,0.05,TRUE,0.004,5.07514279282099,1.91615986920429,1000,20306993,5,rolling_v1|our_resampling|252|5|0.05|1|1000|1|TRUE|QS|20260821,ok,,0.297000000005937
gfc_2005_2010,The global financial crisis period,119,gfc_2005_2010_w0119,2007-05-09,2008-05-07,2007-11-05,252,349,our_resampling,1,0.05,TRUE,0,5.33696391937777,1.80539119599147,1000,20307028,5,rolling_v1|our_resampling|252|5|0.05|1|1000|1|TRUE|QS|20260821,ok,,0.296999999991385
gfc_2005_2010,The global financial crisis period,120,gfc_2005_2010_w0120,2007-05-16,2008-05-14,2007-11-12,252,349,our_resampling,1,0.05,TRUE,0.001,5.10525691498062,1.44198215027096,1000,20306747,5,rolling_v1|our_resampling|252|5|0.05|1|1000|1|TRUE|QS|20260821,ok,,0.293999999994412
gfc_2005_2010,The global financial crisis period,121,gfc_2005_2010_w0121,2007-05-23,2008-05-21,2007-11-19,252,349,our_resampling,1,0.05,TRUE,0.001,4.98743549781516,1.87635304983441,1000,20306782,5,rolling_v1|our_resampling|252|5|0.05|1|1000|1|TRUE|QS|20260821,ok,,0.297999999995227
gfc_2005_2010,The global financial crisis period,122,gfc_2005_2010_w0122,2007-05-31,2008-05-29,2007-11-27,252,349,our_resampling,1,0.05,TRUE,0.001,5.22326926527928,1.87250417501833,1000,20306817,5,rolling_v1|our_resampling|252|5|0.05|1|1000|1|TRUE|QS|20260821,ok,,0.309000000008382
gfc_2005_2010,The global financial crisis period,123,gfc_2005_2010_w0123,2007-06-07,2008-06-05,2007-12-04,252,349,our_resampling,1,0.05,TRUE,0.002,5.80137781336787,1.71703901202852,1000,20306852,5,rolling_v1|our_resampling|252|5|0.05|1|1000|1|TRUE|QS|20260821,ok,,0.297000000005937
gfc_2005_2010,The global financial crisis period,124,gfc_2005_2010_w0124,2007-06-14,2008-06-12,2007-12-11,252,349,our_resampling,1,0.05,TRUE,0.002,5.39841546403895,1.89413721501241,1000,20306887,5,rolling_v1|our_resampling|252|5|0.05|1|1000|1|TRUE|QS|20260821,ok,,0.297000000005937
gfc_2005_2010,The global financial crisis period,125,gfc_2005_2010_w0125,2007-06-21,2008-06-19,2007-12-18,252,349,our_resampling,1,0.05,TRUE,0.001,5.18264645248913,1.90241596820362,1000,20306922,5,rolling_v1|our_resampling|252|5|0.05|1|1000|1|TRUE|QS|20260821,ok,,0.296000000002096
gfc_2005_2010,The global financial crisis period,126,gfc_2005_2010_w0126,2007-06-28,2008-06-26,2007-12-26,252,349,our_resampling,1,0.05,TRUE,0.001,4.90370212603417,1.6568559082967,1000,20306957,5,rolling_v1|our_resampling|252|5|0.05|1|1000|1|TRUE|QS|20260821,ok,,0.296999999991385
gfc_2005_2010,The global financial crisis period,127,gfc_2005_2010_w0127,2007-07-06,2008-07-03,2008-01-03,252,349,our_resampling,1,0.05,TRUE,0.001,4.7787423613751,1.57991371716935,1000,20306992,5,rolling_v1|our_resampling|252|5|0.05|1|1000|1|TRUE|QS|20260821,ok,,0.305999999996857
gfc_2005_2010,The global financial crisis period,128,gfc_2005_2010_w0128,2007-07-13,2008-07-11,2008-01-10,252,349,our_resampling,1,0.05,TRUE,0,5.15212321425738,1.68679037475923,1000,20307027,5,rolling_v1|our_resampling|252|5|0.05|1|1000|1|TRUE|QS|20260821,ok,,0.297000000005937
gfc_2005_2010,The global financial crisis period,129,gfc_2005_2010_w0129,2007-07-20,2008-07-18,2008-01-17,252,349,our_resampling,1,0.05,TRUE,0.005,3.98113034970309,2.00577454369684,1000,20307062,5,rolling_v1|our_resampling|252|5|0.05|1|1000|1|TRUE|QS|20260821,ok,,0.297000000005937
gfc_2005_2010,The global financial crisis period,130,gfc_2005_2010_w0130,2007-07-27,2008-07-25,2008-01-25,252,349,our_resampling,1,0.05,TRUE,0.008,3.732926518138,1.89100027967156,1000,20306781,5,rolling_v1|our_resampling|252|5|0.05|1|1000|1|TRUE|QS|20260821,ok,,0.297999999995227
gfc_2005_2010,The global financial crisis period,131,gfc_2005_2010_w0131,2007-08-03,2008-08-01,2008-02-01,252,349,our_resampling,1,0.05,TRUE,0.012,3.22567199794138,1.89171210853469,1000,20306816,5,rolling_v1|our_resampling|252|5|0.05|1|1000|1|TRUE|QS|20260821,ok,,0.296999999991385
gfc_2005_2010,The global financial crisis period,132,gfc_2005_2010_w0132,2007-08-10,2008-08-08,2008-02-08,252,349,our_resampling,1,0.05,TRUE,0.009,3.51746581727536,1.81951620901538,1000,20306851,5,rolling_v1|our_resampling|252|5|0.05|1|1000|1|TRUE|QS|20260821,ok,,0.296999999991385
gfc_2005_2010,The global financial crisis period,133,gfc_2005_2010_w0133,2007-08-17,2008-08-15,2008-02-15,252,349,our_resampling,1,0.05,TRUE,0.015,3.15696996827956,1.91564612096644,1000,20306886,5,rolling_v1|our_resampling|252|5|0.05|1|1000|1|TRUE|QS|20260821,ok,,0.297999999995227
gfc_2005_2010,The global financial crisis period,134,gfc_2005_2010_w0134,2007-08-24,2008-08-22,2008-02-25,252,349,our_resampling,1,0.05,TRUE,0.017,2.81786005199622,1.81355636297649,1000,20306921,5,rolling_v1|our_resampling|252|5|0.05|1|1000|1|TRUE|QS|20260821,ok,,0.297999999995227
gfc_2005_2010,The global financial crisis period,135,gfc_2005_2010_w0135,2007-08-31,2008-08-29,2008-03-03,252,349,our_resampling,1,0.05,TRUE,0.023,2.60195790584869,1.96100186642119,1000,20306956,5,rolling_v1|our_resampling|252|5|0.05|1|1000|1|TRUE|QS|20260821,ok,,0.297999999995227
gfc_2005_2010,The global financial crisis period,136,gfc_2005_2010_w0136,2007-09-10,2008-09-08,2008-03-10,252,349,our_resampling,1,0.05,TRUE,0.028,2.29395915904293,1.71200386968144,1000,20306991,5,rolling_v1|our_resampling|252|5|0.05|1|1000|1|TRUE|QS|20260821,ok,,0.296999999991385
gfc_2005_2010,The global financial crisis period,137,gfc_2005_2010_w0137,2007-09-17,2008-09-15,2008-03-17,252,349,our_resampling,1,0.05,TRUE,0.033,2.23500226348076,1.80299192462935,1000,20307026,5,rolling_v1|our_resampling|252|5|0.05|1|1000|1|TRUE|QS|20260821,ok,,0.293999999994412
gfc_2005_2010,The global financial crisis period,138,gfc_2005_2010_w0138,2007-09-24,2008-09-22,2008-03-25,252,349,our_resampling,1,0.05,TRUE,0.042,3.69623723803425,3.39787121715191,1000,20307061,5,rolling_v1|our_resampling|252|5|0.05|1|1000|1|TRUE|QS|20260821,ok,,0.296999999991385
gfc_2005_2010,The global financial crisis period,139,gfc_2005_2010_w0139,2007-10-01,2008-09-29,2008-04-01,252,349,our_resampling,1,0.05,TRUE,0.044,3.47218208526182,3.143440123955,1000,20307096,5,rolling_v1|our_resampling|252|5|0.05|1|1000|1|TRUE|QS|20260821,ok,,0.296999999991385
gfc_2005_2010,The global financial crisis period,140,gfc_2005_2010_w0140,2007-10-08,2008-10-06,2008-04-08,252,349,our_resampling,1,0.05,FALSE,0.068,4.12608220551309,4.81034983024169,1000,20306815,5,rolling_v1|our_resampling|252|5|0.05|1|1000|1|TRUE|QS|20260821,ok,,0.297000000005937
gfc_2005_2010,The global financial crisis period,141,gfc_2005_2010_w0141,2007-10-15,2008-10-13,2008-04-15,252,349,our_resampling,1,0.05,FALSE,0.154,1.44954432540972,3.24042640304099,1000,20306850,5,rolling_v1|our_resampling|252|5|0.05|1|1000|1|TRUE|QS|20260821,ok,,0.297000000005937
gfc_2005_2010,The global financial crisis period,142,gfc_2005_2010_w0142,2007-10-22,2008-10-20,2008-04-22,252,349,our_resampling,1,0.05,FALSE,0.164,1.6844825896331,3.8986559717767,1000,20306885,5,rolling_v1|our_resampling|252|5|0.05|1|1000|1|TRUE|QS|20260821,ok,,0.30000000000291
gfc_2005_2010,The global financial crisis period,143,gfc_2005_2010_w0143,2007-10-29,2008-10-27,2008-04-29,252,349,our_resampling,1,0.05,FALSE,0.186,1.58216699634841,3.87894044731094,1000,20306920,5,rolling_v1|our_resampling|252|5|0.05|1|1000|1|TRUE|QS|20260821,ok,,0.297000000005937
gfc_2005_2010,The global financial crisis period,144,gfc_2005_2010_w0144,2007-11-05,2008-11-03,2008-05-06,252,349,our_resampling,1,0.05,FALSE,0.122,2.04818655946502,3.60013232751896,1000,20306955,5,rolling_v1|our_resampling|252|5|0.05|1|1000|1|TRUE|QS|20260821,ok,,0.298000000009779
gfc_2005_2010,The global financial crisis period,145,gfc_2005_2010_w0145,2007-11-12,2008-11-10,2008-05-13,252,349,our_resampling,1,0.05,FALSE,0.105,1.98695463135701,2.760942167821,1000,20306990,5,rolling_v1|our_resampling|252|5|0.05|1|1000|1|TRUE|QS|20260821,ok,,0.297000000005937
gfc_2005_2010,The global financial crisis period,146,gfc_2005_2010_w0146,2007-11-19,2008-11-17,2008-05-20,252,349,our_resampling,1,0.05,FALSE,0.072,2.83234325161743,3.57609763652421,1000,20307025,5,rolling_v1|our_resampling|252|5|0.05|1|1000|1|TRUE|QS|20260821,ok,,0.297000000005937
gfc_2005_2010,The global financial crisis period,147,gfc_2005_2010_w0147,2007-11-27,2008-11-24,2008-05-28,252,349,our_resampling,1,0.05,FALSE,0.182,1.30607139763017,4.21742105387673,1000,20307060,5,rolling_v1|our_resampling|252|5|0.05|1|1000|1|TRUE|QS|20260821,ok,,0.296999999991385
gfc_2005_2010,The global financial crisis period,148,gfc_2005_2010_w0148,2007-12-04,2008-12-02,2008-06-04,252,349,our_resampling,1,0.05,FALSE,0.125,1.98670033661821,3.97863027204753,1000,20307095,5,rolling_v1|our_resampling|252|5|0.05|1|1000|1|TRUE|QS|20260821,ok,,0.298000000009779
gfc_2005_2010,The global financial crisis period,149,gfc_2005_2010_w0149,2007-12-11,2008-12-09,2008-06-11,252,349,our_resampling,1,0.05,FALSE,0.142,1.59495929143394,3.74564394955203,1000,20307130,5,rolling_v1|our_resampling|252|5|0.05|1|1000|1|TRUE|QS|20260821,ok,,0.296000000002096
gfc_2005_2010,The global financial crisis period,150,gfc_2005_2010_w0150,2007-12-18,2008-12-16,2008-06-18,252,349,our_resampling,1,0.05,FALSE,0.143,1.732074090476,3.85169941837038,1000,20306849,5,rolling_v1|our_resampling|252|5|0.05|1|1000|1|TRUE|QS|20260821,ok,,0.301999999996042
gfc_2005_2010,The global financial crisis period,151,gfc_2005_2010_w0151,2007-12-26,2008-12-23,2008-06-25,252,349,our_resampling,1,0.05,FALSE,0.116,1.85904141273907,3.93108233656252,1000,20306884,5,rolling_v1|our_resampling|252|5|0.05|1|1000|1|TRUE|QS|20260821,ok,,0.297000000005937
gfc_2005_2010,The global financial crisis period,152,gfc_2005_2010_w0152,2008-01-03,2008-12-31,2008-07-02,252,349,our_resampling,1,0.05,FALSE,0.142,1.77570258626978,3.87563748660284,1000,20306919,5,rolling_v1|our_resampling|252|5|0.05|1|1000|1|TRUE|QS|20260821,ok,,0.297000000005937
gfc_2005_2010,The global financial crisis period,153,gfc_2005_2010_w0153,2008-01-10,2009-01-08,2008-07-10,252,349,our_resampling,1,0.05,FALSE,0.144,1.66659716040476,3.42773380266974,1000,20306954,5,rolling_v1|our_resampling|252|5|0.05|1|1000|1|TRUE|QS|20260821,ok,,0.297999999995227
gfc_2005_2010,The global financial crisis period,154,gfc_2005_2010_w0154,2008-01-17,2009-01-15,2008-07-17,252,349,our_resampling,1,0.05,FALSE,0.13,1.67296389997019,3.50226347884204,1000,20306989,5,rolling_v1|our_resampling|252|5|0.05|1|1000|1|TRUE|QS|20260821,ok,,0.304999999993015
gfc_2005_2010,The global financial crisis period,155,gfc_2005_2010_w0155,2008-01-25,2009-01-23,2008-07-24,252,349,our_resampling,1,0.05,FALSE,0.1,2.13682231051822,3.60731032032864,1000,20307024,5,rolling_v1|our_resampling|252|5|0.05|1|1000|1|TRUE|QS|20260821,ok,,0.297999999995227
gfc_2005_2010,The global financial crisis period,156,gfc_2005_2010_w0156,2008-02-01,2009-01-30,2008-07-31,252,349,our_resampling,1,0.05,FALSE,0.074,2.26807367149097,3.21443931553184,1000,20307059,5,rolling_v1|our_resampling|252|5|0.05|1|1000|1|TRUE|QS|20260821,ok,,0.301000000006752
gfc_2005_2010,The global financial crisis period,157,gfc_2005_2010_w0157,2008-02-08,2009-02-06,2008-08-07,252,349,our_resampling,1,0.05,FALSE,0.095,1.98453590164412,2.99979008450983,1000,20307094,5,rolling_v1|our_resampling|252|5|0.05|1|1000|1|TRUE|QS|20260821,ok,,0.297000000005937
gfc_2005_2010,The global financial crisis period,158,gfc_2005_2010_w0158,2008-02-15,2009-02-13,2008-08-14,252,349,our_resampling,1,0.05,FALSE,0.099,2.05127078606318,3.23845911007751,1000,20307129,5,rolling_v1|our_resampling|252|5|0.05|1|1000|1|TRUE|QS|20260821,ok,,0.296999999991385
gfc_2005_2010,The global financial crisis period,159,gfc_2005_2010_w0159,2008-02-25,2009-02-23,2008-08-21,252,349,our_resampling,1,0.05,FALSE,0.108,1.90061525846652,3.1158622586941,1000,20307164,5,rolling_v1|our_resampling|252|5|0.05|1|1000|1|TRUE|QS|20260821,ok,,0.296999999991385
gfc_2005_2010,The global financial crisis period,160,gfc_2005_2010_w0160,2008-03-03,2009-03-02,2008-08-28,252,349,our_resampling,1,0.05,FALSE,0.097,1.76071540915212,3.38107070614074,1000,20306883,5,rolling_v1|our_resampling|252|5|0.05|1|1000|1|TRUE|QS|20260821,ok,,0.296999999991385
gfc_2005_2010,The global financial crisis period,161,gfc_2005_2010_w0161,2008-03-10,2009-03-09,2008-09-05,252,349,our_resampling,1,0.05,FALSE,0.116,1.86223452566105,3.15672397823677,1000,20306918,5,rolling_v1|our_resampling|252|5|0.05|1|1000|1|TRUE|QS|20260821,ok,,0.297000000005937
gfc_2005_2010,The global financial crisis period,162,gfc_2005_2010_w0162,2008-03-17,2009-03-16,2008-09-12,252,349,our_resampling,1,0.05,FALSE,0.104,1.47525335795717,2.7107655209635,1000,20306953,5,rolling_v1|our_resampling|252|5|0.05|1|1000|1|TRUE|QS|20260821,ok,,0.297000000005937
gfc_2005_2010,The global financial crisis period,163,gfc_2005_2010_w0163,2008-03-25,2009-03-23,2008-09-19,252,349,our_resampling,1,0.05,FALSE,0.122,1.22079934583288,2.59762452653453,1000,20306988,5,rolling_v1|our_resampling|252|5|0.05|1|1000|1|TRUE|QS|20260821,ok,,0.297000000005937
gfc_2005_2010,The global financial crisis period,164,gfc_2005_2010_w0164,2008-04-01,2009-03-30,2008-09-26,252,349,our_resampling,1,0.05,FALSE,0.068,1.78949387024962,2.23295788965983,1000,20307023,5,rolling_v1|our_resampling|252|5|0.05|1|1000|1|TRUE|QS|20260821,ok,,0.296000000002096
gfc_2005_2010,The global financial crisis period,165,gfc_2005_2010_w0165,2008-04-08,2009-04-06,2008-10-03,252,349,our_resampling,1,0.05,FALSE,0.123,1.49571007202598,2.92616581759456,1000,20307058,5,rolling_v1|our_resampling|252|5|0.05|1|1000|1|TRUE|QS|20260821,ok,,0.296000000002096
gfc_2005_2010,The global financial crisis period,166,gfc_2005_2010_w0166,2008-04-15,2009-04-14,2008-10-10,252,349,our_resampling,1,0.05,FALSE,0.105,1.46085239840394,2.57313987666469,1000,20307093,5,rolling_v1|our_resampling|252|5|0.05|1|1000|1|TRUE|QS|20260821,ok,,0.296999999991385
gfc_2005_2010,The global financial crisis period,167,gfc_2005_2010_w0167,2008-04-22,2009-04-21,2008-10-17,252,349,our_resampling,1,0.05,FALSE,0.083,1.712342456347,2.24362844948694,1000,20307128,5,rolling_v1|our_resampling|252|5|0.05|1|1000|1|TRUE|QS|20260821,ok,,0.296000000002096
gfc_2005_2010,The global financial crisis period,168,gfc_2005_2010_w0168,2008-04-29,2009-04-28,2008-10-24,252,349,our_resampling,1,0.05,FALSE,0.086,1.71439374601787,2.5366115014605,1000,20307163,5,rolling_v1|our_resampling|252|5|0.05|1|1000|1|TRUE|QS|20260821,ok,,0.298000000009779
gfc_2005_2010,The global financial crisis period,169,gfc_2005_2010_w0169,2008-05-06,2009-05-05,2008-10-31,252,349,our_resampling,1,0.05,FALSE,0.098,1.71217139603091,2.59992293578234,1000,20307198,5,rolling_v1|our_resampling|252|5|0.05|1|1000|1|TRUE|QS|20260821,ok,,0.297000000005937
gfc_2005_2010,The global financial crisis period,170,gfc_2005_2010_w0170,2008-05-13,2009-05-12,2008-11-07,252,349,our_resampling,1,0.05,FALSE,0.064,1.92876417177996,2.36815996484433,1000,20306917,5,rolling_v1|our_resampling|252|5|0.05|1|1000|1|TRUE|QS|20260821,ok,,0.295999999987544
gfc_2005_2010,The global financial crisis period,171,gfc_2005_2010_w0171,2008-05-20,2009-05-19,2008-11-14,252,349,our_resampling,1,0.05,FALSE,0.071,1.98841797904315,2.51054399513009,1000,20306952,5,rolling_v1|our_resampling|252|5|0.05|1|1000|1|TRUE|QS|20260821,ok,,0.296999999991385
gfc_2005_2010,The global financial crisis period,172,gfc_2005_2010_w0172,2008-05-28,2009-05-27,2008-11-21,252,349,our_resampling,1,0.05,FALSE,0.053,2.04853302715631,2.10573094442622,1000,20306987,5,rolling_v1|our_resampling|252|5|0.05|1|1000|1|TRUE|QS|20260821,ok,,0.296999999991385
gfc_2005_2010,The global financial crisis period,173,gfc_2005_2010_w0173,2008-06-04,2009-06-03,2008-12-01,252,349,our_resampling,1,0.05,FALSE,0.067,2.00359151605311,2.26359445141373,1000,20307022,5,rolling_v1|our_resampling|252|5|0.05|1|1000|1|TRUE|QS|20260821,ok,,0.296999999991385
gfc_2005_2010,The global financial crisis period,174,gfc_2005_2010_w0174,2008-06-11,2009-06-10,2008-12-08,252,349,our_resampling,1,0.05,TRUE,0.048,2.00456123989176,1.95619134366088,1000,20307057,5,rolling_v1|our_resampling|252|5|0.05|1|1000|1|TRUE|QS|20260821,ok,,0.297000000005937
gfc_2005_2010,The global financial crisis period,175,gfc_2005_2010_w0175,2008-06-18,2009-06-17,2008-12-15,252,349,our_resampling,1,0.05,FALSE,0.076,1.93285019236806,2.42416517073763,1000,20307092,5,rolling_v1|our_resampling|252|5|0.05|1|1000|1|TRUE|QS|20260821,ok,,0.296999999991385
gfc_2005_2010,The global financial crisis period,176,gfc_2005_2010_w0176,2008-06-25,2009-06-24,2008-12-22,252,349,our_resampling,1,0.05,FALSE,0.068,1.93782112693654,2.30525929259544,1000,20307127,5,rolling_v1|our_resampling|252|5|0.05|1|1000|1|TRUE|QS|20260821,ok,,0.294999999998254
gfc_2005_2010,The global financial crisis period,177,gfc_2005_2010_w0177,2008-07-02,2009-07-01,2008-12-30,252,349,our_resampling,1,0.05,FALSE,0.062,1.9185040952896,2.14521885929416,1000,20307162,5,rolling_v1|our_resampling|252|5|0.05|1|1000|1|TRUE|QS|20260821,ok,,0.297999999995227
gfc_2005_2010,The global financial crisis period,178,gfc_2005_2010_w0178,2008-07-10,2009-07-09,2009-01-07,252,349,our_resampling,1,0.05,FALSE,0.068,1.81232590883396,2.23785843091452,1000,20307197,5,rolling_v1|our_resampling|252|5|0.05|1|1000|1|TRUE|QS|20260821,ok,,0.296000000002096
gfc_2005_2010,The global financial crisis period,179,gfc_2005_2010_w0179,2008-07-17,2009-07-16,2009-01-14,252,349,our_resampling,1,0.05,FALSE,0.069,1.82922408525602,2.17742541508549,1000,20307232,5,rolling_v1|our_resampling|252|5|0.05|1|1000|1|TRUE|QS|20260821,ok,,0.299999999988358
gfc_2005_2010,The global financial crisis period,180,gfc_2005_2010_w0180,2008-07-24,2009-07-23,2009-01-22,252,349,our_resampling,1,0.05,FALSE,0.065,1.91912386075685,2.25488466974663,1000,20306951,5,rolling_v1|our_resampling|252|5|0.05|1|1000|1|TRUE|QS|20260821,ok,,0.296000000002096
gfc_2005_2010,The global financial crisis period,181,gfc_2005_2010_w0181,2008-07-31,2009-07-30,2009-01-29,252,349,our_resampling,1,0.05,FALSE,0.072,1.84485831260711,2.51110730187022,1000,20306986,5,rolling_v1|our_resampling|252|5|0.05|1|1000|1|TRUE|QS|20260821,ok,,0.295999999987544
gfc_2005_2010,The global financial crisis period,182,gfc_2005_2010_w0182,2008-08-07,2009-08-06,2009-02-05,252,349,our_resampling,1,0.05,FALSE,0.073,1.76841087389877,2.14842556682506,1000,20307021,5,rolling_v1|our_resampling|252|5|0.05|1|1000|1|TRUE|QS|20260821,ok,,0.3009999999922
gfc_2005_2010,The global financial crisis period,183,gfc_2005_2010_w0183,2008-08-14,2009-08-13,2009-02-12,252,349,our_resampling,1,0.05,FALSE,0.06,1.78308609075348,1.91909633774043,1000,20307056,5,rolling_v1|our_resampling|252|5|0.05|1|1000|1|TRUE|QS|20260821,ok,,0.296000000002096
gfc_2005_2010,The global financial crisis period,184,gfc_2005_2010_w0184,2008-08-21,2009-08-20,2009-02-20,252,349,our_resampling,1,0.05,FALSE,0.065,1.79919382984003,2.35174355738737,1000,20307091,5,rolling_v1|our_resampling|252|5|0.05|1|1000|1|TRUE|QS|20260821,ok,,0.296000000002096
gfc_2005_2010,The global financial crisis period,185,gfc_2005_2010_w0185,2008-08-28,2009-08-27,2009-02-27,252,349,our_resampling,1,0.05,FALSE,0.068,1.75889280444215,2.14031573579316,1000,20307126,5,rolling_v1|our_resampling|252|5|0.05|1|1000|1|TRUE|QS|20260821,ok,,0.296000000002096
gfc_2005_2010,The global financial crisis period,186,gfc_2005_2010_w0186,2008-09-05,2009-09-03,2009-03-06,252,349,our_resampling,1,0.05,FALSE,0.066,1.70167677983649,1.91378027246289,1000,20307161,5,rolling_v1|our_resampling|252|5|0.05|1|1000|1|TRUE|QS|20260821,ok,,0.297000000005937
gfc_2005_2010,The global financial crisis period,187,gfc_2005_2010_w0187,2008-09-12,2009-09-11,2009-03-13,252,349,our_resampling,1,0.05,FALSE,0.081,1.63585799877696,2.13410589699682,1000,20307196,5,rolling_v1|our_resampling|252|5|0.05|1|1000|1|TRUE|QS|20260821,ok,,0.296999999991385
gfc_2005_2010,The global financial crisis period,188,gfc_2005_2010_w0188,2008-09-19,2009-09-18,2009-03-20,252,349,our_resampling,1,0.05,FALSE,0.09,1.47989918766599,2.09616450598718,1000,20307231,5,rolling_v1|our_resampling|252|5|0.05|1|1000|1|TRUE|QS|20260821,ok,,0.296999999991385
gfc_2005_2010,The global financial crisis period,189,gfc_2005_2010_w0189,2008-09-26,2009-09-25,2009-03-27,252,349,our_resampling,1,0.05,FALSE,0.105,1.35507800539563,2.46749213213047,1000,20307266,5,rolling_v1|our_resampling|252|5|0.05|1|1000|1|TRUE|QS|20260821,ok,,0.305000000007567
gfc_2005_2010,The global financial crisis period,190,gfc_2005_2010_w0190,2008-10-03,2009-10-02,2009-04-03,252,349,our_resampling,1,0.05,FALSE,0.143,0.94878754287033,2.35748214583536,1000,20306985,5,rolling_v1|our_resampling|252|5|0.05|1|1000|1|TRUE|QS|20260821,ok,,0.304000000003725
gfc_2005_2010,The global financial crisis period,191,gfc_2005_2010_w0191,2008-10-10,2009-10-09,2009-04-13,252,349,our_resampling,1,0.05,FALSE,0.108,1.40977156700382,2.72719154957614,1000,20307020,5,rolling_v1|our_resampling|252|5|0.05|1|1000|1|TRUE|QS|20260821,ok,,0.297000000005937
gfc_2005_2010,The global financial crisis period,192,gfc_2005_2010_w0192,2008-10-17,2009-10-16,2009-04-20,252,349,our_resampling,1,0.05,FALSE,0.148,0.988503718123668,2.71476333793823,1000,20307055,5,rolling_v1|our_resampling|252|5|0.05|1|1000|1|TRUE|QS|20260821,ok,,0.296999999991385
gfc_2005_2010,The global financial crisis period,193,gfc_2005_2010_w0193,2008-10-24,2009-10-23,2009-04-27,252,349,our_resampling,1,0.05,FALSE,0.181,1.07217200469388,3.40108878994089,1000,20307090,5,rolling_v1|our_resampling|252|5|0.05|1|1000|1|TRUE|QS|20260821,ok,,0.296000000002096
gfc_2005_2010,The global financial crisis period,194,gfc_2005_2010_w0194,2008-10-31,2009-10-30,2009-05-04,252,349,our_resampling,1,0.05,FALSE,0.144,1.15116768718903,2.5881357952104,1000,20307125,5,rolling_v1|our_resampling|252|5|0.05|1|1000|1|TRUE|QS|20260821,ok,,0.296999999991385
gfc_2005_2010,The global financial crisis period,195,gfc_2005_2010_w0195,2008-11-07,2009-11-06,2009-05-11,252,349,our_resampling,1,0.05,FALSE,0.156,1.12419805083397,2.99374286942654,1000,20307160,5,rolling_v1|our_resampling|252|5|0.05|1|1000|1|TRUE|QS|20260821,ok,,0.303999999989173
gfc_2005_2010,The global financial crisis period,196,gfc_2005_2010_w0196,2008-11-14,2009-11-13,2009-05-18,252,349,our_resampling,1,0.05,FALSE,0.228,0.538907624802975,3.27993266797975,1000,20307195,5,rolling_v1|our_resampling|252|5|0.05|1|1000|1|TRUE|QS|20260821,ok,,0.297000000005937
gfc_2005_2010,The global financial crisis period,197,gfc_2005_2010_w0197,2008-11-21,2009-11-20,2009-05-26,252,349,our_resampling,1,0.05,FALSE,0.118,1.31070744476131,2.55890479173168,1000,20307230,5,rolling_v1|our_resampling|252|5|0.05|1|1000|1|TRUE|QS|20260821,ok,,0.30000000000291
gfc_2005_2010,The global financial crisis period,198,gfc_2005_2010_w0198,2008-12-01,2009-11-30,2009-06-02,252,349,our_resampling,1,0.05,TRUE,0.018,3.44112090420355,2.31415609845822,1000,20307265,5,rolling_v1|our_resampling|252|5|0.05|1|1000|1|TRUE|QS|20260821,ok,,0.297999999995227
gfc_2005_2010,The global financial crisis period,199,gfc_2005_2010_w0199,2008-12-08,2009-12-07,2009-06-09,252,349,our_resampling,1,0.05,TRUE,0.033,3.16776546322201,2.57923780913844,1000,20307300,5,rolling_v1|our_resampling|252|5|0.05|1|1000|1|TRUE|QS|20260821,ok,,0.304000000003725
gfc_2005_2010,The global financial crisis period,200,gfc_2005_2010_w0200,2008-12-15,2009-12-14,2009-06-16,252,349,our_resampling,1,0.05,TRUE,0.037,2.65999069621296,2.35601100789931,1000,20306712,5,rolling_v1|our_resampling|252|5|0.05|1|1000|1|TRUE|QS|20260821,ok,,0.297000000005937
gfc_2005_2010,The global financial crisis period,201,gfc_2005_2010_w0201,2008-12-22,2009-12-21,2009-06-23,252,349,our_resampling,1,0.05,FALSE,0.053,2.3044065125887,2.43209142272886,1000,20306747,5,rolling_v1|our_resampling|252|5|0.05|1|1000|1|TRUE|QS|20260821,ok,,0.296000000002096
gfc_2005_2010,The global financial crisis period,202,gfc_2005_2010_w0202,2008-12-30,2009-12-29,2009-06-30,252,349,our_resampling,1,0.05,TRUE,0.046,2.28213113998798,2.16739819833535,1000,20306782,5,rolling_v1|our_resampling|252|5|0.05|1|1000|1|TRUE|QS|20260821,ok,,0.302999999999884
gfc_2005_2010,The global financial crisis period,203,gfc_2005_2010_w0203,2009-01-07,2010-01-06,2009-07-08,252,349,our_resampling,1,0.05,FALSE,0.067,2.34249160027379,2.82668876671384,1000,20306817,5,rolling_v1|our_resampling|252|5|0.05|1|1000|1|TRUE|QS|20260821,ok,,0.304000000003725
gfc_2005_2010,The global financial crisis period,204,gfc_2005_2010_w0204,2009-01-14,2010-01-13,2009-07-15,252,349,our_resampling,1,0.05,FALSE,0.053,2.63612543040729,2.71908560916771,1000,20306852,5,rolling_v1|our_resampling|252|5|0.05|1|1000|1|TRUE|QS|20260821,ok,,0.304000000003725
gfc_2005_2010,The global financial crisis period,205,gfc_2005_2010_w0205,2009-01-22,2010-01-21,2009-07-22,252,349,our_resampling,1,0.05,FALSE,0.134,1.39200638037927,2.46544731662247,1000,20306887,5,rolling_v1|our_resampling|252|5|0.05|1|1000|1|TRUE|QS|20260821,ok,,0.296000000002096
gfc_2005_2010,The global financial crisis period,206,gfc_2005_2010_w0206,2009-01-29,2010-01-28,2009-07-29,252,349,our_resampling,1,0.05,FALSE,0.127,1.0471067385491,2.04351237705986,1000,20306922,5,rolling_v1|our_resampling|252|5|0.05|1|1000|1|TRUE|QS|20260821,ok,,0.296999999991385
gfc_2005_2010,The global financial crisis period,207,gfc_2005_2010_w0207,2009-02-05,2010-02-04,2009-08-05,252,349,our_resampling,1,0.05,FALSE,0.105,1.38498292061097,2.31425551914363,1000,20306957,5,rolling_v1|our_resampling|252|5|0.05|1|1000|1|TRUE|QS|20260821,ok,,0.297000000005937
gfc_2005_2010,The global financial crisis period,208,gfc_2005_2010_w0208,2009-02-12,2010-02-11,2009-08-12,252,349,our_resampling,1,0.05,FALSE,0.131,1.2734837266777,2.38447879989818,1000,20306992,5,rolling_v1|our_resampling|252|5|0.05|1|1000|1|TRUE|QS|20260821,ok,,0.301999999996042
gfc_2005_2010,The global financial crisis period,209,gfc_2005_2010_w0209,2009-02-20,2010-02-19,2009-08-19,252,349,our_resampling,1,0.05,FALSE,0.097,1.5533524704774,2.30140080692678,1000,20307027,5,rolling_v1|our_resampling|252|5|0.05|1|1000|1|TRUE|QS|20260821,ok,,0.296999999991385
gfc_2005_2010,The global financial crisis period,210,gfc_2005_2010_w0210,2009-02-27,2010-02-26,2009-08-26,252,349,our_resampling,1,0.05,FALSE,0.148,1.12689925440384,2.59459058842692,1000,20306746,5,rolling_v1|our_resampling|252|5|0.05|1|1000|1|TRUE|QS|20260821,ok,,0.296000000002096
gfc_2005_2010,The global financial crisis period,211,gfc_2005_2010_w0211,2009-03-06,2010-03-05,2009-09-02,252,349,our_resampling,1,0.05,FALSE,0.075,2.11335944605191,2.68339639263239,1000,20306781,5,rolling_v1|our_resampling|252|5|0.05|1|1000|1|TRUE|QS|20260821,ok,,0.296999999991385
gfc_2005_2010,The global financial crisis period,212,gfc_2005_2010_w0212,2009-03-13,2010-03-12,2009-09-10,252,349,our_resampling,1,0.05,FALSE,0.056,3.42166357973586,3.60353213008221,1000,20306816,5,rolling_v1|our_resampling|252|5|0.05|1|1000|1|TRUE|QS|20260821,ok,,0.301000000006752
gfc_2005_2010,The global financial crisis period,213,gfc_2005_2010_w0213,2009-03-20,2010-03-19,2009-09-17,252,349,our_resampling,1,0.05,TRUE,0.029,4.0786422401694,3.13857874244389,1000,20306851,5,rolling_v1|our_resampling|252|5|0.05|1|1000|1|TRUE|QS|20260821,ok,,0.297000000005937
gfc_2005_2010,The global financial crisis period,214,gfc_2005_2010_w0214,2009-03-27,2010-03-26,2009-09-24,252,349,our_resampling,1,0.05,FALSE,0.065,2.32408774500508,2.58638227213727,1000,20306886,5,rolling_v1|our_resampling|252|5|0.05|1|1000|1|TRUE|QS|20260821,ok,,0.296000000002096
gfc_2005_2010,The global financial crisis period,215,gfc_2005_2010_w0215,2009-04-03,2010-04-05,2009-10-01,252,349,our_resampling,1,0.05,TRUE,0.038,3.24745510257633,2.77718352976326,1000,20306921,5,rolling_v1|our_resampling|252|5|0.05|1|1000|1|TRUE|QS|20260821,ok,,0.296000000002096
gfc_2005_2010,The global financial crisis period,216,gfc_2005_2010_w0216,2009-04-13,2010-04-12,2009-10-08,252,349,our_resampling,1,0.05,TRUE,0.009,6.28949204802692,3.01710486958866,1000,20306956,5,rolling_v1|our_resampling|252|5|0.05|1|1000|1|TRUE|QS|20260821,ok,,0.298000000009779
gfc_2005_2010,The global financial crisis period,217,gfc_2005_2010_w0217,2009-04-20,2010-04-19,2009-10-15,252,349,our_resampling,1,0.05,TRUE,0.013,4.6404674336075,2.62077936426339,1000,20306991,5,rolling_v1|our_resampling|252|5|0.05|1|1000|1|TRUE|QS|20260821,ok,,0.299999999988358
gfc_2005_2010,The global financial crisis period,218,gfc_2005_2010_w0218,2009-04-27,2010-04-26,2009-10-22,252,349,our_resampling,1,0.05,TRUE,0.039,2.45316855888515,2.09826198706505,1000,20307026,5,rolling_v1|our_resampling|252|5|0.05|1|1000|1|TRUE|QS|20260821,ok,,0.304000000003725
gfc_2005_2010,The global financial crisis period,219,gfc_2005_2010_w0219,2009-05-04,2010-05-03,2009-10-29,252,349,our_resampling,1,0.05,FALSE,0.058,2.0124232129196,2.08213624117695,1000,20307061,5,rolling_v1|our_resampling|252|5|0.05|1|1000|1|TRUE|QS|20260821,ok,,0.298999999999069
gfc_2005_2010,The global financial crisis period,220,gfc_2005_2010_w0220,2009-05-11,2010-05-10,2009-11-05,252,349,our_resampling,1,0.05,FALSE,0.139,1.02654977513746,2.29825778214947,1000,20306780,5,rolling_v1|our_resampling|252|5|0.05|1|1000|1|TRUE|QS|20260821,ok,,0.296000000002096
gfc_2005_2010,The global financial crisis period,221,gfc_2005_2010_w0221,2009-05-18,2010-05-17,2009-11-12,252,349,our_resampling,1,0.05,FALSE,0.224,0.317996402027289,1.72352600855504,1000,20306815,5,rolling_v1|our_resampling|252|5|0.05|1|1000|1|TRUE|QS|20260821,ok,,0.320999999996275
gfc_2005_2010,The global financial crisis period,222,gfc_2005_2010_w0222,2009-05-26,2010-05-24,2009-11-19,252,349,our_resampling,1,0.05,FALSE,0.188,0.530551460364527,1.87584706162437,1000,20306850,5,rolling_v1|our_resampling|252|5|0.05|1|1000|1|TRUE|QS|20260821,ok,,0.296000000002096
gfc_2005_2010,The global financial crisis period,223,gfc_2005_2010_w0223,2009-06-02,2010-06-01,2009-11-27,252,349,our_resampling,1,0.05,FALSE,0.228,0.279279270745979,1.68386661225998,1000,20306885,5,rolling_v1|our_resampling|252|5|0.05|1|1000|1|TRUE|QS|20260821,ok,,0.320999999996275
gfc_2005_2010,The global financial crisis period,224,gfc_2005_2010_w0224,2009-06-09,2010-06-08,2009-12-04,252,349,our_resampling,1,0.05,FALSE,0.281,0.120573108831238,1.84025283205713,1000,20306920,5,rolling_v1|our_resampling|252|5|0.05|1|1000|1|TRUE|QS|20260821,ok,,0.298000000009779
gfc_2005_2010,The global financial crisis period,225,gfc_2005_2010_w0225,2009-06-16,2010-06-15,2009-12-11,252,349,our_resampling,1,0.05,FALSE,0.192,0.474105064298905,1.86229941577807,1000,20306955,5,rolling_v1|our_resampling|252|5|0.05|1|1000|1|TRUE|QS|20260821,ok,,0.297000000005937
gfc_2005_2010,The global financial crisis period,226,gfc_2005_2010_w0226,2009-06-23,2010-06-22,2009-12-18,252,349,our_resampling,1,0.05,FALSE,0.244,0.295931579373021,1.90693671890914,1000,20306990,5,rolling_v1|our_resampling|252|5|0.05|1|1000|1|TRUE|QS|20260821,ok,,0.299000000013621
gfc_2005_2010,The global financial crisis period,227,gfc_2005_2010_w0227,2009-06-30,2010-06-29,2009-12-28,252,349,our_resampling,1,0.05,FALSE,0.26,0.233494069125132,1.86456683372127,1000,20307025,5,rolling_v1|our_resampling|252|5|0.05|1|1000|1|TRUE|QS|20260821,ok,,0.301999999996042
gfc_2005_2010,The global financial crisis period,228,gfc_2005_2010_w0228,2009-07-08,2010-07-07,2010-01-05,252,349,our_resampling,1,0.05,FALSE,0.314,0.0519542753938222,1.85513620824362,1000,20307060,5,rolling_v1|our_resampling|252|5|0.05|1|1000|1|TRUE|QS|20260821,ok,,0.297000000005937
gfc_2005_2010,The global financial crisis period,229,gfc_2005_2010_w0229,2009-07-15,2010-07-14,2010-01-12,252,349,our_resampling,1,0.05,FALSE,0.358,-0.0804173959302283,2.20255179624844,1000,20307095,5,rolling_v1|our_resampling|252|5|0.05|1|1000|1|TRUE|QS|20260821,ok,,0.295999999987544
gfc_2005_2010,The global financial crisis period,230,gfc_2005_2010_w0230,2009-07-22,2010-07-21,2010-01-20,252,349,our_resampling,1,0.05,FALSE,0.38,-0.096340062492193,2.0470331061285,1000,20306814,5,rolling_v1|our_resampling|252|5|0.05|1|1000|1|TRUE|QS|20260821,ok,,0.30000000000291
gfc_2005_2010,The global financial crisis period,231,gfc_2005_2010_w0231,2009-07-29,2010-07-28,2010-01-27,252,349,our_resampling,1,0.05,FALSE,0.34,-0.0370276979942488,2.00652592139898,1000,20306849,5,rolling_v1|our_resampling|252|5|0.05|1|1000|1|TRUE|QS|20260821,ok,,0.307000000000699
gfc_2005_2010,The global financial crisis period,232,gfc_2005_2010_w0232,2009-08-05,2010-08-04,2010-02-03,252,349,our_resampling,1,0.05,FALSE,0.271,0.145022393252421,1.96121737314308,1000,20306884,5,rolling_v1|our_resampling|252|5|0.05|1|1000|1|TRUE|QS|20260821,ok,,0.296999999991385
gfc_2005_2010,The global financial crisis period,233,gfc_2005_2010_w0233,2009-08-12,2010-08-11,2010-02-10,252,349,our_resampling,1,0.05,FALSE,0.318,0.0114256214832635,2.02276683604303,1000,20306919,5,rolling_v1|our_resampling|252|5|0.05|1|1000|1|TRUE|QS|20260821,ok,,0.298000000009779
gfc_2005_2010,The global financial crisis period,234,gfc_2005_2010_w0234,2009-08-19,2010-08-18,2010-02-18,252,349,our_resampling,1,0.05,FALSE,0.395,-0.100893772793003,2.19648395924426,1000,20306954,5,rolling_v1|our_resampling|252|5|0.05|1|1000|1|TRUE|QS|20260821,ok,,0.297000000005937
gfc_2005_2010,The global financial crisis period,235,gfc_2005_2010_w0235,2009-08-26,2010-08-25,2010-02-25,252,349,our_resampling,1,0.05,FALSE,0.362,-0.0861771187973067,2.28341479654527,1000,20306989,5,rolling_v1|our_resampling|252|5|0.05|1|1000|1|TRUE|QS|20260821,ok,,0.297000000005937
gfc_2005_2010,The global financial crisis period,236,gfc_2005_2010_w0236,2009-09-02,2010-09-01,2010-03-04,252,349,our_resampling,1,0.05,FALSE,0.22,0.366219189450215,1.8139141025046,1000,20307024,5,rolling_v1|our_resampling|252|5|0.05|1|1000|1|TRUE|QS|20260821,ok,,0.296000000002096
gfc_2005_2010,The global financial crisis period,237,gfc_2005_2010_w0237,2009-09-10,2010-09-09,2010-03-11,252,349,our_resampling,1,0.05,FALSE,0.201,0.397134847574581,1.61674232495926,1000,20307059,5,rolling_v1|our_resampling|252|5|0.05|1|1000|1|TRUE|QS|20260821,ok,,0.297000000005937
gfc_2005_2010,The global financial crisis period,238,gfc_2005_2010_w0238,2009-09-17,2010-09-16,2010-03-18,252,349,our_resampling,1,0.05,FALSE,0.202,0.451450695180372,1.78905193359483,1000,20307094,5,rolling_v1|our_resampling|252|5|0.05|1|1000|1|TRUE|QS|20260821,ok,,0.297000000005937
gfc_2005_2010,The global financial crisis period,239,gfc_2005_2010_w0239,2009-09-24,2010-09-23,2010-03-25,252,349,our_resampling,1,0.05,FALSE,0.22,0.403026645758482,1.89787192870188,1000,20307129,5,rolling_v1|our_resampling|252|5|0.05|1|1000|1|TRUE|QS|20260821,ok,,0.297000000005937
gfc_2005_2010,The global financial crisis period,240,gfc_2005_2010_w0240,2009-10-01,2010-09-30,2010-04-01,252,349,our_resampling,1,0.05,FALSE,0.17,0.608187814334604,1.81379924637101,1000,20306848,5,rolling_v1|our_resampling|252|5|0.05|1|1000|1|TRUE|QS|20260821,ok,,0.296000000002096
gfc_2005_2010,The global financial crisis period,241,gfc_2005_2010_w0241,2009-10-08,2010-10-07,2010-04-09,252,349,our_resampling,1,0.05,FALSE,0.123,1.04575963253875,2.18647440791557,1000,20306883,5,rolling_v1|our_resampling|252|5|0.05|1|1000|1|TRUE|QS|20260821,ok,,0.299999999988358
gfc_2005_2010,The global financial crisis period,242,gfc_2005_2010_w0242,2009-10-15,2010-10-14,2010-04-16,252,349,our_resampling,1,0.05,FALSE,0.111,1.06837038798184,1.88892621092327,1000,20306918,5,rolling_v1|our_resampling|252|5|0.05|1|1000|1|TRUE|QS|20260821,ok,,0.296999999991385
gfc_2005_2010,The global financial crisis period,243,gfc_2005_2010_w0243,2009-10-22,2010-10-21,2010-04-23,252,349,our_resampling,1,0.05,FALSE,0.125,0.986577092753815,1.95143782688545,1000,20306953,5,rolling_v1|our_resampling|252|5|0.05|1|1000|1|TRUE|QS|20260821,ok,,0.296999999991385
gfc_2005_2010,The global financial crisis period,244,gfc_2005_2010_w0244,2009-10-29,2010-10-28,2010-04-30,252,349,our_resampling,1,0.05,FALSE,0.12,0.910441902721521,1.90187903626317,1000,20306988,5,rolling_v1|our_resampling|252|5|0.05|1|1000|1|TRUE|QS|20260821,ok,,0.296000000002096
gfc_2005_2010,The global financial crisis period,245,gfc_2005_2010_w0245,2009-11-05,2010-11-04,2010-05-07,252,349,our_resampling,1,0.05,FALSE,0.285,0.204325763242963,1.73040474782017,1000,20307023,5,rolling_v1|our_resampling|252|5|0.05|1|1000|1|TRUE|QS|20260821,ok,,0.299999999988358
gfc_2005_2010,The global financial crisis period,246,gfc_2005_2010_w0246,2009-11-12,2010-11-11,2010-05-14,252,349,our_resampling,1,0.05,FALSE,0.28,0.237072212631931,1.84106641869891,1000,20307058,5,rolling_v1|our_resampling|252|5|0.05|1|1000|1|TRUE|QS|20260821,ok,,0.297000000005937
gfc_2005_2010,The global financial crisis period,247,gfc_2005_2010_w0247,2009-11-19,2010-11-18,2010-05-21,252,349,our_resampling,1,0.05,FALSE,0.212,0.328616651839272,1.72204192514636,1000,20307093,5,rolling_v1|our_resampling|252|5|0.05|1|1000|1|TRUE|QS|20260821,ok,,0.309000000008382
gfc_2005_2010,The global financial crisis period,248,gfc_2005_2010_w0248,2009-11-27,2010-11-26,2010-05-28,252,349,our_resampling,1,0.05,FALSE,0.277,0.216540949787316,1.86319136735585,1000,20307128,5,rolling_v1|our_resampling|252|5|0.05|1|1000|1|TRUE|QS|20260821,ok,,0.298000000009779
gfc_2005_2010,The global financial crisis period,249,gfc_2005_2010_w0249,2009-12-04,2010-12-03,2010-06-07,252,349,our_resampling,1,0.05,FALSE,0.326,0.00303486320539445,2.15763291349316,1000,20307163,5,rolling_v1|our_resampling|252|5|0.05|1|1000|1|TRUE|QS|20260821,ok,,0.319000000003143
gfc_2005_2010,The global financial crisis period,250,gfc_2005_2010_w0250,2009-12-11,2010-12-10,2010-06-14,252,349,our_resampling,1,0.05,FALSE,0.327,-0.0242215310603308,1.78855071257968,1000,20306882,5,rolling_v1|our_resampling|252|5|0.05|1|1000|1|TRUE|QS|20260821,ok,,0.305999999996857
gfc_2005_2010,The global financial crisis period,251,gfc_2005_2010_w0251,2009-12-18,2010-12-17,2010-06-21,252,349,our_resampling,1,0.05,FALSE,0.369,-0.116747077406578,1.95387517043135,1000,20306917,5,rolling_v1|our_resampling|252|5|0.05|1|1000|1|TRUE|QS|20260821,ok,,0.330999999991036
gfc_2005_2010,The global financial crisis period,252,gfc_2005_2010_w0252,2009-12-28,2010-12-27,2010-06-28,252,349,our_resampling,1,0.05,FALSE,0.358,-0.0688123284764411,2.00522609902237,1000,20306952,5,rolling_v1|our_resampling|252|5|0.05|1|1000|1|TRUE|QS|20260821,ok,,0.3009999999922
